seq,step,kind,exp,wave,tau,sync_bad,hero,white_flags,white_count,white_img,indigo_img,claws,spray,boat_tau,events_passed
R,2,Initialise,0,0,-7.889253653,0,172feed9ab691c94,55873fecc61a79e8,0,ca4b2c32ecd8b922,ca4b2c32ecd8b922,4e6b2ff3cdc6b0bf,ac6b9b6252b7a150,-7.889253653,
R,3,Advance,0.03125,0.03125,-7.858003653,0,33e72926208f6c1a,55873fecc61a79e8,0,7b19e6c456e810b9,7b19e6c456e810b9,8480a4431255ae39,ac6b9b6252b7a150,-7.858003653,
R,4,Advance,0.0625,0.0625,-7.826753653,0,c78d8b841bf28eef,55873fecc61a79e8,0,6ce1668c00a8ebc5,6ce1668c00a8ebc5,5f31ad7a742a0827,ac6b9b6252b7a150,-7.826753653,
R,5,Advance,0.09375,0.09375,-7.795503653,0,50f93342290aca59,55873fecc61a79e8,0,fd17d1cd776175f2,fd17d1cd776175f2,97cd37cea31d2a4a,ac6b9b6252b7a150,-7.795503653,
R,6,Advance,0.125,0.125,-7.764253653,0,43f8b93381be665d,55873fecc61a79e8,0,2a6a2cac807e139c,2a6a2cac807e139c,093620dca88516b7,ac6b9b6252b7a150,-7.764253653,
R,7,Advance,0.15625,0.15625,-7.733003653,0,ee76f77b368a0bd3,55873fecc61a79e8,0,fa959687b225ccf9,fa959687b225ccf9,949d4da96e1c9e55,ac6b9b6252b7a150,-7.733003653,
R,8,Advance,0.1875,0.1875,-7.701753653,0,9b3e57da15ff2091,55873fecc61a79e8,0,fe014cd6a6705201,fe014cd6a6705201,b5f4c9404d267c09,ac6b9b6252b7a150,-7.701753653,
R,9,Advance,0.21875,0.21875,-7.670503653,0,3364d2b3ea91d185,55873fecc61a79e8,0,93d8df89fb359e5b,93d8df89fb359e5b,c03015d02c00d76f,ac6b9b6252b7a150,-7.670503653,
R,10,Advance,0.25,0.25,-7.639253653,0,e8b9299724e8ac05,55873fecc61a79e8,0,87aa84b472cb0668,87aa84b472cb0668,c32a7e8c9b98a3a7,ac6b9b6252b7a150,-7.639253653,
R,11,Advance,0.28125,0.28125,-7.608003653,0,7c28173b4d8f882d,55873fecc61a79e8,0,4724691f6ebd0233,4724691f6ebd0233,5416f1f6130b98ac,ac6b9b6252b7a150,-7.608003653,
R,12,Advance,0.3125,0.3125,-7.576753653,0,d28fa50c72389e4c,55873fecc61a79e8,0,56057c142daaf468,56057c142daaf468,a00f99dc6b66c2cb,ac6b9b6252b7a150,-7.576753653,
R,13,Advance,0.34375,0.34375,-7.545503653,0,0eb326ad6c113851,55873fecc61a79e8,0,6a5da636386a1673,6a5da636386a1673,29445b06ddb89e35,ac6b9b6252b7a150,-7.545503653,
R,14,Advance,0.375,0.375,-7.514253653,0,b658575d901bdf22,55873fecc61a79e8,0,d7bae244c591514b,d7bae244c591514b,6f4db603eae0b178,ac6b9b6252b7a150,-7.514253653,
R,15,Advance,0.40625,0.40625,-7.483003653,0,36bc8742d507b43c,55873fecc61a79e8,0,e363ff9bbab18b93,e363ff9bbab18b93,a73083ea7ababa16,ac6b9b6252b7a150,-7.483003653,
R,16,Advance,0.4375,0.4375,-7.451753653,0,2a041f2420028433,55873fecc61a79e8,0,b87f885aaf97caa8,b87f885aaf97caa8,adfe52e021e310c2,ac6b9b6252b7a150,-7.451753653,
R,17,Advance,0.46875,0.46875,-7.420503653,0,e8ce162ae80daf1f,55873fecc61a79e8,0,cbfc9f707209cde6,cbfc9f707209cde6,f2cd1364ade97d63,ac6b9b6252b7a150,-7.420503653,
R,18,Advance,0.5,0.5,-7.389253653,0,2c83e2f886f068e6,55873fecc61a79e8,0,10078762f02238d9,10078762f02238d9,c02f143bbfb6159d,ac6b9b6252b7a150,-7.389253653,
R,19,Advance,0.53125,0.53125,-7.358003653,0,092f667824ce109f,55873fecc61a79e8,0,30cced1208b35255,30cced1208b35255,86021fa755252323,ac6b9b6252b7a150,-7.358003653,
R,20,Advance,0.5625,0.5625,-7.326753653,0,3ca10923adc15c27,55873fecc61a79e8,0,e0b23b78bb345263,e0b23b78bb345263,ec25acdada19aec6,ac6b9b6252b7a150,-7.326753653,
R,21,Advance,0.59375,0.59375,-7.295503653,0,e9c729b56ab380f8,55873fecc61a79e8,0,5018dfa4b82d3349,5018dfa4b82d3349,c3333b19a9e02f13,ac6b9b6252b7a150,-7.295503653,
R,22,Advance,0.625,0.625,-7.264253653,0,7302ebd9881575ce,55873fecc61a79e8,0,1f054ff7dc1418ed,1f054ff7dc1418ed,060e14b2ea235af8,ac6b9b6252b7a150,-7.264253653,
R,23,Advance,0.65625,0.65625,-7.233003653,0,a6f12a0843b63cd3,55873fecc61a79e8,0,7ee4e4025474e16f,7ee4e4025474e16f,341d6e27e2a7621c,ac6b9b6252b7a150,-7.233003653,
R,24,Advance,0.6875,0.6875,-7.201753653,0,1af0e8b82ed4e0ab,55873fecc61a79e8,0,305d0afd9a18386d,305d0afd9a18386d,ee4e81c2492bce19,ac6b9b6252b7a150,-7.201753653,
R,25,Advance,0.71875,0.71875,-7.170503653,0,f96c21fb846e39e1,55873fecc61a79e8,0,285f1164f2e47aca,285f1164f2e47aca,1ffff38c3832a731,ac6b9b6252b7a150,-7.170503653,
R,26,Advance,0.75,0.75,-7.139253653,0,8451e8dd49173cce,55873fecc61a79e8,0,12aeee830423afd3,12aeee830423afd3,a89142dd476bff8b,ac6b9b6252b7a150,-7.139253653,
R,27,Advance,0.78125,0.78125,-7.108003653,0,131038355f7a74e9,55873fecc61a79e8,0,7bfabab702123296,7bfabab702123296,bde68c5a620adbf7,ac6b9b6252b7a150,-7.108003653,
R,28,Advance,0.8125,0.8125,-7.076753653,0,9d8b9429478ba1fd,55873fecc61a79e8,0,36f3a3db89c07f4b,36f3a3db89c07f4b,01516b75db61178e,ac6b9b6252b7a150,-7.076753653,
R,29,Advance,0.84375,0.84375,-7.045503653,0,13f6d4296f4cc6c7,55873fecc61a79e8,0,7718363de1526b85,7718363de1526b85,26568cf8c7c91a05,ac6b9b6252b7a150,-7.045503653,
R,30,Advance,0.875,0.875,-7.014253653,0,ad2fcfa271d7ae52,55873fecc61a79e8,0,9c9cfc524042ffec,9c9cfc524042ffec,efbb290efc14d8a9,ac6b9b6252b7a150,-7.014253653,
R,31,Advance,0.90625,0.90625,-6.983003653,0,19dbbc9b3c3f2109,55873fecc61a79e8,0,7eeca61b69825762,7eeca61b69825762,8e3471b87589c56d,ac6b9b6252b7a150,-6.983003653,
R,32,Advance,0.9375,0.9375,-6.951753653,0,b363a361df93f4fd,55873fecc61a79e8,0,f9e35cbccaedaadb,f9e35cbccaedaadb,adca1e13cef7e078,ac6b9b6252b7a150,-6.951753653,
R,33,Advance,0.96875,0.96875,-6.920503653,0,2b9d6c48b27b26c4,55873fecc61a79e8,0,8fadbe4bfc80f079,8fadbe4bfc80f079,d0c9ade0c15154f8,ac6b9b6252b7a150,-6.920503653,
R,34,Advance,1,1,-6.889253653,0,84a2d6b4a2f136f9,55873fecc61a79e8,0,63824ad79910023f,63824ad79910023f,8cf7252e2379ace5,ac6b9b6252b7a150,-6.889253653,
R,35,Advance,1.03125,1.03125,-6.858003653,0,10a909b8a93451c4,55873fecc61a79e8,0,e5e92a7b10fbf214,e5e92a7b10fbf214,c924591ad7bbf8f1,ac6b9b6252b7a150,-6.858003653,
R,36,Advance,1.0625,1.0625,-6.826753653,0,1b935b27f3a4da42,55873fecc61a79e8,0,8a372fbf000bbae3,8a372fbf000bbae3,573855f2ffedaa6a,ac6b9b6252b7a150,-6.826753653,
R,37,Advance,1.09375,1.09375,-6.795503653,0,dd47d0e7eb99fd8a,55873fecc61a79e8,0,451002fcd2326c4d,451002fcd2326c4d,d0586b1b6e02f6c1,ac6b9b6252b7a150,-6.795503653,
R,38,Advance,1.125,1.125,-6.764253653,0,70752f894bcb3d52,55873fecc61a79e8,0,d570254533b8299e,d570254533b8299e,171ab36aa9613d57,ac6b9b6252b7a150,-6.764253653,
R,39,Advance,1.15625,1.15625,-6.733003653,0,e32932df5f81aa4a,55873fecc61a79e8,0,0515f359c2280093,0515f359c2280093,8bb349921243aa30,ac6b9b6252b7a150,-6.733003653,
R,40,Advance,1.1875,1.1875,-6.701753653,0,c92058c9b57647df,55873fecc61a79e8,0,2b467e31afcf3939,2b467e31afcf3939,c59b4d5903753f2f,ac6b9b6252b7a150,-6.701753653,
R,41,Advance,1.21875,1.21875,-6.670503653,0,e87371d7c3682a44,55873fecc61a79e8,0,0d67a4c566d3755e,0d67a4c566d3755e,3e5eed5f56e97310,ac6b9b6252b7a150,-6.670503653,
R,42,Advance,1.25,1.25,-6.639253653,0,74c438a968a95ea9,55873fecc61a79e8,0,d03092c5d9840b1a,d03092c5d9840b1a,ef849ab10d3ed241,ac6b9b6252b7a150,-6.639253653,
R,43,Advance,1.28125,1.28125,-6.608003653,0,feccc3209b8a6a7d,55873fecc61a79e8,0,2b39501220ffb918,2b39501220ffb918,6f195aaadeeb4c7a,ac6b9b6252b7a150,-6.608003653,
R,44,Advance,1.3125,1.3125,-6.576753653,0,06efcd6e57377bd1,55873fecc61a79e8,0,be90998cf2ec2ed7,be90998cf2ec2ed7,75bafd136efa25f1,ac6b9b6252b7a150,-6.576753653,
R,45,Advance,1.34375,1.34375,-6.545503653,0,ad43f70849e026f8,55873fecc61a79e8,0,3ebafcf66db2221f,3ebafcf66db2221f,6ce8c532d8301ada,ac6b9b6252b7a150,-6.545503653,
R,46,Advance,1.375,1.375,-6.514253653,0,3d7a077324a38d55,55873fecc61a79e8,0,526cc5b7254751bb,526cc5b7254751bb,90c7594f7700a460,ac6b9b6252b7a150,-6.514253653,
R,47,Advance,1.40625,1.40625,-6.483003653,0,0979933013ad9b6c,55873fecc61a79e8,0,b8f2fc7c2803f06d,b8f2fc7c2803f06d,2e5c55d7dc198588,ac6b9b6252b7a150,-6.483003653,
R,48,Advance,1.4375,1.4375,-6.451753653,0,56a16d36e4fa829c,55873fecc61a79e8,0,9792c0c63706183c,9792c0c63706183c,8c2786e2d06d3396,ac6b9b6252b7a150,-6.451753653,
R,49,Advance,1.46875,1.46875,-6.420503653,0,aed9ee3655c68166,55873fecc61a79e8,0,d0e8956c3ad6aa89,d0e8956c3ad6aa89,7158ac635c13e556,ac6b9b6252b7a150,-6.420503653,
R,50,Advance,1.5,1.5,-6.389253653,0,42bc9862a0699918,55873fecc61a79e8,0,352efaf1bfe30f3c,352efaf1bfe30f3c,96a386de0f1fd865,ac6b9b6252b7a150,-6.389253653,
R,51,Advance,1.53125,1.53125,-6.358003653,0,d3500a9fcaeea24f,55873fecc61a79e8,0,90b19e462d87626b,90b19e462d87626b,a811a7c746e33da7,ac6b9b6252b7a150,-6.358003653,
R,52,Advance,1.5625,1.5625,-6.326753653,0,72c2b6c841024e8b,55873fecc61a79e8,0,fdce28b3dee57736,fdce28b3dee57736,4175964febc6f735,ac6b9b6252b7a150,-6.326753653,
R,53,Advance,1.59375,1.59375,-6.295503653,0,91d3e7539e0546f7,55873fecc61a79e8,0,9e19953aac607d08,9e19953aac607d08,385fec016ed490fc,ac6b9b6252b7a150,-6.295503653,
R,54,Advance,1.625,1.625,-6.264253653,0,5365f38b3ca901e0,55873fecc61a79e8,0,1398022745c7f3c8,1398022745c7f3c8,7dd6c2d99e3b2946,ac6b9b6252b7a150,-6.264253653,
R,55,Advance,1.65625,1.65625,-6.233003653,0,3291a6e798f90130,55873fecc61a79e8,0,d82f9c1b01ff7c7d,d82f9c1b01ff7c7d,5f879d61c3518a22,ac6b9b6252b7a150,-6.233003653,
R,56,Advance,1.6875,1.6875,-6.201753653,0,a0b852293d046b50,55873fecc61a79e8,0,cdf59fd54966a4fd,cdf59fd54966a4fd,beb349786349f7ad,ac6b9b6252b7a150,-6.201753653,
R,57,Advance,1.71875,1.71875,-6.170503653,0,3fd50aab6c3f1ada,55873fecc61a79e8,0,2625f1528a7cb1a8,2625f1528a7cb1a8,1d5c3700b03a5cb4,ac6b9b6252b7a150,-6.170503653,
R,58,Advance,1.75,1.75,-6.139253653,0,27e5830d14aa6d6e,55873fecc61a79e8,0,2d32bb797f3fd451,2d32bb797f3fd451,92adf70486c34464,ac6b9b6252b7a150,-6.139253653,
R,59,Advance,1.78125,1.78125,-6.108003653,0,51c032826e919090,55873fecc61a79e8,0,43f24958de263a02,43f24958de263a02,873a0559b0d9e744,ac6b9b6252b7a150,-6.108003653,
R,60,Advance,1.8125,1.8125,-6.076753653,0,f7823c891f8b0fb4,55873fecc61a79e8,0,2c5e206eeefb6cf8,2c5e206eeefb6cf8,399be163eb9ab209,ac6b9b6252b7a150,-6.076753653,
R,61,Advance,1.84375,1.84375,-6.045503653,0,053fd5bcebbaea71,55873fecc61a79e8,0,4184131d3d8b5328,4184131d3d8b5328,1ddd6c0e48f06144,ac6b9b6252b7a150,-6.045503653,
R,62,Advance,1.875,1.875,-6.014253653,0,5c90cabf67cb0b1c,55873fecc61a79e8,0,746c2f271126a241,746c2f271126a241,db06d9c792701c89,ac6b9b6252b7a150,-6.014253653,
R,63,Advance,1.90625,1.90625,-5.983003653,0,2584b4dd74813c85,55873fecc61a79e8,0,050ba1b964b5c3ed,050ba1b964b5c3ed,2969da4c9bfe37ed,ac6b9b6252b7a150,-5.983003653,
R,64,Advance,1.9375,1.9375,-5.951753653,0,42e0685539b57ae4,55873fecc61a79e8,0,8fbd63421495089a,8fbd63421495089a,e41d90149010ab16,ac6b9b6252b7a150,-5.951753653,
R,65,Advance,1.96875,1.96875,-5.920503653,0,8d4e526fda6dad1f,55873fecc61a79e8,0,075fa85133d6cc20,075fa85133d6cc20,cdfad7bd5e333abb,ac6b9b6252b7a150,-5.920503653,
R,66,Advance,2,2,-5.889253653,0,2a81a9bb93278be6,55873fecc61a79e8,0,09e723b186af9ff8,09e723b186af9ff8,c8d05c29da508527,ac6b9b6252b7a150,-5.889253653,formation_start
R,67,Advance,2.03125,2.03125,-5.858003653,0,07bad24f968db69e,55873fecc61a79e8,0,dbef15cc4d3bc1a1,dbef15cc4d3bc1a1,56d1860f628e1542,ac6b9b6252b7a150,-5.858003653,formation_start
R,68,Advance,2.0625,2.0625,-5.826753653,0,96c68c8127516fd1,55873fecc61a79e8,0,b8cdf2bb4938a7a4,b8cdf2bb4938a7a4,71d32acd54f00d4b,ac6b9b6252b7a150,-5.826753653,formation_start
R,69,Advance,2.09375,2.09375,-5.795503653,0,aaaeb2d44cc32aea,55873fecc61a79e8,0,4912bbe4af099592,4912bbe4af099592,4393be7756c8de75,ac6b9b6252b7a150,-5.795503653,formation_start
R,70,Advance,2.125,2.125,-5.764253653,0,823c3b7b19eb2de5,55873fecc61a79e8,0,05dd858534674392,05dd858534674392,296170606d666f9f,ac6b9b6252b7a150,-5.764253653,formation_start
R,71,Advance,2.15625,2.15625,-5.733003653,0,6fc8aea59092cab5,55873fecc61a79e8,0,059159b8bed3ebc7,059159b8bed3ebc7,c22c700e25f97aa9,ac6b9b6252b7a150,-5.733003653,formation_start
R,72,Advance,2.1875,2.1875,-5.701753653,0,cb34d0c577470e1b,55873fecc61a79e8,0,994aeca0777adfb2,994aeca0777adfb2,867a198df9fd6eae,ac6b9b6252b7a150,-5.701753653,formation_start
R,73,Advance,2.21875,2.21875,-5.670503653,0,4ad6f4b2c3bc6cfc,55873fecc61a79e8,0,8989c871fa3ec553,8989c871fa3ec553,404d9114eabacffc,ac6b9b6252b7a150,-5.670503653,formation_start
R,74,Advance,2.25,2.25,-5.639253653,0,11460c7a25723af2,55873fecc61a79e8,0,4f531c4c77375df3,4f531c4c77375df3,702a0e58f3d5d213,ac6b9b6252b7a150,-5.639253653,formation_start
R,75,Advance,2.28125,2.28125,-5.608003653,0,826f8223f34b8ede,55873fecc61a79e8,0,b6a4d42ed3e1ef0b,b6a4d42ed3e1ef0b,c3db4ba6de411c87,ac6b9b6252b7a150,-5.608003653,formation_start
R,76,Advance,2.3125,2.3125,-5.576753653,0,49b97c5825cbba58,55873fecc61a79e8,0,e89529b1928d2d58,e89529b1928d2d58,7ee93e011bd2caa3,ac6b9b6252b7a150,-5.576753653,formation_start
R,77,Advance,2.34375,2.34375,-5.545503653,0,9da63a2774ee95a7,55873fecc61a79e8,0,cb72c70bda53be03,cb72c70bda53be03,83b42f54cac5cff7,ac6b9b6252b7a150,-5.545503653,formation_start
R,78,Advance,2.375,2.375,-5.514253653,0,a785cc5bcbc4c982,55873fecc61a79e8,0,3e8eaada8d6b9753,3e8eaada8d6b9753,91d6b862a15e57cf,ac6b9b6252b7a150,-5.514253653,formation_start
R,79,Advance,2.40625,2.40625,-5.483003653,0,3973a1ee1bd97e20,55873fecc61a79e8,0,5860b111a6e4602d,5860b111a6e4602d,568cf28a22a05674,ac6b9b6252b7a150,-5.483003653,formation_start
R,80,Advance,2.4375,2.4375,-5.451753653,0,a22c7fb35a1c2099,55873fecc61a79e8,0,a457468e3bfc3f2c,a457468e3bfc3f2c,24481ed53ea4da6c,ac6b9b6252b7a150,-5.451753653,formation_start
R,81,Advance,2.46875,2.46875,-5.420503653,0,a28d9d303f6d97ff,55873fecc61a79e8,0,9ec9facdc62fb6f2,9ec9facdc62fb6f2,7fa643fcb74b80b7,ac6b9b6252b7a150,-5.420503653,formation_start
R,82,Advance,2.5,2.5,-5.389253653,0,ecfde9a23f13ad2d,55873fecc61a79e8,0,51cb749e4d9916f6,51cb749e4d9916f6,9ec44219dcd436a4,ac6b9b6252b7a150,-5.389253653,formation_start
R,83,Advance,2.53125,2.53125,-5.358003653,0,69f8e0b3400db9b3,55873fecc61a79e8,0,3cc44f22db7866ca,3cc44f22db7866ca,c95cca7c9eec69e8,ac6b9b6252b7a150,-5.358003653,formation_start
R,84,Advance,2.5625,2.5625,-5.326753653,0,23f6ef49fcf23869,55873fecc61a79e8,0,fff37b12bd12f2aa,fff37b12bd12f2aa,4f28d934ac745bd0,ac6b9b6252b7a150,-5.326753653,formation_start
R,85,Advance,2.59375,2.59375,-5.295503653,0,80003f34b84a3192,55873fecc61a79e8,0,89cf58f333950cbd,89cf58f333950cbd,c9f980737bd7205d,ac6b9b6252b7a150,-5.295503653,formation_start
R,86,Advance,2.625,2.625,-5.264253653,0,e65853f4a353882b,55873fecc61a79e8,0,6f0a230f5e75bcec,6f0a230f5e75bcec,3d7bacd5e19d4e8e,ac6b9b6252b7a150,-5.264253653,formation_start
R,87,Advance,2.65625,2.65625,-5.233003653,0,7929873f6f258747,55873fecc61a79e8,0,4c77a194d8fdedc8,4c77a194d8fdedc8,89aa5fb7d3e52991,ac6b9b6252b7a150,-5.233003653,formation_start
R,88,Advance,2.6875,2.6875,-5.201753653,0,0bf4ebfb199c6268,55873fecc61a79e8,0,81a289f8678bb048,81a289f8678bb048,cb9b5c097175e99a,ac6b9b6252b7a150,-5.201753653,formation_start
R,89,Advance,2.71875,2.71875,-5.170503653,0,c311ea7e96272163,55873fecc61a79e8,0,d2dc7a9ec01ee9f7,d2dc7a9ec01ee9f7,019f212493336913,ac6b9b6252b7a150,-5.170503653,formation_start
R,90,Advance,2.75,2.75,-5.139253653,0,8926ad4d32e7b9e8,55873fecc61a79e8,0,66f5e187f2b90aee,66f5e187f2b90aee,7b467f873e36e111,ac6b9b6252b7a150,-5.139253653,formation_start
R,91,Advance,2.78125,2.78125,-5.108003653,0,c2e8b3e989e2f3e2,55873fecc61a79e8,0,4907f913db72da4c,4907f913db72da4c,f2979b98a53c8afd,ac6b9b6252b7a150,-5.108003653,formation_start
R,92,Advance,2.8125,2.8125,-5.076753653,0,33c2929d541229bd,55873fecc61a79e8,0,f2e12b0b0cccf6a0,f2e12b0b0cccf6a0,038c7d054b435656,ac6b9b6252b7a150,-5.076753653,formation_start
R,93,Advance,2.84375,2.84375,-5.045503653,0,1631935efcd03e10,55873fecc61a79e8,0,2713a99d68a0208b,2713a99d68a0208b,6d2cb5e3cce7f0ac,ac6b9b6252b7a150,-5.045503653,formation_start
R,94,Advance,2.875,2.875,-5.014253653,0,bb856b1af6094086,55873fecc61a79e8,0,0326954cae5f2cc9,0326954cae5f2cc9,5570837ac40525fe,ac6b9b6252b7a150,-5.014253653,formation_start
R,95,Advance,2.90625,2.90625,-4.983003653,0,951f31a8595b68e2,55873fecc61a79e8,0,b748a8d3d9e006c5,b748a8d3d9e006c5,57679933716af535,ac6b9b6252b7a150,-4.983003653,formation_start
R,96,Advance,2.9375,2.9375,-4.951753653,0,ff77081049130573,55873fecc61a79e8,0,2dcad2e7812cd485,2dcad2e7812cd485,72886ece4da29dd5,ac6b9b6252b7a150,-4.951753653,formation_start
R,97,Advance,2.96875,2.96875,-4.920503653,0,e2799796c5f30dfd,55873fecc61a79e8,0,f95e7aac076390b0,f95e7aac076390b0,7dbf993273436952,ac6b9b6252b7a150,-4.920503653,formation_start
R,98,Advance,3,3,-4.889253653,0,f50bc0306f37e3e6,55873fecc61a79e8,0,8e631f269f927ece,8e631f269f927ece,f2117f71ade46eb9,ac6b9b6252b7a150,-4.889253653,formation_start
R,99,Advance,3.03125,3.03125,-4.858003653,0,eb2cd6589617424c,55873fecc61a79e8,0,f2d110a038f0f0c5,f2d110a038f0f0c5,42b3152eb84bdc73,ac6b9b6252b7a150,-4.858003653,formation_start
R,100,Advance,3.0625,3.0625,-4.826753653,0,f21939cdcad8a5f7,55873fecc61a79e8,0,006abf573acb7d69,006abf573acb7d69,22ba0e5578f1c5ea,ac6b9b6252b7a150,-4.826753653,formation_start
R,101,Advance,3.09375,3.09375,-4.795503653,0,52320442e6b47d75,55873fecc61a79e8,0,3793c6eac226d614,3793c6eac226d614,c5ed8267ea6cd01f,ac6b9b6252b7a150,-4.795503653,formation_start
R,102,Advance,3.125,3.125,-4.764253653,0,dccb39589703a343,55873fecc61a79e8,0,72c1fc6c9ac4a84f,72c1fc6c9ac4a84f,e71198b046fe9f6d,ac6b9b6252b7a150,-4.764253653,formation_start
R,103,Advance,3.15625,3.15625,-4.733003653,0,684f0d38424e4e1e,55873fecc61a79e8,0,ab511a7d51efadc0,ab511a7d51efadc0,74d32ad374cce527,ac6b9b6252b7a150,-4.733003653,formation_start
R,104,Advance,3.1875,3.1875,-4.701753653,0,0ffeb9d7e4c3932c,55873fecc61a79e8,0,ec14e8d4a2f922e2,ec14e8d4a2f922e2,dcfcabf41e7ac72e,ac6b9b6252b7a150,-4.701753653,formation_start
R,105,Advance,3.21875,3.21875,-4.670503653,0,0544935c3d84f32c,55873fecc61a79e8,0,b01617c09ee03338,b01617c09ee03338,eeba09885627c8b9,ac6b9b6252b7a150,-4.670503653,formation_start
R,106,Advance,3.25,3.25,-4.639253653,0,733978eb51d1b83a,55873fecc61a79e8,0,5d8390783cb0a194,5d8390783cb0a194,ac25e292ed819384,ac6b9b6252b7a150,-4.639253653,formation_start
R,107,Advance,3.28125,3.28125,-4.608003653,0,bf361d02b0843003,55873fecc61a79e8,0,ce1876773b01236e,ce1876773b01236e,0116656d4e30032f,ac6b9b6252b7a150,-4.608003653,formation_start
R,108,Advance,3.3125,3.3125,-4.576753653,0,05d4f5b27769a825,55873fecc61a79e8,0,316a983f0f70f697,316a983f0f70f697,bfc0565ccda7cf11,ac6b9b6252b7a150,-4.576753653,formation_start
R,109,Advance,3.34375,3.34375,-4.545503653,0,d65c6f3080e1b936,55873fecc61a79e8,0,cc8615055f1a08a6,cc8615055f1a08a6,4cdf94928415693a,ac6b9b6252b7a150,-4.545503653,formation_start
R,110,Advance,3.375,3.375,-4.514253653,0,593b71af10cf0ae2,55873fecc61a79e8,0,531f5c38f09f05f3,531f5c38f09f05f3,4a1c723b4f771aaf,ac6b9b6252b7a150,-4.514253653,formation_start
R,111,Advance,3.40625,3.40625,-4.483003653,0,b53defce85213dd2,55873fecc61a79e8,0,703176cd5fe3ca18,703176cd5fe3ca18,155d794901c9cc09,ac6b9b6252b7a150,-4.483003653,formation_start
R,112,Advance,3.4375,3.4375,-4.451753653,0,8f5a7ef00eb94340,55873fecc61a79e8,0,3b86d8372090aa94,3b86d8372090aa94,d1961474d7c3883e,ac6b9b6252b7a150,-4.451753653,formation_start
R,113,Advance,3.46875,3.46875,-4.420503653,0,2903743d9ac4cefe,55873fecc61a79e8,0,d779fbb4e532f007,d779fbb4e532f007,4369e41e11c414c8,ac6b9b6252b7a150,-4.420503653,formation_start
R,114,Advance,3.5,3.5,-4.389253653,0,d713caa1fa65d778,55873fecc61a79e8,0,507e87edaed9735a,507e87edaed9735a,8bc5a6c8714ba5fc,ac6b9b6252b7a150,-4.389253653,formation_start
R,115,Advance,3.53125,3.53125,-4.358003653,0,774627cbc2967caf,55873fecc61a79e8,0,071261c860162b9d,071261c860162b9d,e35f141bcfe2a597,ac6b9b6252b7a150,-4.358003653,formation_start
R,116,Advance,3.5625,3.5625,-4.326753653,0,d53ebf54ff9fe091,55873fecc61a79e8,0,14f251f0472f2f30,14f251f0472f2f30,ab7828aa345664c2,ac6b9b6252b7a150,-4.326753653,formation_start
R,117,Advance,3.59375,3.59375,-4.295503653,0,0228d33a2a74c6e8,55873fecc61a79e8,0,9687a93d921c4ded,9687a93d921c4ded,9346842efbd165bd,ac6b9b6252b7a150,-4.295503653,formation_start
R,118,Advance,3.625,3.625,-4.264253653,0,a9e4fa91c2a2dd35,55873fecc61a79e8,0,277101df357f151a,277101df357f151a,330d04c59699d14e,ac6b9b6252b7a150,-4.264253653,formation_start
R,119,Advance,3.65625,3.65625,-4.233003653,0,538dfafffd13bcc5,55873fecc61a79e8,0,3c36914a31347c22,3c36914a31347c22,8a7cf234e49af9ae,ac6b9b6252b7a150,-4.233003653,formation_start
R,120,Advance,3.6875,3.6875,-4.201753653,0,68c955c414d2c5c9,55873fecc61a79e8,0,7457ac258dd2de9c,7457ac258dd2de9c,fd64e9c36ce55b85,ac6b9b6252b7a150,-4.201753653,formation_start
R,121,Advance,3.71875,3.71875,-4.1705042,0,2da922dfe901f124,55873fecc61a79e8,0,a9ed5c52c69c4180,a9ed5c52c69c4180,dd5be289f753dbb8,ac6b9b6252b7a150,-4.1705042,formation_start
R,122,Advance,3.75,3.75,-4.139262912,0,397fd57169bce5b3,55873fecc61a79e8,0,bb10767b683deb2c,bb10767b683deb2c,bdc545fdc0a34552,ac6b9b6252b7a150,-4.139262912,formation_start
R,123,Advance,3.78125,3.78125,-4.1080509175,0,2e757ad6892c625d,55873fecc61a79e8,0,ba932f83d12a40d6,ba932f83d12a40d6,17b7eaff778a8ae0,ac6b9b6252b7a150,-4.1080509175,formation_start
R,124,Advance,3.8125,3.8125,-4.076900402,0,8b028ddd267f74ab,55873fecc61a79e8,0,b7decfd6a0ed2dc3,b7decfd6a0ed2dc3,98e0163b43d89001,ac6b9b6252b7a150,-4.076900402,formation_start
R,125,Advance,3.84375,3.84375,-4.0458538970000006,0,921ab3c571594cbb,55873fecc61a79e8,0,2bf4d35d0d500ea0,2bf4d35d0d500ea0,eb03ce636b8b9da1,ac6b9b6252b7a150,-4.0458538970000006,formation_start
R,126,Advance,3.875,3.875,-4.01495875,0,ea24ea5c77aa7925,55873fecc61a79e8,0,7f4ceb67b98ff135,7f4ceb67b98ff135,e802fcd2046b2663,ac6b9b6252b7a150,-4.01495875,formation_start
R,127,Advance,3.90625,3.90625,-3.9842693455,0,f0616112f7525a99,55873fecc61a79e8,0,e4c68f8aa8514425,e4c68f8aa8514425,f68475550bea1279,ac6b9b6252b7a150,-3.9842693455,formation_start
R,128,Advance,3.9375,3.9375,-3.953838418,0,77ecb0c36c7cb061,55873fecc61a79e8,0,0c5a1d7203abec7a,0c5a1d7203abec7a,6391676a59fb0ce4,ac6b9b6252b7a150,-3.953838418,formation_start
R,129,Advance,3.96875,3.96875,-3.9237232095000003,0,e591afeb1355859a,55873fecc61a79e8,0,7ad33c563a3f9afd,7ad33c563a3f9afd,a932811d767083a3,ac6b9b6252b7a150,-3.9237232095000003,formation_start
R,130,Advance,4,4,-3.893973415,0,463a7b1155e8b36b,55873fecc61a79e8,0,c2a80e11e611b957,c2a80e11e611b957,fe41001ed565eef9,ac6b9b6252b7a150,-3.893973415,formation_start
R,131,Advance,4.03125,4.03125,-3.864641679,0,330b565148c1b194,55873fecc61a79e8,0,f3a8bda88f797d73,f3a8bda88f797d73,d400e7009eab1ddb,ac6b9b6252b7a150,-3.864641679,formation_start
R,132,Advance,4.0625,4.0625,-3.835768477,0,030fefb61db8d20c,55873fecc61a79e8,0,9c5b6845bb3599d1,9c5b6845bb3599d1,a048f3616ee2aa3d,ac6b9b6252b7a150,-3.835768477,formation_start
R,133,Advance,4.09375,4.09375,-3.807396712,0,b52f0d9f67b48a84,55873fecc61a79e8,0,a4e0610c361d2085,a4e0610c361d2085,4745525ab18499a3,ac6b9b6252b7a150,-3.807396712,formation_start
R,134,Advance,4.125,4.125,-3.779554149,0,471245006ead993a,55873fecc61a79e8,0,85f6894c9d21dc3b,85f6894c9d21dc3b,22d846762363d37d,ac6b9b6252b7a150,-3.779554149,formation_start
R,135,Advance,4.15625,4.15625,-3.7522713625,0,b732fa7f31056d7d,55873fecc61a79e8,0,c6918af44241ef9e,c6918af44241ef9e,e1ac5829e328fc13,ac6b9b6252b7a150,-3.7522713625,formation_start
R,136,Advance,4.1875,4.1875,-3.725562445,0,09d0061c37f13e61,55873fecc61a79e8,0,5adf0950b677de16,5adf0950b677de16,2ec3b24f40cb3498,ac6b9b6252b7a150,-3.725562445,formation_start
R,137,Advance,4.21875,4.21875,-3.6994452705,0,f937a983b45d5f47,55873fecc61a79e8,0,9fcb0e845410cb24,9fcb0e845410cb24,6d6cb350597bc48a,ac6b9b6252b7a150,-3.6994452705,formation_start
R,138,Advance,4.25,4.25,-3.673921224,0,e882adf41e5dd1f2,55873fecc61a79e8,0,bbfa6869d755c2a6,bbfa6869d755c2a6,7704a8a250fb42f7,ac6b9b6252b7a150,-3.673921224,formation_start
R,139,Advance,4.28125,4.28125,-3.6489966715,0,a9848f6e01fed7b6,55873fecc61a79e8,0,ac00062ba3ce97ad,ac00062ba3ce97ad,471087cd3c57a789,ac6b9b6252b7a150,-3.6489966715,formation_start
R,140,Advance,4.3125,4.3125,-3.624662402,0,0739e8b2d78c89f9,55873fecc61a79e8,0,2a03001cbe54ebf4,2a03001cbe54ebf4,11ad55d21a246fba,ac6b9b6252b7a150,-3.624662402,formation_start
R,141,Advance,4.34375,4.34375,-3.6009153155,0,a8cece9d9647273e,55873fecc61a79e8,0,c6c126971cd0626c,c6c126971cd0626c,ac4531979e533864,ac6b9b6252b7a150,-3.6009153155,formation_start
R,142,Advance,4.375,4.375,-3.577738166,0,b9bc84a35e10a559,55873fecc61a79e8,0,f2176e815861b318,f2176e815861b318,fd26592a9535b723,ac6b9b6252b7a150,-3.577738166,formation_start
R,143,Advance,4.40625,4.40625,-3.55512068,0,409b0da1b72cf670,55873fecc61a79e8,0,a62051fe847c605a,a62051fe847c605a,52f26b6906348a03,ac6b9b6252b7a150,-3.55512068,formation_start
R,144,Advance,4.4375,4.4375,-3.533040089,0,bdda0fe93e2fe95b,55873fecc61a79e8,0,bf3d68fcc03e5ae0,bf3d68fcc03e5ae0,226c794c6d5a3573,ac6b9b6252b7a150,-3.533040089,formation_start
R,145,Advance,4.46875,4.46875,-3.5114811075,0,e14a8d0139c09e49,55873fecc61a79e8,0,68e4e5299803c7c3,68e4e5299803c7c3,ec361bca00a87a06,ac6b9b6252b7a150,-3.5114811075,formation_start
R,146,Advance,4.5,4.5,-3.49041762,0,f4c5894540ac7d6a,55873fecc61a79e8,0,e2538300b7c95a1c,e2538300b7c95a1c,8837df02c1182146,ac6b9b6252b7a150,-3.49041762,formation_start
R,147,Advance,4.53125,4.53125,-3.4698311520000003,0,a92db5ddf9b69830,55873fecc61a79e8,0,1efbd1a933989dfe,1efbd1a933989dfe,2135bbd284552015,ac6b9b6252b7a150,-3.4698311520000003,formation_start
R,148,Advance,4.5625,4.5625,-3.449693969,0,c44770381f4af87b,55873fecc61a79e8,0,203c0516e8ac01ff,203c0516e8ac01ff,9d685d306d8ee437,ac6b9b6252b7a150,-3.449693969,formation_start
R,149,Advance,4.59375,4.59375,-3.4299858355,0,7126f97f3f364409,55873fecc61a79e8,0,ae7457496281f944,ae7457496281f944,d1834d34344afc50,ac6b9b6252b7a150,-3.4299858355,formation_start
R,150,Advance,4.625,4.625,-3.410678678,0,25228096e0e6af84,55873fecc61a79e8,0,23d6aa7dd0027e1a,23d6aa7dd0027e1a,0da5e4030b8a3912,ac6b9b6252b7a150,-3.410678678,formation_start
R,151,Advance,4.65625,4.65625,-3.3917515500000004,0,1892fbe25c68e6e5,55873fecc61a79e8,0,dd544d0c363c42a9,dd544d0c363c42a9,0c4af44d364a79f0,ac6b9b6252b7a150,-3.3917515500000004,formation_start
R,152,Advance,4.6875,4.6875,-3.373176931,0,3e573498bbe314da,55873fecc61a79e8,0,dee1761e4536a21c,dee1761e4536a21c,1fdbdb3d894b2030,ac6b9b6252b7a150,-3.373176931,formation_start
R,153,Advance,4.71875,4.71875,-3.3549338965,0,3232f4cf8126ac9d,55873fecc61a79e8,0,424b0aa5a2a25738,424b0aa5a2a25738,bccd7af133e9c414,ac6b9b6252b7a150,-3.3549338965,formation_start
R,154,Advance,4.75,4.75,-3.336996068,0,fc0afc7cc2ee5b7e,55873fecc61a79e8,0,6d58c301cf1339c8,6d58c301cf1339c8,07a331a242dc5794,ac6b9b6252b7a150,-3.336996068,formation_start
R,155,Advance,4.78125,4.78125,-3.319343031,0,d7b58a048c092561,55873fecc61a79e8,0,70c814bb96357c3d,70c814bb96357c3d,a13c1cbfcf595cbf,ac6b9b6252b7a150,-3.319343031,formation_start
R,156,Advance,4.8125,4.8125,-3.301949912,0,40ef8830b99e0009,55873fecc61a79e8,0,f1acfd1f6cfeb19c,f1acfd1f6cfeb19c,cdcde68018bfb0a3,ac6b9b6252b7a150,-3.301949912,formation_start
R,157,Advance,4.84375,4.84375,-3.284797126,0,4e7523b486fd4fd3,55873fecc61a79e8,0,6506fecc0f95d820,6506fecc0f95d820,8aec074df240b482,ac6b9b6252b7a150,-3.284797126,formation_start
R,158,Advance,4.875,4.875,-3.267861518,0,3901409af16407da,55873fecc61a79e8,0,cffe684f575f8dd5,cffe684f575f8dd5,6b8a28de084e9154,ac6b9b6252b7a150,-3.267861518,formation_start
R,159,Advance,4.90625,4.90625,-3.251124539,0,c78abda6d092e8f3,55873fecc61a79e8,0,4e88a289a6cfa327,4e88a289a6cfa327,11bd77536f31655e,ac6b9b6252b7a150,-3.251124539,formation_start
R,160,Advance,4.9375,4.9375,-3.234564873,0,369954c2b73b1b3e,55873fecc61a79e8,0,341bc77ddb2fa0cc,341bc77ddb2fa0cc,fd0812c935d50930,ac6b9b6252b7a150,-3.234564873,formation_start
R,161,Advance,4.96875,4.96875,-3.2181651589999998,0,306a0823907aab87,55873fecc61a79e8,0,0f89d7a668e43384,0f89d7a668e43384,b9c3258edf85c30b,ac6b9b6252b7a150,-3.2181651589999998,formation_start
R,162,Advance,5,5,-3.201906002,0,f41b8d8c6bbe9d97,55873fecc61a79e8,0,71ad9c06318c811b,71ad9c06318c811b,12b8a9b477565d41,ac6b9b6252b7a150,-3.201906002,formation_start
R,163,Advance,5.03125,5.03125,-3.185771359,0,5182ad33f083991a,55873fecc61a79e8,0,20f2dfa48001ac56,20f2dfa48001ac56,27e9d33ff2ba2880,ac6b9b6252b7a150,-3.185771359,formation_start
R,164,Advance,5.0625,5.0625,-3.169743837,0,8da87cb2935b826f,55873fecc61a79e8,0,7b150d98ba5fd6a9,7b150d98ba5fd6a9,ec042bd99085ff92,ac6b9b6252b7a150,-3.169743837,formation_start
R,165,Advance,5.09375,5.09375,-3.1538088605,0,2835203e8fc8df79,55873fecc61a79e8,0,f089c8530eec3812,f089c8530eec3812,304e41a9074bae8e,ac6b9b6252b7a150,-3.1538088605,formation_start
R,166,Advance,5.125,5.125,-3.137951149,0,6a1972406c15a2ee,55873fecc61a79e8,0,b26c942773b00b45,b26c942773b00b45,20779ec209723964,ac6b9b6252b7a150,-3.137951149,formation_start
R,167,Advance,5.15625,5.15625,-3.1221577954999997,0,6e751c2f7cd75ee8,55873fecc61a79e8,0,5a66ae8f4da5cff8,5a66ae8f4da5cff8,632645b06e18a670,ac6b9b6252b7a150,-3.1221577954999997,formation_start
R,168,Advance,5.1875,5.1875,-3.106415793,0,705dcf781697a8dd,55873fecc61a79e8,0,e4ccd509f54fb1fa,e4ccd509f54fb1fa,458fae3c2a5c155e,ac6b9b6252b7a150,-3.106415793,formation_start
R,169,Advance,5.21875,5.21875,-3.0907141769999997,0,5ed896d51bd0a52f,55873fecc61a79e8,0,6fae54abee974d16,6fae54abee974d16,f0967514d3463ecb,ac6b9b6252b7a150,-3.0907141769999997,formation_start
R,170,Advance,5.25,5.25,-3.075042455,0,1315f03045f3f30d,55873fecc61a79e8,0,4d4fd1e08f81dd14,4d4fd1e08f81dd14,3d4035f8ae2c0769,ac6b9b6252b7a150,-3.075042455,formation_start
R,171,Advance,5.28125,5.28125,-3.059391969,0,f166a53b62ce44a1,55873fecc61a79e8,0,410bbcf3042f74a8,410bbcf3042f74a8,2c403ba8ea2b8a15,ac6b9b6252b7a150,-3.059391969,formation_start
R,172,Advance,5.3125,5.3125,-3.043755072,0,c2535a9d013eb079,55873fecc61a79e8,0,0e7f0efe156f4f8b,0e7f0efe156f4f8b,b81b8cbf89d50ffc,ac6b9b6252b7a150,-3.043755072,formation_start
R,173,Advance,5.34375,5.34375,-3.028125887,0,0788486176cc20e8,55873fecc61a79e8,0,ff8d4b942e690863,ff8d4b942e690863,4a2689976dbd83d5,ac6b9b6252b7a150,-3.028125887,formation_start
R,174,Advance,5.375,5.375,-3.012500035,0,97920518ce7d29c2,55873fecc61a79e8,0,d2a0e6c8a0a10de7,d2a0e6c8a0a10de7,ae128c2b048a0801,ac6b9b6252b7a150,-3.012500035,formation_start
R,175,Advance,5.40625,5.40625,-2.9968750005,0,0f4f60ef193ae125,55873fecc61a79e8,0,3c6d47ccb28b9567,3c6d47ccb28b9567,e9cb935374b2ce2d,ac6b9b6252b7a150,-2.9968750005,formation_start
R,176,Advance,5.4375,5.4375,-2.98125,0,e83fb46464bbe506,55873fecc61a79e8,0,3762ea313961a54e,3762ea313961a54e,8152b6dd79b220f9,ac6b9b6252b7a150,-2.98125,formation_start
R,177,Advance,5.46875,5.46875,-2.9656250005,0,d938f7380c754197,55873fecc61a79e8,0,13a10e63421229ce,13a10e63421229ce,e4489ada8a9b91af,ac6b9b6252b7a150,-2.9656250005,formation_start
R,178,Advance,5.5,5.5,-2.95,0,e92e475593f76313,55873fecc61a79e8,0,1aee678e8f164e4c,1aee678e8f164e4c,e95aa2f70aede9ec,ac6b9b6252b7a150,-2.95,formation_start
R,179,Advance,5.53125,5.53125,-2.9343750005,0,6cd1112eb6c4b61e,55873fecc61a79e8,0,5519d79d6efdeb66,5519d79d6efdeb66,8bfba55b95c86e35,ac6b9b6252b7a150,-2.9343750005,formation_start
R,180,Advance,5.5625,5.5625,-2.91875,0,9b8a5116d127a482,55873fecc61a79e8,0,05d0f10a7fd30f04,05d0f10a7fd30f04,841060fe7a1d16ac,ac6b9b6252b7a150,-2.91875,formation_start
R,181,Advance,5.59375,5.59375,-2.9031250005,0,548b2f3c594de141,55873fecc61a79e8,0,af9a51ba614dac18,af9a51ba614dac18,50a525f68f69647a,ac6b9b6252b7a150,-2.9031250005,formation_start
R,182,Advance,5.625,5.625,-2.8875,0,7f3bc2ad48f354cc,55873fecc61a79e8,0,3645dc40d5387dd5,3645dc40d5387dd5,b3fe8b3c21cbed13,ac6b9b6252b7a150,-2.8875,formation_start
R,183,Advance,5.65625,5.65625,-2.8718750005,0,45c24bd97d6af352,55873fecc61a79e8,0,0fe3939a0df6c1ba,0fe3939a0df6c1ba,7cc474ea29ccb29d,ac6b9b6252b7a150,-2.8718750005,formation_start
R,184,Advance,5.6875,5.6875,-2.85625,0,bbe7c7c67feab9d9,55873fecc61a79e8,0,f03d9d1ebbee5367,f03d9d1ebbee5367,2004c3b7a66106bd,ac6b9b6252b7a150,-2.85625,formation_start
R,185,Advance,5.71875,5.71875,-2.8406250005,0,8c65c9cb9e2528e2,55873fecc61a79e8,0,689181a02b6cda02,689181a02b6cda02,a0b930c573ae904e,ac6b9b6252b7a150,-2.8406250005,formation_start
R,186,Advance,5.75,5.75,-2.825,0,03de699758b5c5b4,55873fecc61a79e8,0,1441d2b8b0efae35,1441d2b8b0efae35,421044105d5970ed,ac6b9b6252b7a150,-2.825,formation_start
R,187,Advance,5.78125,5.78125,-2.8093750005,0,b23270940819f3e0,55873fecc61a79e8,0,9db31e3ac6c75da9,9db31e3ac6c75da9,3fc48dc0332fb25b,ac6b9b6252b7a150,-2.8093750005,formation_start
R,188,Advance,5.8125,5.8125,-2.79375,0,febefbd4cee2b132,ad00691e9718b67b,17,1c71dd295f4964d7,1c71dd295f4964d7,90d2dbdb277a19e6,ac6b9b6252b7a150,-2.79375,formation_start
R,189,Advance,5.84375,5.84375,-2.7781250005,0,f931a5aeee29b423,8816d6e8f927afca,126,f092a27a838fde11,f092a27a838fde11,803ade0c14fc11f7,ac6b9b6252b7a150,-2.7781250005,formation_start
R,190,Advance,5.875,5.875,-2.7625,0,efda574cf50244e8,20670cbecd9cfc5e,238,62a4ad252aac9da4,62a4ad252aac9da4,e3b7018c6c9befa4,ac6b9b6252b7a150,-2.7625,formation_start
R,191,Advance,5.90625,5.90625,-2.7468750005,0,fa4b8f119e5ff2c3,737638f5c3a0fea3,360,fc7b9abd2b4cc772,fc7b9abd2b4cc772,bfffb253eeae3f8e,ac6b9b6252b7a150,-2.7468750005,formation_start
R,192,Advance,5.9375,5.9375,-2.73125,0,81df698f39670677,cd66c1ddcccb1a4b,488,e347fa50eb95240c,e347fa50eb95240c,b95f234b12cf5042,ac6b9b6252b7a150,-2.73125,formation_start
R,193,Advance,5.96875,5.96875,-2.7156250005,0,3ca404dc34268b88,d2aab5a2866e9dc2,616,167a708a9f5cdcac,167a708a9f5cdcac,2aa7105e4d4122e5,ac6b9b6252b7a150,-2.7156250005,formation_start
R,194,Advance,6,6,-2.7,0,a6be5a76a79d8a1c,5f3bec6847def848,717,f5b0046cd448cd1e,f5b0046cd448cd1e,7c74cc39d23f1f32,ac6b9b6252b7a150,-2.7,formation_start
R,195,Advance,6.03125,6.03125,-2.6843750005,0,dfa5bf972f7f8619,60b83cd91991b10b,802,c128c2e1522968c6,c128c2e1522968c6,49382af9fce2bc92,ac6b9b6252b7a150,-2.6843750005,formation_start
R,196,Advance,6.0625,6.0625,-2.66875,0,f8add1212f4c7021,8cf1baf3e20e07e0,870,a9baa1db93dbf73c,a9baa1db93dbf73c,b56f9113109c6654,ac6b9b6252b7a150,-2.66875,formation_start
R,197,Advance,6.09375,6.09375,-2.6531250005,0,6082df7529d73307,0a90a0ad2d383fa1,926,1253a82de6f14473,1253a82de6f14473,1812a3b6f1261dd7,ac6b9b6252b7a150,-2.6531250005,formation_start
R,198,Advance,6.125,6.125,-2.6375,0,d2d27f8723ab6a0c,2f4fa505aa25e278,983,fb8136662f062f39,fb8136662f062f39,671414c15c3c2ee1,ac6b9b6252b7a150,-2.6375,formation_start
R,199,Advance,6.15625,6.15625,-2.6218750005,0,a96fa03c75d979c6,e63942327524cf7c,1040,d233f3a8822c8389,d233f3a8822c8389,14fb851ce0ad319a,ac6b9b6252b7a150,-2.6218750005,formation_start
R,200,Advance,6.1875,6.1875,-2.60625,0,040ada4949b9c7a4,d05e0ba7946cf057,1089,d5c84b5d243e8b5f,d5c84b5d243e8b5f,af3a1522985c14aa,ac6b9b6252b7a150,-2.60625,formation_start
R,201,Advance,6.21875,6.21875,-2.5906250005,0,649cabdedc492ae0,3edd2aebe13266cc,1139,1d2b6a02eff0cfdc,1d2b6a02eff0cfdc,8b2f4fbdaefa6738,ac6b9b6252b7a150,-2.5906250005,formation_start
R,202,Advance,6.25,6.25,-2.575,0,0ce489b1b2ea0523,6f85e2feb353e093,1188,4225ba382312b285,4225ba382312b285,ca118eec8bf06918,ac6b9b6252b7a150,-2.575,formation_start
R,203,Advance,6.28125,6.28125,-2.5593750005,0,ffc7335a5216d750,9092b2758b6e0be6,1233,f78e8f1d21dbe727,f78e8f1d21dbe727,17ebff5eeac34790,ac6b9b6252b7a150,-2.5593750005,formation_start
R,204,Advance,6.3125,6.3125,-2.54375,0,2e5deccf4ec97e27,df897da734d3b2fc,1273,978d384624ff3181,978d384624ff3181,0bec72011dd11675,ac6b9b6252b7a150,-2.54375,formation_start
R,205,Advance,6.34375,6.34375,-2.5281250005,0,7107f8f302979176,637454e7c59d7948,1313,43a41fbab42ea3c6,43a41fbab42ea3c6,8b784f117a50114e,ac6b9b6252b7a150,-2.5281250005,formation_start
R,206,Advance,6.375,6.375,-2.5125,0,9c186cb6c2ca2ea4,b98999ef1fe9e164,1351,ee0d391d41305c9b,ee0d391d41305c9b,50b91dad07595f1b,ac6b9b6252b7a150,-2.5125,formation_start
R,207,Advance,6.40625,6.40625,-2.4968750005,0,c5bac70c6f277a9b,a9299373b4491dbe,1388,e6ec85c0a52df9f3,e6ec85c0a52df9f3,bd73f2ef6146c50d,ac6b9b6252b7a150,-2.4968750005,formation_start
R,208,Advance,6.4375,6.4375,-2.48125,0,dd18ea87a045491f,aaf2b21bdd5f45a3,1433,72b0940aad2639f7,72b0940aad2639f7,f20b44df6b0b0286,ac6b9b6252b7a150,-2.48125,formation_start
R,209,Advance,6.46875,6.46875,-2.4656250005,0,c8f05f7d767862f5,b5e0ded5b1263ab4,1478,334a81d1ca32e167,334a81d1ca32e167,5f820a5ccd8ceb4b,ac6b9b6252b7a150,-2.4656250005,formation_start
R,210,Advance,6.5,6.5,-2.45,0,7ff388917c59e045,8c92a32b9d1a6ae5,1521,d2a0489ec4c1e665,d2a0489ec4c1e665,34552f7dafe94019,ac6b9b6252b7a150,-2.45,formation_start
R,211,Advance,6.53125,6.53125,-2.4343750005,0,d06c64e938b11bd7,f03c5fee7b46e6f7,1564,0c0f72115ffaa76d,0c0f72115ffaa76d,7b82c852125afbe2,ac6b9b6252b7a150,-2.4343750005,formation_start
R,212,Advance,6.5625,6.5625,-2.41875,0,c187021f1c45ad73,8a86894a7cc9c13f,1608,f088b923c9eb6ec2,f088b923c9eb6ec2,2a64adf08063081e,ac6b9b6252b7a150,-2.41875,formation_start
R,213,Advance,6.59375,6.59375,-2.4031250005,0,4edd915b957e7122,42947a11e75629f1,1648,ba6290cc30f5be99,ba6290cc30f5be99,dfdc11ce9897d221,ac6b9b6252b7a150,-2.4031250005,formation_start
R,214,Advance,6.625,6.625,-2.3875,0,6273a5ff9bd31892,a0de7cecf63dbb67,1684,4dbdaeb4050278cd,4dbdaeb4050278cd,1364a1011180a595,ac6b9b6252b7a150,-2.3875,formation_start
R,215,Advance,6.65625,6.65625,-2.3718750005,0,6b2dd5829745cfa1,4ea3f54587fed251,1716,370587fe4a426c5d,370587fe4a426c5d,9f48b562834d7a00,ac6b9b6252b7a150,-2.3718750005,formation_start
R,216,Advance,6.6875,6.6875,-2.35625,0,343c05e41b4b9f99,da5a7212c6c3a050,1750,74afee53f614c14a,74afee53f614c14a,a0c7b8b7ceaee3b1,ac6b9b6252b7a150,-2.35625,formation_start
R,217,Advance,6.71875,6.71875,-2.3406250005,0,b2766eab66039d30,daa63c30c50c6b38,1782,bc44a6b4d51dd42d,bc44a6b4d51dd42d,a9c223d380ceaec2,ac6b9b6252b7a150,-2.3406250005,formation_start
R,218,Advance,6.75,6.75,-2.325,0,fdeda9c9196a9d05,d30935d74a3e0581,1811,75c68b973fcdff1b,75c68b973fcdff1b,310fcadfb171b2e7,ac6b9b6252b7a150,-2.325,formation_start
R,219,Advance,6.78125,6.78125,-2.3093750005,0,97fa8266b504bb86,d784f76d519a75e0,1837,78f218fb556009ea,78f218fb556009ea,68f01e572e1f85c2,ac6b9b6252b7a150,-2.3093750005,formation_start
R,220,Advance,6.8125,6.8125,-2.29375,0,1a10126fa2333535,41fbbdcd3087e5eb,1860,9f1ee4a412221558,9f1ee4a412221558,493ffe39fb0d4794,ac6b9b6252b7a150,-2.29375,formation_start
R,221,Advance,6.84375,6.84375,-2.2781250005,0,8f6d45ec5f1014bd,95e2e5c4d5aa6ab5,1889,3419ce70c086faf5,3419ce70c086faf5,a3f993e0a9925161,ac6b9b6252b7a150,-2.2781250005,formation_start
R,222,Advance,6.875,6.875,-2.2625,0,169f9329b34080d4,c634d991785f8402,1910,9aaeb2f5a699fe6a,9aaeb2f5a699fe6a,24e6d5f64f143caa,ac6b9b6252b7a150,-2.2625,formation_start
R,223,Advance,6.90625,6.90625,-2.2468750005,0,26d3bdc80bd86654,697bda79e99266d6,1942,db3e56a2834fd2a5,db3e56a2834fd2a5,8fe3229dac8e7a31,ac6b9b6252b7a150,-2.2468750005,formation_start
R,224,Advance,6.9375,6.9375,-2.23125,0,71aebe470cc23dd6,63c0e0c1543ca1c5,1976,045883792d15ce03,045883792d15ce03,a4a945627af61e6d,ac6b9b6252b7a150,-2.23125,formation_start
R,225,Advance,6.96875,6.96875,-2.2156250005,0,c938d4596749a50b,e4f6f88986799822,2016,1a85071aaa672b92,1a85071aaa672b92,8538ed56e4e66f97,ac6b9b6252b7a150,-2.2156250005,formation_start
R,226,Advance,7,7,-2.2,0,d16751b57fc858ec,28daebb1cf83588d,2055,d9d8f70e3075b342,d9d8f70e3075b342,e8e7e8b1901d8fe3,ac6b9b6252b7a150,-2.2,formation_start
R,227,Advance,7.03125,7.03125,-2.1843750005,0,077f91a2b1d2e1f7,4e69d970829dc3c6,2109,cf06d2f832d951d2,cf06d2f832d951d2,50145bc2c4c44dcf,ac6b9b6252b7a150,-2.1843750005,formation_start
R,228,Advance,7.0625,7.0625,-2.16875,0,ae85b72f97026a1b,eb0f891e6a1cf277,2149,99597f9c819f6ab4,99597f9c819f6ab4,30acb0503b592d17,ac6b9b6252b7a150,-2.16875,formation_start
R,229,Advance,7.09375,7.09375,-2.1531250005,0,acce51f76cd8c78b,30ad9aa436c64283,2209,bf6fb0e488371869,bf6fb0e488371869,f503768cd658ba24,ac6b9b6252b7a150,-2.1531250005,formation_start
R,230,Advance,7.125,7.125,-2.1375,0,e66eeed254628300,9bb43de3e9deb022,2268,5a5f3cc16940622d,5a5f3cc16940622d,2651abbdfd5644ff,ac6b9b6252b7a150,-2.1375,formation_start
R,231,Advance,7.15625,7.15625,-2.1218750005,0,28ae91656fc6da30,2089a8bb3df1ae0e,2336,48eb048ee313b572,48eb048ee313b572,9799ae9dc5fe32da,ac6b9b6252b7a150,-2.1218750005,formation_start
R,232,Advance,7.1875,7.1875,-2.10625,0,54c6557fef70cbcc,92c96d32982a208b,2420,5bcead922c166b10,5bcead922c166b10,9cf4bf09b05bc3cd,ac6b9b6252b7a150,-2.10625,formation_start
R,233,Advance,7.21875,7.21875,-2.0906250005,0,c424869b6ce7428e,734dc5698a96a4fc,2523,2ae3f765373b97a1,2ae3f765373b97a1,dc7c07c202f4ad5e,ac6b9b6252b7a150,-2.0906250005,formation_start
R,234,Advance,7.25,7.25,-2.075,0,74bf6c5731a7cb73,f1c80978d9de7794,2653,ea8036989b8f0e0d,ea8036989b8f0e0d,792c176410140a9c,ac6b9b6252b7a150,-2.075,formation_start
R,235,Advance,7.28125,7.28125,-2.0593750005,0,395ef473cbe42c62,1a148af26f3a2144,2817,664d2f010112e005,664d2f010112e005,2a4625590f0c6b70,ac6b9b6252b7a150,-2.0593750005,formation_start
R,236,Advance,7.3125,7.3125,-2.04375,0,5c8a4de5a5a8e1a0,51cccbdb7e37bed6,2996,ca55ea4249363601,ca55ea4249363601,42bb87ed240796ac,ac6b9b6252b7a150,-2.04375,formation_start
R,237,Advance,7.34375,7.34375,-2.0281250005,0,5e883b01287897df,85438c54898c4f4d,3210,dc739b486238b55c,dc739b486238b55c,8ffc4e0698b89aed,ac6b9b6252b7a150,-2.0281250005,formation_start
R,238,Advance,7.375,7.375,-2.0125,0,9cb2404aea9bc34f,799bdb76a1cc8ffd,3440,0d0c87a2dd69986c,0d0c87a2dd69986c,54c451f2712aae00,ac6b9b6252b7a150,-2.0125,formation_start
R,239,Advance,7.40625,7.40625,-1.9968750005,0,41f6124654674064,fc9872fcf0a2e786,3708,7e5724e01f006183,7e5724e01f006183,ebde4bc73607ea28,ac6b9b6252b7a150,-1.9968750005,formation_start
R,240,Advance,7.4375,7.4375,-1.98125,0,cdeb238abb9fc0ee,5f12c41272ad1125,3990,f90b6d02df324038,f90b6d02df324038,daa2bfd6325f21cf,ac6b9b6252b7a150,-1.98125,formation_start
R,241,Advance,7.46875,7.46875,-1.9656250005,0,bd3d36ad929bb89f,fc8e35c6afaac0f0,4311,52a74743e694113f,52a74743e694113f,2260fb5ea5686ca6,ac6b9b6252b7a150,-1.9656250005,formation_start
R,242,Advance,7.5,7.5,-1.95,0,5e6f4a5d3e968560,45bb8cbbd61877a5,4644,433d6673d74ef353,433d6673d74ef353,ea26f776975b8619,ac6b9b6252b7a150,-1.95,formation_start
R,243,Advance,7.53125,7.53125,-1.9343750005,0,f345382036b23861,1acbca91500479ce,5012,aa3f709543161f12,aa3f709543161f12,5b8665f7c3ca143b,ac6b9b6252b7a150,-1.9343750005,formation_start
R,244,Advance,7.5625,7.5625,-1.91875,0,71f51ade38d81e0e,e4f86608037d2229,5381,571d69e1d146fbb6,571d69e1d146fbb6,a649c59d9e2c7101,ac6b9b6252b7a150,-1.91875,formation_start
R,245,Advance,7.59375,7.59375,-1.9031250005,0,32612b7e0ed92a3b,f0417cbfd8daf711,5728,ece709f4ae42cd45,ece709f4ae42cd45,894486317f4bf816,ac6b9b6252b7a150,-1.9031250005,formation_start
R,246,Advance,7.625,7.625,-1.8875,0,4f7a9dada9202434,08dc855a1142b093,6091,0868d4f5b4c18d79,0868d4f5b4c18d79,7189489a55940c5c,ac6b9b6252b7a150,-1.8875,formation_start
R,247,Advance,7.65625,7.65625,-1.8718750005,0,b98fbf514ef1ff02,2dffc9f904dc724e,6449,f7bed8788d14a2c4,f7bed8788d14a2c4,31fd6f1fb62926f1,ac6b9b6252b7a150,-1.8718750005,formation_start
R,248,Advance,7.6875,7.6875,-1.85625,0,75a6a868f889b588,28bd0f60bf1375bc,6831,fed70912cd7ab24e,fed70912cd7ab24e,22b1883bc71e943a,ac6b9b6252b7a150,-1.85625,formation_start
R,249,Advance,7.71875,7.71875,-1.8406250005,0,c01bc742ff2c190f,ac371b862358ddcd,7202,52363e9308b108b2,52363e9308b108b2,151950ed22e86d1a,ac6b9b6252b7a150,-1.8406250005,formation_start
R,250,Advance,7.75,7.75,-1.825,0,202f6e04eddf5ffe,4836cfb7c23080ae,7590,f075ee26fe9b90d6,f075ee26fe9b90d6,67342ef80a69f87c,ac6b9b6252b7a150,-1.825,formation_start
R,251,Advance,7.78125,7.78125,-1.8093750005,0,0fbb5028d321c4b6,d18c0784b4a785d0,7989,0fd456478932564b,0fd456478932564b,943630b57bec4d51,ac6b9b6252b7a150,-1.8093750005,formation_start
R,252,Advance,7.8125,7.8125,-1.79375,0,5f84939bf5a24cbb,4e3a72de17767f99,8403,3cc657fe3f6860dd,3cc657fe3f6860dd,75fd9785d8ce4b80,ac6b9b6252b7a150,-1.79375,formation_start
R,253,Advance,7.84375,7.84375,-1.7781250005,0,9a1924e611ce0ea7,5c3b1e2e30c9d856,8831,05ec15714ca38867,05ec15714ca38867,a1361dddb49b70e8,ac6b9b6252b7a150,-1.7781250005,formation_start
R,254,Advance,7.875,7.875,-1.7625,0,2a6e04e31d27e577,5fd62732ba354779,9249,9cacf03b4743ef3a,9cacf03b4743ef3a,dcf847798cc9d51d,ac6b9b6252b7a150,-1.7625,formation_start
R,255,Advance,7.90625,7.90625,-1.7468750005,0,3c9c88e3945544f4,a4af50cbd3325554,9684,e55df724a4364b32,e55df724a4364b32,6255d70e08e8929e,ac6b9b6252b7a150,-1.7468750005,formation_start
R,256,Advance,7.9375,7.9375,-1.73125,0,9aa2d2fb9440bb5e,42fafea0f5064578,10090,bf64659e17a2efea,bf64659e17a2efea,a23c75a3fdb8c2eb,ac6b9b6252b7a150,-1.73125,formation_start
R,257,Advance,7.96875,7.96875,-1.7156250005,0,e69caaf0c018af81,db68315bea31e38c,10500,1df8f2c05e988c2e,1df8f2c05e988c2e,75072d32359bff57,ac6b9b6252b7a150,-1.7156250005,formation_start
R,258,Advance,8,8,-1.7,0,ad28dab1a5c1defc,e335ba97a0040e74,10880,2aad17e11cc1e864,2aad17e11cc1e864,fd2ea07daad12db7,ac6b9b6252b7a150,-1.7,formation_start
R,259,Advance,8.03125,8.03125,-1.6843750005,0,bc670433fadbf9cc,41a8b778615bbf64,11243,0d6d4aac9d995dcb,0d6d4aac9d995dcb,af3c03634cfe85b4,ac6b9b6252b7a150,-1.6843750005,formation_start
R,260,Advance,8.0625,8.0625,-1.66875,0,a980d6738189c5a9,95d9a8ecd080fce0,11607,1248541a03e46310,1248541a03e46310,5f1cbf0cc343b184,ac6b9b6252b7a150,-1.66875,formation_start
R,261,Advance,8.09375,8.09375,-1.6531250005,0,fadae649ca612ea6,073f688bb5e9b5cb,11961,dcda69322e904a82,dcda69322e904a82,8dcb16757926fde0,ac6b9b6252b7a150,-1.6531250005,formation_start
R,262,Advance,8.125,8.125,-1.6375,0,1c7ef94c315c8423,7ec0d813c737d293,12322,0cbc480bcd731be1,0cbc480bcd731be1,cf84590136c7f84f,ac6b9b6252b7a150,-1.6375,formation_start
R,263,Advance,8.15625,8.15625,-1.6218750005,0,56d79fddf80374e9,ddef87cc18dd5694,12678,13fe547838040eeb,13fe547838040eeb,45eafab0f91c48f7,ac6b9b6252b7a150,-1.6218750005,formation_start
R,264,Advance,8.1875,8.1875,-1.60625,0,96c9b9cf77252db0,31cf1607b9375e53,13046,e46fbede2fa7c980,e46fbede2fa7c980,83faba18433afefe,ac6b9b6252b7a150,-1.60625,formation_start
R,265,Advance,8.21875,8.21875,-1.5906250005,0,f8109dba55bc30d1,c85ee9a292ca6361,13425,6d8e0ce762b4dbf8,6d8e0ce762b4dbf8,e6c9ea0d3e1d7c13,ac6b9b6252b7a150,-1.5906250005,formation_start
R,266,Advance,8.25,8.25,-1.575,0,0eeda2a963687b1f,a549440307f7b832,13792,5c3e8ec4e5f7757a,5c3e8ec4e5f7757a,64c4c2c82187427e,ac6b9b6252b7a150,-1.575,formation_start
R,267,Advance,8.28125,8.28125,-1.5593750005,0,069b703d1b0e947b,a30ba54c67a0eafb,14148,e3f934bb7a3a47d6,e3f934bb7a3a47d6,02c33ce13a3f8ab0,ac6b9b6252b7a150,-1.5593750005,formation_start
R,268,Advance,8.3125,8.3125,-1.54375,0,80e70060a0e90228,a3fa42692580aee5,14507,333bd2aff0ff09d3,333bd2aff0ff09d3,02b67d7de8a0c5d0,ac6b9b6252b7a150,-1.54375,formation_start
R,269,Advance,8.34375,8.34375,-1.5281250005,0,de4a2750dffc5985,eb871b67e285b66d,14861,4210600ec0ed47a8,4210600ec0ed47a8,80da6628339f7c37,ac6b9b6252b7a150,-1.5281250005,formation_start
R,270,Advance,8.375,8.375,-1.5125,0,7b1d7f1ce331a3b3,7d2f21a60c35fef1,15216,9852baae9dcd063c,9852baae9dcd063c,d1fc5c0db81967da,ac6b9b6252b7a150,-1.5125,formation_start
R,271,Advance,8.40625,8.40625,-1.4968750005,0,2fcdd15b3699a62b,f143d2d1a0454fc3,15566,9c8b713038c08114,9c8b713038c08114,108c99437c94ddd2,ac6b9b6252b7a150,-1.4968750005,formation_start
R,272,Advance,8.4375,8.4375,-1.48125,0,5927e9a0ec59a9ab,73a26d29972d6d06,15933,902567c4cae5d2b2,902567c4cae5d2b2,bc3500b6cb361c9e,ac6b9b6252b7a150,-1.48125,formation_start
R,273,Advance,8.46875,8.46875,-1.4656250005,0,1adc4f01185bd477,1185f1dc8da77a0d,16302,4f87b3901d41cf78,4f87b3901d41cf78,559d680baec90362,ac6b9b6252b7a150,-1.4656250005,formation_start
R,274,Advance,8.5,8.5,-1.45,0,dc91b2d6b29cfd51,6b9c2eb9054a0f8e,16678,a1ebd1f15feec57b,a1ebd1f15feec57b,4709c64ffa738462,ac6b9b6252b7a150,-1.45,formation_start
R,275,Advance,8.53125,8.53125,-1.4343750005,0,f8cdd3453fc9aa68,543e944cc88ddcab,17033,76f1690503415c6f,76f1690503415c6f,a888d69094850282,ac6b9b6252b7a150,-1.4343750005,formation_start
R,276,Advance,8.5625,8.5625,-1.41875,0,168b74ff3751e9b9,a023a26b4c52a8b5,17367,5525ecc306a25b71,5525ecc306a25b71,9c6e4ab0473719b2,ac6b9b6252b7a150,-1.41875,formation_start
R,277,Advance,8.59375,8.59375,-1.4031250005,0,5869c11faa02a343,ea2dc8293801cd76,17696,302648dbe892df5d,302648dbe892df5d,f07436f6a0246a47,ac6b9b6252b7a150,-1.4031250005,formation_start
R,278,Advance,8.625,8.625,-1.3875,0,52d8d468f5fb5cca,d40cdd4db15e398a,18028,c3e6e505492a8fd3,c3e6e505492a8fd3,59ee1df3c1ac5258,ac6b9b6252b7a150,-1.3875,formation_start
R,279,Advance,8.65625,8.65625,-1.3718750005,0,6d541ff13bf4eba4,22063195ad9e4b2d,18376,9eed6265b1dff679,9eed6265b1dff679,957f9bde11af20fc,ac6b9b6252b7a150,-1.3718750005,formation_start
R,280,Advance,8.6875,8.6875,-1.35625,0,f235ca3c9dd17907,4c59a0a6f278c43a,18716,a3ef324369a68945,a3ef324369a68945,5e8c9e0044643ffb,777e4c98d34d1531,-1.35625,formation_start
R,281,Advance,8.71875,8.71875,-1.3406250005,0,2ffebe9cddcce148,d2cc94feb009ff27,19052,837741adce392bb1,837741adce392bb1,8ca61b2156029f76,970c589be1c52338,-1.3406250005,formation_start
R,282,Advance,8.75,8.75,-1.325,0,bd59ab62dab6b3c3,faa3ea99db4a958c,19401,9670a938ef5aed01,9670a938ef5aed01,946830e947b27c46,93792223848bf34a,-1.325,formation_start
R,283,Advance,8.78125,8.78125,-1.3093750005,0,6c479e0dd30b2078,aa48777e41910579,19734,ff5478229459fb4b,ff5478229459fb4b,eee61696398a45fb,df707224f39c42ba,-1.3093750005,formation_start
R,284,Advance,8.8125,8.8125,-1.29375,0,56c09e6d9199d0ad,ecfbbd51baa51e50,20099,f9b4689a4d735c57,f9b4689a4d735c57,5bbefff3a65e636b,9ecb4886806cf810,-1.29375,formation_start
R,285,Advance,8.84375,8.84375,-1.2781250005,0,d741219a90dae542,94821bcb15863794,20458,3b2a532c8d702401,3b2a532c8d702401,ada6d9c7242bc5b0,0956b6bcdfa87666,-1.2781250005,formation_start
R,286,Advance,8.875,8.875,-1.2625,0,86836df183de99da,f24acee04bb5ef16,20818,2550ad642376fe3e,2550ad642376fe3e,cbde56e2df61ff50,bda562d6e9e732e4,-1.2625,formation_start
R,287,Advance,8.90625,8.90625,-1.2468750005,0,ad9f1d77b09d4479,7d73506a0412131c,21197,1745ceffaded8145,1745ceffaded8145,30d3b1c0cda37a90,05ce1e49fb4d1a6a,-1.2468750005,formation_start
R,288,Advance,8.9375,8.9375,-1.23125,0,14e4da7def5be952,feae00eb441c345f,21577,aba0378223e74065,aba0378223e74065,ddd04c75db1837cf,3cf412e65bc857a9,-1.23125,formation_start
R,289,Advance,8.96875,8.96875,-1.2156250005,0,f9b9093916028279,83f8028853dd3ff1,21947,85b58dbce53c02c6,85b58dbce53c02c6,f86ccd630ebb9c58,89aca8a725e05d50,-1.2156250005,formation_start
R,290,Advance,9,9,-1.2,0,4e5a693d9129bfd6,e5dab7fdd45348a9,22295,64a479a725254ec2,64a479a725254ec2,5710ab6804d1eac8,c862602f3b99815b,-1.2,formation_start
R,291,Advance,9.03125,9.03125,-1.1843750005,0,372e8cd158c56869,6501f586409707ed,22660,40201afa122f5d6e,40201afa122f5d6e,e1bae29851c58e08,4ff4f8605128aa35,-1.1843750005,formation_start
R,292,Advance,9.0625,9.0625,-1.16875,0,02025891dadd6590,91b9a1d066663be9,22982,ba34b51201995939,ba34b51201995939,fd3ee809196ad165,8c206f3dd2279a73,-1.16875,formation_start
R,293,Advance,9.09375,9.09375,-1.1531250005,0,22d0a1c863578340,b501673bae3215ac,23290,07394bb05aaeee6b,07394bb05aaeee6b,ee6d4a7c0e6f5c7b,5aba18f55d41c8e3,-1.1531250005,formation_start
R,294,Advance,9.125,9.125,-1.1375,0,11c263eceb10eea4,e713b87b6ca2a260,23608,2fbf7c7b1051ccf7,2fbf7c7b1051ccf7,64026c10e1f8d242,600db0ce2728d683,-1.1375,formation_start
R,295,Advance,9.15625,9.15625,-1.1218750005,0,4b3da93780235f2c,c7119b7834378480,23935,eaac8544c9448c6c,eaac8544c9448c6c,3197edfd5e5c01db,1112ee3c481f6bd4,-1.1218750005,formation_start
R,296,Advance,9.1875,9.1875,-1.10625,0,f421126179b22062,e1d3da07d59098da,24258,e9109fc5624b74e5,e9109fc5624b74e5,3ac46ba46659ff7d,76096f1112a3893d,-1.10625,formation_start
R,297,Advance,9.21875,9.21875,-1.0906250005,0,4be703cbbe1f87be,df83dc102e1371d4,24590,ebc59078f33b2a3c,ebc59078f33b2a3c,f3adf96c2bfb2461,3bf9590868f4d19e,-1.0906250005,formation_start
R,298,Advance,9.25,9.25,-1.075,0,6e106f61e6db4460,35c6487cc9d2009f,24929,4da208a27eb4da94,4da208a27eb4da94,4295f8a37368cb50,b2b0b0a7eb923c96,-1.075,formation_start
R,299,Advance,9.28125,9.28125,-1.0593750005,0,1e388ec60cc97973,ecb0e397e849ef01,25280,bb2cbec6a0f2b5cb,bb2cbec6a0f2b5cb,dfc905eab496a1c9,81a20400ba29e8d4,-1.0593750005,formation_start
R,300,Advance,9.3125,9.3125,-1.04375,0,0d8999f1df942330,43be067eaf319dd0,26149,61fd752d423a4765,61fd752d423a4765,64f20e86e3f9efaf,ba0c917a2f2b5d86,-1.04375,formation_start
R,301,Advance,9.34375,9.34375,-1.0281250005,0,7b4ca7c96ea79b08,a99b62c90b8e4bd9,27609,95666927512ecf7b,95666927512ecf7b,a9858ebbff4d53c6,2701568a29e0c6c5,-1.0281250005,formation_start
R,302,Advance,9.375,9.375,-1.0125,0,6913bcc0943871e1,9f539096cd3ed4bc,28739,a447efa983d05c49,a447efa983d05c49,5a8d04f67fe41f1b,6720bed85be25639,-1.0125,formation_start
R,303,Advance,9.40625,9.40625,-0.9968750005,0,b01721cfd69d59cc,2635ca59fa11fa64,29805,5a3b2fd0dd4e25f4,5a3b2fd0dd4e25f4,491c3fcf544896bb,5cc61c8a7c552366,-0.9968750005,formation_start
R,304,Advance,9.4375,9.4375,-0.98125,0,8a1e4339d862d6fb,462f4dc1e9327be7,30970,cf0a0fda3398dc49,cf0a0fda3398dc49,298ccc7f0a719d17,34161355fc9cd389,-0.98125,formation_start
R,305,Advance,9.46875,9.46875,-0.9656250005,0,750a7831cbf4aec2,79c209beb353be68,32144,28a86147bd80a035,28a86147bd80a035,bcb365a81b1dcea2,f6250fd9a569d325,-0.9656250005,formation_start
R,306,Advance,9.5,9.5,-0.95,0,f63bfdf385c87a0d,148783a50f644ce5,33323,dd731dac5eee7b28,dd731dac5eee7b28,28a501dae3d336d0,e02f80ea8cd0333f,-0.95,formation_start
R,307,Advance,9.53125,9.53125,-0.9343750005,0,d2c45991f45074ba,aa9c9049d0d4bfa9,34486,8586a4e7ea2cc333,8586a4e7ea2cc333,3621e600edc9facd,e785add1ff94ce25,-0.9343750005,formation_start
R,308,Advance,9.5625,9.5625,-0.91875,0,bb18e7e12d4a5c07,5025a8c3c04b3046,35484,5c136e0f224c0455,5c136e0f224c0455,7856e93e89798f87,196a936bcb6eb59c,-0.91875,formation_start
R,309,Advance,9.59375,9.59375,-0.9031250005,0,048192e4fdbbeb49,fc97df061bd562f2,36471,44b1980bde72fa2a,44b1980bde72fa2a,f51cf6c6eb07c49d,25ab7ef77df44934,-0.9031250005,formation_start
R,310,Advance,9.625,9.625,-0.8875,0,26f6fddee932e675,cd17f7d43f2211ac,37469,2741cc004ebc602e,2741cc004ebc602e,0e85b6e5a1c60875,2533cc5c6ac17152,-0.8875,formation_start
R,311,Advance,9.65625,9.65625,-0.8718750005,0,3750142f7a8ba069,cbd3d8e2133c32bb,38524,cacd822eeb35bca2,cacd822eeb35bca2,4cf753ec504ea791,f036ddf40e92e3c7,-0.8718750005,formation_start
R,312,Advance,9.6875,9.6875,-0.85625,0,587a53125a4977d0,6ee2b65d7d7b2ebc,39633,c96550bb2dcbcc5f,c96550bb2dcbcc5f,de91981b92e2b0c5,6fb2ae96f4958565,-0.85625,formation_start
R,313,Advance,9.71875,9.71875,-0.8406250005,0,746ab820531f5f07,06558bad51733e43,40761,ce54943057e9a105,ce54943057e9a105,a2549466fc7ef3f4,c37adb81b6a21808,-0.8406250005,formation_start
R,314,Advance,9.75,9.75,-0.825,0,6ac573998b905f1e,77510e2867177570,41895,04e6cc3a0c2c8650,04e6cc3a0c2c8650,76f191a8ab0bb9f7,db01e5339169e69b,-0.825,formation_start
R,315,Advance,9.78125,9.78125,-0.8093750005,0,46ade2bf15f70e18,1be109622050c167,43043,4bba293126c085a1,4bba293126c085a1,0b5289fdf90c6a63,efb8ef783512ab33,-0.8093750005,formation_start
R,316,Advance,9.8125,9.8125,-0.79375,0,669514259f303cc7,f435df7062a516b7,44169,cbeb18c6989c716d,cbeb18c6989c716d,472e137c8a18cccc,b9202fe2064d3528,-0.79375,formation_start
R,317,Advance,9.84375,9.84375,-0.7781250005,0,74f6a084437c9349,74661f4381ce1387,45349,3d5112a4428c1b23,3d5112a4428c1b23,5d8fbf10f535ae58,703a89997ab18d4f,-0.7781250005,formation_start
R,318,Advance,9.875,9.875,-0.7625,0,73b573f4b8fb6d24,db8c768919a3fe54,46539,a28e37dc50694fab,a28e37dc50694fab,516e81276b4f5de7,7862c3714df7763a,-0.7625,formation_start
R,319,Advance,9.90625,9.90625,-0.7468750005,0,110ac239e35b3667,e46faa5906d5b649,47667,737fb21715100f04,737fb21715100f04,ad276664e00981d3,8920ad97253104fc,-0.7468750005,formation_start
R,320,Advance,9.9375,9.9375,-0.73125,0,6a364d6eb87af58b,7d99e2b01ff8a189,48830,84da96f32d1b4a38,84da96f32d1b4a38,8961653702e65754,6aed753e4f598141,-0.73125,formation_start
R,321,Advance,9.96875,9.96875,-0.7156250005,0,9b22aa4951f7703a,731d9c9ce765b215,49947,799fc1a789bb8962,799fc1a789bb8962,5d18f65329bd98a4,dfdca3994dce45f0,-0.7156250005,formation_start
R,322,Advance,10,10,-0.7,0,569b74027bf13752,216139cb45802d0f,51119,09f9de03604de00d,09f9de03604de00d,17aeafc3acf11a8e,4ad480095a161bc0,-0.7,formation_start
R,323,Advance,10.03125,10.03125,-0.6843750005,0,ad950c8e42d96ea5,482d860988c3fa50,52283,dc27bd7dab230544,dc27bd7dab230544,86bbd4de35b191ab,827075378851b20a,-0.6843750005,formation_start
R,324,Advance,10.0625,10.0625,-0.66875,0,9eb0bd4762e7945b,c0277a8437d2e650,53473,f0c1262bc4ef0c82,f0c1262bc4ef0c82,3e6cd7d3a5ef588d,9dde4f43ec1c6ce2,-0.66875,formation_start
R,325,Advance,10.09375,10.09375,-0.6531250005,0,ab4b437bf4e85853,1da7db3eb241b03d,54672,509511fb02d9b8c8,509511fb02d9b8c8,c439f867581fe0a0,2b767aff22685794,-0.6531250005,formation_start
R,326,Advance,10.125,10.125,-0.6375,0,f35826b4f94b2180,b756d3ab8ce7ade3,55879,a2a12e209ced490e,a2a12e209ced490e,17d491b6a08ab7fe,a2a37328250e61cc,-0.6375,formation_start
R,327,Advance,10.15625,10.15625,-0.6218750005,0,81fa0a7505694877,f9565abf6077ceea,57128,a32ab86c2b28ff6e,a32ab86c2b28ff6e,a0f71f65275cc2df,6385acf561a4c2a2,-0.6218750005,formation_start
R,328,Advance,10.1875,10.1875,-0.60625,0,72ee9813c14aa1d7,26cffd4913035eed,58330,aeced071a20cea9b,aeced071a20cea9b,8941d84d20988fe9,6c73a7eca4a4f145,-0.60625,formation_start
R,329,Advance,10.21875,10.21875,-0.5906250005,0,272a0a704faa45c4,a07384ee1fff6f33,59503,f4b30df0eb8ef35a,f4b30df0eb8ef35a,51e642be8f8e9c50,32b2ca13417f8c8d,-0.5906250005,formation_start
R,330,Advance,10.25,10.25,-0.575,0,0fdca639cb285088,9e2074af71ee7785,60751,d0194c25c0944db7,d0194c25c0944db7,ed2a8c755dff8d80,ad6d1d6355a5887c,-0.575,formation_start
R,331,Advance,10.28125,10.28125,-0.5593750005,0,93b79637b91452e2,e55697375be267fa,62464,b1867db51d026fd6,b1867db51d026fd6,a771b44c7585d040,3f009db323d3aeb1,-0.5593750005,formation_start
R,332,Advance,10.3125,10.3125,-0.54375,0,1fa6ed3355a6b7f5,29ba934fd5499cd3,63978,5059b95d4a767563,5059b95d4a767563,d43ed9a21970aac9,ebeaf72b27a22135,-0.54375,formation_start
R,333,Advance,10.34375,10.34375,-0.5281250005,0,d2831f48210f7c43,79e136c5cbad18c8,65817,1753a528e653e95a,1753a528e653e95a,74a703ec6d949205,09a24dd87bf2a242,-0.5281250005,formation_start
R,334,Advance,10.375,10.375,-0.5125,0,5880d5b08252b2ff,341c39070436b2e8,67061,33078c98176eb2ac,33078c98176eb2ac,58d8f0fe256507e0,9f3556e0ffba0d91,-0.5125,formation_start
R,335,Advance,10.40625,10.40625,-0.4968750005,0,3ad3493d4fb57e60,7d22870ab8b9d0cd,68175,eaf3e2d5a818b4bd,eaf3e2d5a818b4bd,9b5d75a74fb239dc,ea58fa2492a83fe5,-0.4968750005,formation_start
R,336,Advance,10.4375,10.4375,-0.48125,0,605408a1bdec7737,ae9add23f3227555,69278,42e47b9282c545c9,42e47b9282c545c9,a208dcb7fd5024b8,9d4a1c64547f0e1d,-0.48125,formation_start
R,337,Advance,10.46875,10.46875,-0.4656250005,0,c8ce45ade88a0497,67fa7a2b739e4c41,70457,d8130d0ebb545554,d8130d0ebb545554,555d82e9f9a8e643,e1fe02d585dbd75b,-0.4656250005,formation_start
R,338,Advance,10.5,10.5,-0.45,0,10e4b079455386b5,6438402fa5faddec,71857,1c4c9b0ca8219c2c,1c4c9b0ca8219c2c,24ea80dba904e6e7,aaa43445c8fe2ae8,-0.45,formation_start
R,339,Advance,10.53125,10.53125,-0.4343750005,0,8bbe041cd992b1f8,433b3b8b4a7bda0e,73225,ff753bde1a023b41,ff753bde1a023b41,ef7870d85f4090d3,c1717ace35e7180d,-0.4343750005,formation_start
R,340,Advance,10.5625,10.5625,-0.41875,0,3dbd907aab22f2e6,327c0e113aa7d8e8,74623,146dceebf7c9033f,146dceebf7c9033f,f19dc7b6d7748d49,3d74be79df320eb2,-0.41875,formation_start
R,341,Advance,10.59375,10.59375,-0.4031250005,0,7dfd90283617f761,c07bbfb6ff19f8be,75925,4a5d8c9d7e036b41,4a5d8c9d7e036b41,c07cbcffdda02f72,522a86136df66dc0,-0.4031250005,formation_start
R,342,Advance,10.625,10.625,-0.3875,0,db54a9b305d85487,631b901b1dd35906,77172,73f165bb7afb33b3,73f165bb7afb33b3,3c7f96f579d257d7,9a7d047a13ea8e12,-0.3875,formation_start
R,343,Advance,10.65625,10.65625,-0.3718750005,0,292fd83c9a6ce997,684ac40419fdea09,78437,5b112aefa92dc64d,5b112aefa92dc64d,76cda9e843c6ed4e,5fde3a0ae019e1dc,-0.3718750005,formation_start
R,344,Advance,10.6875,10.6875,-0.35625,0,3c5a6f756aa76237,c285d7e25cb68db8,79689,837dabbf41b47ee1,837dabbf41b47ee1,ce7913f6a203850c,400d5addfb5dcf41,-0.35625,formation_start
R,345,Advance,10.71875,10.71875,-0.3406250005,0,da20576567bdd05c,060ae7c9c627cb22,80989,baad68d6f8106ad9,baad68d6f8106ad9,765ce2617bbe836f,26ec31e2526d837d,-0.3406250005,formation_start
R,346,Advance,10.75,10.75,-0.325,0,49adc9cdd59f1fae,5e213cb90ec9c78c,82225,4e4b6e99481f43f4,4e4b6e99481f43f4,e9de90571b9ce2f2,6ab80c0455f30595,-0.325,formation_start
R,347,Advance,10.78125,10.78125,-0.3093750005,0,d301a4da9000ac93,8fc412e5a4688583,83490,b616a50d216f80bf,b616a50d216f80bf,0c3a6a8577989dd7,9e2509e52e74d536,-0.3093750005,formation_start
R,348,Advance,10.8125,10.8125,-0.293750675,0,ede4bd590c134f01,c3755686e56da0b8,88953,de6afad670be2602,de6afad670be2602,5da0341a79947e36,b2b2f3c26c2afa0e,-0.293750675,formation_start
R,349,Advance,10.84375,10.84375,-0.278153737,0,2d78e686ad3058fa,7b70368365f9f196,89751,47aead19e5f443c3,47aead19e5f443c3,b468009888241320,59d6dfa8cc91a1c4,-0.278153737,formation_start
R,350,Advance,10.875,10.875,-0.262641907,0,da6fe180c18e74b4,f03b17b9bf42e923,90501,47f3875e5fe75de9,47f3875e5fe75de9,2af6c7ffa9a3bb94,1aac155a5593aade,-0.262641907,formation_start
R,351,Advance,10.90625,10.90625,-0.24727348,0,9f7b1c28e6f70c3a,a14aa44c7937b3e3,91148,335327eeb9814c3e,335327eeb9814c3e,7d3bc0727eed8c05,78ef36d7e7abb714,-0.24727348,formation_start
R,352,Advance,10.9375,10.9375,-0.232100928,0,db789bd100bb3694,35fd849353947bde,91759,c624e92b4aceedcb,c624e92b4aceedcb,15d84ef46a8dfb90,1b8bd91731bee605,-0.232100928,formation_start
R,353,Advance,10.96875,10.96875,-0.2171768845,0,cb2c319361876c70,040e3af33aaac502,92368,8a5e0d272fead982,8a5e0d272fead982,e85d012ffa60dce4,a16e7032171ee1c9,-0.2171768845,formation_start
R,354,Advance,11,11,-0.202546296,0,efca448c0fb1c864,9758411772e3d6f6,92910,c45c0797eb43ecf9,c45c0797eb43ecf9,ecc20c745d34c6d3,bb90c498ed003acd,-0.202546296,formation_start
R,355,Advance,11.03125,11.03125,-0.1882560165,0,9e9b13cffc60d473,0c5582a2448773ed,94384,3153c471ef3a6480,3153c471ef3a6480,3ce805569467a1dc,828def6c6978a840,-0.1882560165,formation_start
R,356,Advance,11.0625,11.0625,-0.174343586,0,5c353235ddcf771b,c22481950a93b408,94421,40275b5c135b7e05,40275b5c135b7e05,56fa6166e8ae92d1,9788c0ee06545c0e,-0.174343586,formation_start
R,357,Advance,11.09375,11.09375,-0.1608499595,0,5432d92686d764dd,3cf9e4d9777ecfd2,94483,65fb395e7fad869d,65fb395e7fad869d,deb8a35fbeadaa5e,2868ed7dffa76976,-0.1608499595,formation_start
R,358,Advance,11.125,11.125,-0.147805391,0,2bcb3bfff72e5fdc,f45b449eb88c5828,94518,be887c016ca01140,be887c016ca01140,56a4db37fce67b49,1ec27554c2481e5d,-0.147805391,formation_start
R,359,Advance,11.15625,11.15625,-0.1352448165,0,7d2963f998419838,1a632d86d9440e7d,94548,eab9cd41a2def743,eab9cd41a2def743,ac857c1b403846fd,e0766c9ab23c2278,-0.1352448165,formation_start
R,360,Advance,11.1875,11.1875,-0.123191321,0,37a5ed0de8fb89d5,ae1a91a5f8daaa57,94591,9d0d85d3f8fcb58a,9d0d85d3f8fcb58a,d1c673446f70ddf1,f5220a80560ecc65,-0.123191321,formation_start
R,361,Advance,11.21875,11.21875,-0.111673708,0,c0fd57692f84de68,c8cc06c4b583fdd1,94618,37e4e2aae021300c,37e4e2aae021300c,9bca30e0d7cfc7ff,6a7a056e40c02564,-0.111673708,formation_start
R,362,Advance,11.25,11.25,-0.100708008,0,33caa39077d13469,8b366ab650aa54b1,94645,bed5baecdc464085,bed5baecdc464085,09c25667e6da4ca2,b0aab2dfbd80d32b,-0.100708008,formation_start
R,363,Advance,11.28125,11.28125,-0.090316772,0,b32e0568d4ecbbd3,59885fe4473a0355,94800,13e0116a8fd321a5,13e0116a8fd321a5,57365a2e1bc55374,5ee76a8650c09836,-0.090316772,formation_start
R,364,Advance,11.3125,11.3125,-0.080509097,0,e97f7975f3b67427,59885fe4473a0355,94800,8af7a7cec923eba8,8af7a7cec923eba8,e0c1efc2341b0740,bc68422fd0d67e4a,-0.080509097,formation_start
R,365,Advance,11.34375,11.34375,-0.0713011655,0,3bdd199f906851f8,59885fe4473a0355,94800,7cbb8e3b1fdbc34d,7cbb8e3b1fdbc34d,b78e912bbee88f36,add2dffe75315dd0,-0.0713011655,formation_start
R,366,Advance,11.375,11.375,-0.062695256,0,19214893bc78254e,59885fe4473a0355,94800,d1ff24d83e78b885,d1ff24d83e78b885,61b5b9e3adb9e2a2,e35c14bedce8c185,-0.062695256,formation_start
R,367,Advance,11.40625,11.40625,-0.054701063,0,9c14bb76a3941c0d,59885fe4473a0355,94800,cbfb63a78a6f96d7,cbfb63a78a6f96d7,9c5d4e2d6a442f7c,6ee0b5864bd38984,-0.054701063,formation_start
R,368,Advance,11.4375,11.4375,-0.047314167,0,7f4b0279e3d76a95,59885fe4473a0355,94800,19a6ebcd62cba58e,19a6ebcd62cba58e,60f9e7150a65f4d5,6eb7c42663a062c3,-0.047314167,formation_start
R,369,Advance,11.46875,11.46875,-0.040537657000000005,0,9f60ee4d7420d5e4,59885fe4473a0355,94800,6f255e004d10d6d5,6f255e004d10d6d5,e21f03c0bab65da7,a02cc98309fd0a9d,-0.040537657000000005,formation_start
R,370,Advance,11.5,11.5,-0.034360532,0,ddb817e3c5f80182,59885fe4473a0355,94800,b8f7c2beb781acb3,b8f7c2beb781acb3,97b3485798c9b7de,cafba149996f4d80,-0.034360532,formation_start
R,371,Advance,11.53125,11.53125,-0.028779159,0,aacd1eb31ba9837f,59885fe4473a0355,94800,9e8369397952dfa0,9e8369397952dfa0,910d6b878446d423,4b203a06c27a06bf,-0.028779159,formation_start
R,372,Advance,11.5625,11.5625,-0.023776072,0,767723ede4d14365,59885fe4473a0355,94800,621e33a5c9c8256f,621e33a5c9c8256f,28fdd6c3ae98fdc8,35179117b92f3599,-0.023776072,formation_start
R,373,Advance,11.59375,11.59375,-0.0193407975,0,5bf534c801b49b1c,59885fe4473a0355,94800,cfb88a1758f5f23b,cfb88a1758f5f23b,ac7718e058e74c6c,0853cb7265b33793,-0.0193407975,formation_start
R,374,Advance,11.625,11.625,-0.015449524,0,6899d5f64d237526,59885fe4473a0355,94800,65eaf8e17c28f8c6,65eaf8e17c28f8c6,68319762b54531fa,8b8b3266f626b033,-0.015449524,formation_start
R,375,Advance,11.65625,11.65625,-0.0120848195,0,4be63a63f6efaf4b,59885fe4473a0355,94800,bf6e2f7ce1433a1d,bf6e2f7ce1433a1d,0b1d18c990be7b00,c403ac336962aa7d,-0.0120848195,formation_start
R,376,Advance,11.6875,11.6875,-0.009216644,0,c0ff6fa2f82574e6,59885fe4473a0355,94800,24f12e27add61164,24f12e27add61164,866539769ee29911,aff7464433dfa84c,-0.009216644,formation_start
R,377,Advance,11.71875,11.71875,-0.00682049,0,71d24f5ae84ac4ae,59885fe4473a0355,94800,df64ef38bcd8a0a3,df64ef38bcd8a0a3,ccf4e79e1d852c87,1f137baedb4ade1d,-0.00682049,formation_start
R,378,Advance,11.75,11.75,-0.004860207,0,093b833047b96bb3,59885fe4473a0355,94800,4e1228578fd262db,4e1228578fd262db,5d1f58146301efee,4d74986c4b687aaa,-0.004860207,formation_start
R,379,Advance,11.78125,11.78125,-0.0033040925,0,912cd86c50cf2c8f,59885fe4473a0355,94800,3a104c7ddb04f874,3a104c7ddb04f874,8f31d3a6eab92450,02989c3b68bc9a5e,-0.0033040925,formation_start
R,380,Advance,11.8125,11.8125,-0.002110004,0,8a3b3228357d5155,59885fe4473a0355,94800,c6e8989ba555d3b4,c6e8989ba555d3b4,4f173d8d0e384e19,26ad5adc8f7b3a27,-0.002110004,formation_start
R,381,Advance,11.84375,11.84375,-0.0012389285,0,154c014a19063fcc,59885fe4473a0355,94800,4425d948eed5ffcf,4425d948eed5ffcf,66cbbd04cf2a71a7,72b92b0351ec41e8,-0.0012389285,formation_start
R,382,Advance,11.875,11.875,-0.000642847,0,2ba901dc91d029d7,59885fe4473a0355,94800,42b9727ef743fae3,42b9727ef743fae3,c70324b6e91ce1fb,5fd0a3d7c03df93a,-0.000642847,formation_start
R,383,Advance,11.90625,11.90625,-0.00027531699999999997,0,708b9192c8ab4d2f,59885fe4473a0355,94800,4c7e690fb5169170,4c7e690fb5169170,98f4ecbdfc3a67ab,7a55064b6cd91206,-0.00027531699999999997,formation_start
R,384,Advance,11.9375,11.9375,-8.2563E-05,0,ccf0d6dab1165aac,59885fe4473a0355,94800,d6d8dc437d8ab293,d6d8dc437d8ab293,c2327a2d6a9974ee,8d10089142fef5a4,-8.2563E-05,formation_start
R,385,Advance,11.96875,11.96875,-1.0596E-05,0,2a5350f766a72c8a,59885fe4473a0355,94800,adf034544c4a182f,adf034544c4a182f,d64a06224bdfc743,1009389c3da51edc,-1.0596E-05,formation_start
R,386,Advance,12,12,0,0,5305ac3d12f30b5c,59885fe4473a0355,94800,85b57a1f76422f9c,85b57a1f76422f9c,38bdfab8c8a7a896,24836fc11afa34a9,0,formation_start|t_star
R,387,Advance,12.03125,12,0,0,5305ac3d12f30b5c,59885fe4473a0355,94800,85b57a1f76422f9c,85b57a1f76422f9c,38bdfab8c8a7a896,24836fc11afa34a9,0,formation_start|t_star
R,388,Advance,12.0625,12,0,0,5305ac3d12f30b5c,59885fe4473a0355,94800,85b57a1f76422f9c,85b57a1f76422f9c,38bdfab8c8a7a896,24836fc11afa34a9,0,formation_start|t_star
R,389,Advance,12.09375,12,0,0,5305ac3d12f30b5c,59885fe4473a0355,94800,85b57a1f76422f9c,85b57a1f76422f9c,38bdfab8c8a7a896,24836fc11afa34a9,0,formation_start|t_star
R,390,Advance,12.125,12,0,0,5305ac3d12f30b5c,59885fe4473a0355,94800,85b57a1f76422f9c,85b57a1f76422f9c,38bdfab8c8a7a896,24836fc11afa34a9,0,formation_start|t_star
R,391,Advance,12.15625,12,0,0,5305ac3d12f30b5c,59885fe4473a0355,94800,85b57a1f76422f9c,85b57a1f76422f9c,38bdfab8c8a7a896,24836fc11afa34a9,0,formation_start|t_star
R,392,Advance,12.1875,12,0,0,5305ac3d12f30b5c,59885fe4473a0355,94800,85b57a1f76422f9c,85b57a1f76422f9c,38bdfab8c8a7a896,24836fc11afa34a9,0,formation_start|t_star
R,393,Advance,12.21875,12,0,0,5305ac3d12f30b5c,59885fe4473a0355,94800,85b57a1f76422f9c,85b57a1f76422f9c,38bdfab8c8a7a896,24836fc11afa34a9,0,formation_start|t_star
R,394,Advance,12.25,12,0,0,5305ac3d12f30b5c,59885fe4473a0355,94800,85b57a1f76422f9c,85b57a1f76422f9c,38bdfab8c8a7a896,24836fc11afa34a9,0,formation_start|t_star
R,395,Advance,12.28125,12,0,0,5305ac3d12f30b5c,59885fe4473a0355,94800,85b57a1f76422f9c,85b57a1f76422f9c,38bdfab8c8a7a896,24836fc11afa34a9,0,formation_start|t_star
R,396,Advance,12.3125,12,0,0,5305ac3d12f30b5c,59885fe4473a0355,94800,85b57a1f76422f9c,85b57a1f76422f9c,38bdfab8c8a7a896,24836fc11afa34a9,0,formation_start|t_star
R,397,Advance,12.34375,12,0,0,5305ac3d12f30b5c,59885fe4473a0355,94800,85b57a1f76422f9c,85b57a1f76422f9c,38bdfab8c8a7a896,24836fc11afa34a9,0,formation_start|t_star
R,398,Advance,12.375,12,0,0,5305ac3d12f30b5c,59885fe4473a0355,94800,85b57a1f76422f9c,85b57a1f76422f9c,38bdfab8c8a7a896,24836fc11afa34a9,0,formation_start|t_star
R,399,Advance,12.40625,12,0,0,5305ac3d12f30b5c,59885fe4473a0355,94800,85b57a1f76422f9c,85b57a1f76422f9c,38bdfab8c8a7a896,24836fc11afa34a9,0,formation_start|t_star
R,400,Advance,12.4375,12,0,0,5305ac3d12f30b5c,59885fe4473a0355,94800,85b57a1f76422f9c,85b57a1f76422f9c,38bdfab8c8a7a896,24836fc11afa34a9,0,formation_start|t_star
R,401,Advance,12.46875,12,0,0,5305ac3d12f30b5c,59885fe4473a0355,94800,85b57a1f76422f9c,85b57a1f76422f9c,38bdfab8c8a7a896,24836fc11afa34a9,0,formation_start|t_star
R,402,Advance,12.5,12,0,0,5305ac3d12f30b5c,59885fe4473a0355,94800,85b57a1f76422f9c,85b57a1f76422f9c,38bdfab8c8a7a896,24836fc11afa34a9,0,formation_start|t_star
R,403,Advance,12.53125,12,0,0,5305ac3d12f30b5c,59885fe4473a0355,94800,85b57a1f76422f9c,85b57a1f76422f9c,38bdfab8c8a7a896,24836fc11afa34a9,0,formation_start|t_star
R,404,Advance,12.5625,12,0,0,5305ac3d12f30b5c,59885fe4473a0355,94800,85b57a1f76422f9c,85b57a1f76422f9c,38bdfab8c8a7a896,24836fc11afa34a9,0,formation_start|t_star
R,405,Advance,12.59375,12,0,0,5305ac3d12f30b5c,59885fe4473a0355,94800,85b57a1f76422f9c,85b57a1f76422f9c,38bdfab8c8a7a896,24836fc11afa34a9,0,formation_start|t_star
R,406,Advance,12.625,12,0,0,5305ac3d12f30b5c,59885fe4473a0355,94800,85b57a1f76422f9c,85b57a1f76422f9c,38bdfab8c8a7a896,24836fc11afa34a9,0,formation_start|t_star
R,407,Advance,12.65625,12,0,0,5305ac3d12f30b5c,59885fe4473a0355,94800,85b57a1f76422f9c,85b57a1f76422f9c,38bdfab8c8a7a896,24836fc11afa34a9,0,formation_start|t_star
R,408,Advance,12.6875,12,0,0,5305ac3d12f30b5c,59885fe4473a0355,94800,85b57a1f76422f9c,85b57a1f76422f9c,38bdfab8c8a7a896,24836fc11afa34a9,0,formation_start|t_star
R,409,Advance,12.71875,12,0,0,5305ac3d12f30b5c,59885fe4473a0355,94800,85b57a1f76422f9c,85b57a1f76422f9c,38bdfab8c8a7a896,24836fc11afa34a9,0,formation_start|t_star
R,410,Advance,12.75,12,0,0,5305ac3d12f30b5c,59885fe4473a0355,94800,85b57a1f76422f9c,85b57a1f76422f9c,38bdfab8c8a7a896,24836fc11afa34a9,0,formation_start|t_star
R,411,Advance,12.78125,12,0,0,5305ac3d12f30b5c,59885fe4473a0355,94800,85b57a1f76422f9c,85b57a1f76422f9c,38bdfab8c8a7a896,24836fc11afa34a9,0,formation_start|t_star
R,412,Advance,12.8125,12,0,0,5305ac3d12f30b5c,59885fe4473a0355,94800,85b57a1f76422f9c,85b57a1f76422f9c,38bdfab8c8a7a896,24836fc11afa34a9,0,formation_start|t_star
R,413,Advance,12.84375,12,0,0,5305ac3d12f30b5c,59885fe4473a0355,94800,85b57a1f76422f9c,85b57a1f76422f9c,38bdfab8c8a7a896,24836fc11afa34a9,0,formation_start|t_star
R,414,Advance,12.875,12,0,0,5305ac3d12f30b5c,59885fe4473a0355,94800,85b57a1f76422f9c,85b57a1f76422f9c,38bdfab8c8a7a896,24836fc11afa34a9,0,formation_start|t_star
R,415,Advance,12.90625,12,0,0,5305ac3d12f30b5c,59885fe4473a0355,94800,85b57a1f76422f9c,85b57a1f76422f9c,38bdfab8c8a7a896,24836fc11afa34a9,0,formation_start|t_star
R,416,Advance,12.9375,12,0,0,5305ac3d12f30b5c,59885fe4473a0355,94800,85b57a1f76422f9c,85b57a1f76422f9c,38bdfab8c8a7a896,24836fc11afa34a9,0,formation_start|t_star
R,417,Advance,12.96875,12,0,0,5305ac3d12f30b5c,59885fe4473a0355,94800,85b57a1f76422f9c,85b57a1f76422f9c,38bdfab8c8a7a896,24836fc11afa34a9,0,formation_start|t_star
R,418,Advance,13,12,0,0,5305ac3d12f30b5c,59885fe4473a0355,94800,85b57a1f76422f9c,85b57a1f76422f9c,38bdfab8c8a7a896,24836fc11afa34a9,0,formation_start|t_star
R,419,Advance,13.03125,12,0,0,5305ac3d12f30b5c,59885fe4473a0355,94800,85b57a1f76422f9c,85b57a1f76422f9c,38bdfab8c8a7a896,24836fc11afa34a9,0,formation_start|t_star
R,420,Advance,13.0625,12,0,0,5305ac3d12f30b5c,59885fe4473a0355,94800,85b57a1f76422f9c,85b57a1f76422f9c,38bdfab8c8a7a896,24836fc11afa34a9,0,formation_start|t_star
R,421,Advance,13.09375,12,0,0,5305ac3d12f30b5c,59885fe4473a0355,94800,85b57a1f76422f9c,85b57a1f76422f9c,38bdfab8c8a7a896,24836fc11afa34a9,0,formation_start|t_star
R,422,Advance,13.125,12,0,0,5305ac3d12f30b5c,59885fe4473a0355,94800,85b57a1f76422f9c,85b57a1f76422f9c,38bdfab8c8a7a896,24836fc11afa34a9,0,formation_start|t_star
R,423,Advance,13.15625,12,0,0,5305ac3d12f30b5c,59885fe4473a0355,94800,85b57a1f76422f9c,85b57a1f76422f9c,38bdfab8c8a7a896,24836fc11afa34a9,0,formation_start|t_star
R,424,Advance,13.1875,12,0,0,5305ac3d12f30b5c,59885fe4473a0355,94800,85b57a1f76422f9c,85b57a1f76422f9c,38bdfab8c8a7a896,24836fc11afa34a9,0,formation_start|t_star
R,425,Advance,13.21875,12,0,0,5305ac3d12f30b5c,59885fe4473a0355,94800,85b57a1f76422f9c,85b57a1f76422f9c,38bdfab8c8a7a896,24836fc11afa34a9,0,formation_start|t_star
R,426,Advance,13.25,12,0,0,5305ac3d12f30b5c,59885fe4473a0355,94800,85b57a1f76422f9c,85b57a1f76422f9c,38bdfab8c8a7a896,24836fc11afa34a9,0,formation_start|t_star
R,427,Advance,13.28125,12,0,0,5305ac3d12f30b5c,59885fe4473a0355,94800,85b57a1f76422f9c,85b57a1f76422f9c,38bdfab8c8a7a896,24836fc11afa34a9,0,formation_start|t_star
R,428,Advance,13.3125,12,0,0,5305ac3d12f30b5c,59885fe4473a0355,94800,85b57a1f76422f9c,85b57a1f76422f9c,38bdfab8c8a7a896,24836fc11afa34a9,0,formation_start|t_star
R,429,Advance,13.34375,12,0,0,5305ac3d12f30b5c,59885fe4473a0355,94800,85b57a1f76422f9c,85b57a1f76422f9c,38bdfab8c8a7a896,24836fc11afa34a9,0,formation_start|t_star
R,430,Advance,13.375,12,0,0,5305ac3d12f30b5c,59885fe4473a0355,94800,85b57a1f76422f9c,85b57a1f76422f9c,38bdfab8c8a7a896,24836fc11afa34a9,0,formation_start|t_star
R,431,Advance,13.40625,12,0,0,5305ac3d12f30b5c,59885fe4473a0355,94800,85b57a1f76422f9c,85b57a1f76422f9c,38bdfab8c8a7a896,24836fc11afa34a9,0,formation_start|t_star
R,432,Advance,13.4375,12,0,0,5305ac3d12f30b5c,59885fe4473a0355,94800,85b57a1f76422f9c,85b57a1f76422f9c,38bdfab8c8a7a896,24836fc11afa34a9,0,formation_start|t_star
R,433,Advance,13.46875,12,0,0,5305ac3d12f30b5c,59885fe4473a0355,94800,85b57a1f76422f9c,85b57a1f76422f9c,38bdfab8c8a7a896,24836fc11afa34a9,0,formation_start|t_star
R,434,Advance,13.5,12,0,0,5305ac3d12f30b5c,59885fe4473a0355,94800,85b57a1f76422f9c,85b57a1f76422f9c,38bdfab8c8a7a896,24836fc11afa34a9,0,formation_start|t_star
R,435,Advance,13.53125,12,0,0,5305ac3d12f30b5c,59885fe4473a0355,94800,85b57a1f76422f9c,85b57a1f76422f9c,38bdfab8c8a7a896,24836fc11afa34a9,0,formation_start|t_star
R,436,Advance,13.5625,12,0,0,5305ac3d12f30b5c,59885fe4473a0355,94800,85b57a1f76422f9c,85b57a1f76422f9c,38bdfab8c8a7a896,24836fc11afa34a9,0,formation_start|t_star
R,437,Advance,13.59375,12,0,0,5305ac3d12f30b5c,59885fe4473a0355,94800,85b57a1f76422f9c,85b57a1f76422f9c,38bdfab8c8a7a896,24836fc11afa34a9,0,formation_start|t_star
R,438,Advance,13.625,12,0,0,5305ac3d12f30b5c,59885fe4473a0355,94800,85b57a1f76422f9c,85b57a1f76422f9c,38bdfab8c8a7a896,24836fc11afa34a9,0,formation_start|t_star
R,439,Advance,13.65625,12,0,0,5305ac3d12f30b5c,59885fe4473a0355,94800,85b57a1f76422f9c,85b57a1f76422f9c,38bdfab8c8a7a896,24836fc11afa34a9,0,formation_start|t_star
R,440,Advance,13.6875,12,0,0,5305ac3d12f30b5c,59885fe4473a0355,94800,85b57a1f76422f9c,85b57a1f76422f9c,38bdfab8c8a7a896,24836fc11afa34a9,0,formation_start|t_star
R,441,Advance,13.71875,12,0,0,5305ac3d12f30b5c,59885fe4473a0355,94800,85b57a1f76422f9c,85b57a1f76422f9c,38bdfab8c8a7a896,24836fc11afa34a9,0,formation_start|t_star
R,442,Advance,13.75,12,0,0,5305ac3d12f30b5c,59885fe4473a0355,94800,85b57a1f76422f9c,85b57a1f76422f9c,38bdfab8c8a7a896,24836fc11afa34a9,0,formation_start|t_star
R,443,Advance,13.78125,12,0,0,5305ac3d12f30b5c,59885fe4473a0355,94800,85b57a1f76422f9c,85b57a1f76422f9c,38bdfab8c8a7a896,24836fc11afa34a9,0,formation_start|t_star
R,444,Advance,13.8125,12,0,0,5305ac3d12f30b5c,59885fe4473a0355,94800,85b57a1f76422f9c,85b57a1f76422f9c,38bdfab8c8a7a896,24836fc11afa34a9,0,formation_start|t_star
R,445,Advance,13.84375,12,0,0,5305ac3d12f30b5c,59885fe4473a0355,94800,85b57a1f76422f9c,85b57a1f76422f9c,38bdfab8c8a7a896,24836fc11afa34a9,0,formation_start|t_star
R,446,Advance,13.875,12,0,0,5305ac3d12f30b5c,59885fe4473a0355,94800,85b57a1f76422f9c,85b57a1f76422f9c,38bdfab8c8a7a896,24836fc11afa34a9,0,formation_start|t_star
R,447,Advance,13.90625,12,0,0,5305ac3d12f30b5c,59885fe4473a0355,94800,85b57a1f76422f9c,85b57a1f76422f9c,38bdfab8c8a7a896,24836fc11afa34a9,0,formation_start|t_star
R,448,Advance,13.9375,12,0,0,5305ac3d12f30b5c,59885fe4473a0355,94800,85b57a1f76422f9c,85b57a1f76422f9c,38bdfab8c8a7a896,24836fc11afa34a9,0,formation_start|t_star
R,449,Advance,13.96875,12,0,0,5305ac3d12f30b5c,59885fe4473a0355,94800,85b57a1f76422f9c,85b57a1f76422f9c,38bdfab8c8a7a896,24836fc11afa34a9,0,formation_start|t_star
R,450,Advance,14,12,0,0,5305ac3d12f30b5c,59885fe4473a0355,94800,85b57a1f76422f9c,85b57a1f76422f9c,38bdfab8c8a7a896,24836fc11afa34a9,0,formation_start|t_star|hold_end
S1,469,Initialise,0,0,-7.889253653,0,172feed9ab691c94,55873fecc61a79e8,0,ca4b2c32ecd8b922,ca4b2c32ecd8b922,4e6b2ff3cdc6b0bf,ac6b9b6252b7a150,-7.889253653,
S1,470,Advance,0.03125,0.03125,-7.858003653,0,33e72926208f6c1a,55873fecc61a79e8,0,7b19e6c456e810b9,7b19e6c456e810b9,8480a4431255ae39,ac6b9b6252b7a150,-7.858003653,
S1,471,Advance,0.0625,0.0625,-7.826753653,0,c78d8b841bf28eef,55873fecc61a79e8,0,6ce1668c00a8ebc5,6ce1668c00a8ebc5,5f31ad7a742a0827,ac6b9b6252b7a150,-7.826753653,
S1,472,Advance,0.09375,0.09375,-7.795503653,0,50f93342290aca59,55873fecc61a79e8,0,fd17d1cd776175f2,fd17d1cd776175f2,97cd37cea31d2a4a,ac6b9b6252b7a150,-7.795503653,
S1,473,Advance,0.125,0.125,-7.764253653,0,43f8b93381be665d,55873fecc61a79e8,0,2a6a2cac807e139c,2a6a2cac807e139c,093620dca88516b7,ac6b9b6252b7a150,-7.764253653,
S1,474,Advance,0.15625,0.15625,-7.733003653,0,ee76f77b368a0bd3,55873fecc61a79e8,0,fa959687b225ccf9,fa959687b225ccf9,949d4da96e1c9e55,ac6b9b6252b7a150,-7.733003653,
S1,475,Advance,0.1875,0.1875,-7.701753653,0,9b3e57da15ff2091,55873fecc61a79e8,0,fe014cd6a6705201,fe014cd6a6705201,b5f4c9404d267c09,ac6b9b6252b7a150,-7.701753653,
S1,476,Advance,0.21875,0.21875,-7.670503653,0,3364d2b3ea91d185,55873fecc61a79e8,0,93d8df89fb359e5b,93d8df89fb359e5b,c03015d02c00d76f,ac6b9b6252b7a150,-7.670503653,
S1,477,Advance,0.25,0.25,-7.639253653,0,e8b9299724e8ac05,55873fecc61a79e8,0,87aa84b472cb0668,87aa84b472cb0668,c32a7e8c9b98a3a7,ac6b9b6252b7a150,-7.639253653,
S1,478,Advance,0.28125,0.28125,-7.608003653,0,7c28173b4d8f882d,55873fecc61a79e8,0,4724691f6ebd0233,4724691f6ebd0233,5416f1f6130b98ac,ac6b9b6252b7a150,-7.608003653,
S1,479,Advance,0.3125,0.3125,-7.576753653,0,d28fa50c72389e4c,55873fecc61a79e8,0,56057c142daaf468,56057c142daaf468,a00f99dc6b66c2cb,ac6b9b6252b7a150,-7.576753653,
S1,480,Advance,0.34375,0.34375,-7.545503653,0,0eb326ad6c113851,55873fecc61a79e8,0,6a5da636386a1673,6a5da636386a1673,29445b06ddb89e35,ac6b9b6252b7a150,-7.545503653,
S1,481,Advance,0.375,0.375,-7.514253653,0,b658575d901bdf22,55873fecc61a79e8,0,d7bae244c591514b,d7bae244c591514b,6f4db603eae0b178,ac6b9b6252b7a150,-7.514253653,
S1,482,Advance,0.40625,0.40625,-7.483003653,0,36bc8742d507b43c,55873fecc61a79e8,0,e363ff9bbab18b93,e363ff9bbab18b93,a73083ea7ababa16,ac6b9b6252b7a150,-7.483003653,
S1,483,Advance,0.4375,0.4375,-7.451753653,0,2a041f2420028433,55873fecc61a79e8,0,b87f885aaf97caa8,b87f885aaf97caa8,adfe52e021e310c2,ac6b9b6252b7a150,-7.451753653,
S1,484,Advance,0.46875,0.46875,-7.420503653,0,e8ce162ae80daf1f,55873fecc61a79e8,0,cbfc9f707209cde6,cbfc9f707209cde6,f2cd1364ade97d63,ac6b9b6252b7a150,-7.420503653,
S1,485,Advance,0.5,0.5,-7.389253653,0,2c83e2f886f068e6,55873fecc61a79e8,0,10078762f02238d9,10078762f02238d9,c02f143bbfb6159d,ac6b9b6252b7a150,-7.389253653,
S1,486,Advance,0.53125,0.53125,-7.358003653,0,092f667824ce109f,55873fecc61a79e8,0,30cced1208b35255,30cced1208b35255,86021fa755252323,ac6b9b6252b7a150,-7.358003653,
S1,487,Advance,0.5625,0.5625,-7.326753653,0,3ca10923adc15c27,55873fecc61a79e8,0,e0b23b78bb345263,e0b23b78bb345263,ec25acdada19aec6,ac6b9b6252b7a150,-7.326753653,
S1,488,Advance,0.59375,0.59375,-7.295503653,0,e9c729b56ab380f8,55873fecc61a79e8,0,5018dfa4b82d3349,5018dfa4b82d3349,c3333b19a9e02f13,ac6b9b6252b7a150,-7.295503653,
S1,489,Advance,0.625,0.625,-7.264253653,0,7302ebd9881575ce,55873fecc61a79e8,0,1f054ff7dc1418ed,1f054ff7dc1418ed,060e14b2ea235af8,ac6b9b6252b7a150,-7.264253653,
S1,490,Advance,0.65625,0.65625,-7.233003653,0,a6f12a0843b63cd3,55873fecc61a79e8,0,7ee4e4025474e16f,7ee4e4025474e16f,341d6e27e2a7621c,ac6b9b6252b7a150,-7.233003653,
S1,491,Advance,0.6875,0.6875,-7.201753653,0,1af0e8b82ed4e0ab,55873fecc61a79e8,0,305d0afd9a18386d,305d0afd9a18386d,ee4e81c2492bce19,ac6b9b6252b7a150,-7.201753653,
S1,492,Advance,0.71875,0.71875,-7.170503653,0,f96c21fb846e39e1,55873fecc61a79e8,0,285f1164f2e47aca,285f1164f2e47aca,1ffff38c3832a731,ac6b9b6252b7a150,-7.170503653,
S1,493,Advance,0.75,0.75,-7.139253653,0,8451e8dd49173cce,55873fecc61a79e8,0,12aeee830423afd3,12aeee830423afd3,a89142dd476bff8b,ac6b9b6252b7a150,-7.139253653,
S1,494,Advance,0.78125,0.78125,-7.108003653,0,131038355f7a74e9,55873fecc61a79e8,0,7bfabab702123296,7bfabab702123296,bde68c5a620adbf7,ac6b9b6252b7a150,-7.108003653,
S1,495,Advance,0.8125,0.8125,-7.076753653,0,9d8b9429478ba1fd,55873fecc61a79e8,0,36f3a3db89c07f4b,36f3a3db89c07f4b,01516b75db61178e,ac6b9b6252b7a150,-7.076753653,
S1,496,Advance,0.84375,0.84375,-7.045503653,0,13f6d4296f4cc6c7,55873fecc61a79e8,0,7718363de1526b85,7718363de1526b85,26568cf8c7c91a05,ac6b9b6252b7a150,-7.045503653,
S1,497,Advance,0.875,0.875,-7.014253653,0,ad2fcfa271d7ae52,55873fecc61a79e8,0,9c9cfc524042ffec,9c9cfc524042ffec,efbb290efc14d8a9,ac6b9b6252b7a150,-7.014253653,
S1,498,Advance,0.90625,0.90625,-6.983003653,0,19dbbc9b3c3f2109,55873fecc61a79e8,0,7eeca61b69825762,7eeca61b69825762,8e3471b87589c56d,ac6b9b6252b7a150,-6.983003653,
S1,499,Advance,0.9375,0.9375,-6.951753653,0,b363a361df93f4fd,55873fecc61a79e8,0,f9e35cbccaedaadb,f9e35cbccaedaadb,adca1e13cef7e078,ac6b9b6252b7a150,-6.951753653,
S1,500,Advance,0.96875,0.96875,-6.920503653,0,2b9d6c48b27b26c4,55873fecc61a79e8,0,8fadbe4bfc80f079,8fadbe4bfc80f079,d0c9ade0c15154f8,ac6b9b6252b7a150,-6.920503653,
S1,501,Advance,1,1,-6.889253653,0,84a2d6b4a2f136f9,55873fecc61a79e8,0,63824ad79910023f,63824ad79910023f,8cf7252e2379ace5,ac6b9b6252b7a150,-6.889253653,
S1,502,Advance,1.03125,1.03125,-6.858003653,0,10a909b8a93451c4,55873fecc61a79e8,0,e5e92a7b10fbf214,e5e92a7b10fbf214,c924591ad7bbf8f1,ac6b9b6252b7a150,-6.858003653,
S1,503,Advance,1.0625,1.0625,-6.826753653,0,1b935b27f3a4da42,55873fecc61a79e8,0,8a372fbf000bbae3,8a372fbf000bbae3,573855f2ffedaa6a,ac6b9b6252b7a150,-6.826753653,
S1,504,Advance,1.09375,1.09375,-6.795503653,0,dd47d0e7eb99fd8a,55873fecc61a79e8,0,451002fcd2326c4d,451002fcd2326c4d,d0586b1b6e02f6c1,ac6b9b6252b7a150,-6.795503653,
S1,505,Advance,1.125,1.125,-6.764253653,0,70752f894bcb3d52,55873fecc61a79e8,0,d570254533b8299e,d570254533b8299e,171ab36aa9613d57,ac6b9b6252b7a150,-6.764253653,
S1,506,Advance,1.15625,1.15625,-6.733003653,0,e32932df5f81aa4a,55873fecc61a79e8,0,0515f359c2280093,0515f359c2280093,8bb349921243aa30,ac6b9b6252b7a150,-6.733003653,
S1,507,Advance,1.1875,1.1875,-6.701753653,0,c92058c9b57647df,55873fecc61a79e8,0,2b467e31afcf3939,2b467e31afcf3939,c59b4d5903753f2f,ac6b9b6252b7a150,-6.701753653,
S1,508,Advance,1.21875,1.21875,-6.670503653,0,e87371d7c3682a44,55873fecc61a79e8,0,0d67a4c566d3755e,0d67a4c566d3755e,3e5eed5f56e97310,ac6b9b6252b7a150,-6.670503653,
S1,509,Advance,1.25,1.25,-6.639253653,0,74c438a968a95ea9,55873fecc61a79e8,0,d03092c5d9840b1a,d03092c5d9840b1a,ef849ab10d3ed241,ac6b9b6252b7a150,-6.639253653,
S1,510,Advance,1.28125,1.28125,-6.608003653,0,feccc3209b8a6a7d,55873fecc61a79e8,0,2b39501220ffb918,2b39501220ffb918,6f195aaadeeb4c7a,ac6b9b6252b7a150,-6.608003653,
S1,511,Advance,1.3125,1.3125,-6.576753653,0,06efcd6e57377bd1,55873fecc61a79e8,0,be90998cf2ec2ed7,be90998cf2ec2ed7,75bafd136efa25f1,ac6b9b6252b7a150,-6.576753653,
S1,512,Advance,1.34375,1.34375,-6.545503653,0,ad43f70849e026f8,55873fecc61a79e8,0,3ebafcf66db2221f,3ebafcf66db2221f,6ce8c532d8301ada,ac6b9b6252b7a150,-6.545503653,
S1,513,Advance,1.375,1.375,-6.514253653,0,3d7a077324a38d55,55873fecc61a79e8,0,526cc5b7254751bb,526cc5b7254751bb,90c7594f7700a460,ac6b9b6252b7a150,-6.514253653,
S1,514,Advance,1.40625,1.40625,-6.483003653,0,0979933013ad9b6c,55873fecc61a79e8,0,b8f2fc7c2803f06d,b8f2fc7c2803f06d,2e5c55d7dc198588,ac6b9b6252b7a150,-6.483003653,
S1,515,Advance,1.4375,1.4375,-6.451753653,0,56a16d36e4fa829c,55873fecc61a79e8,0,9792c0c63706183c,9792c0c63706183c,8c2786e2d06d3396,ac6b9b6252b7a150,-6.451753653,
S1,516,Advance,1.46875,1.46875,-6.420503653,0,aed9ee3655c68166,55873fecc61a79e8,0,d0e8956c3ad6aa89,d0e8956c3ad6aa89,7158ac635c13e556,ac6b9b6252b7a150,-6.420503653,
S1,517,Advance,1.5,1.5,-6.389253653,0,42bc9862a0699918,55873fecc61a79e8,0,352efaf1bfe30f3c,352efaf1bfe30f3c,96a386de0f1fd865,ac6b9b6252b7a150,-6.389253653,
S1,518,Advance,1.53125,1.53125,-6.358003653,0,d3500a9fcaeea24f,55873fecc61a79e8,0,90b19e462d87626b,90b19e462d87626b,a811a7c746e33da7,ac6b9b6252b7a150,-6.358003653,
S1,519,Advance,1.5625,1.5625,-6.326753653,0,72c2b6c841024e8b,55873fecc61a79e8,0,fdce28b3dee57736,fdce28b3dee57736,4175964febc6f735,ac6b9b6252b7a150,-6.326753653,
S1,520,Advance,1.59375,1.59375,-6.295503653,0,91d3e7539e0546f7,55873fecc61a79e8,0,9e19953aac607d08,9e19953aac607d08,385fec016ed490fc,ac6b9b6252b7a150,-6.295503653,
S1,521,Advance,1.625,1.625,-6.264253653,0,5365f38b3ca901e0,55873fecc61a79e8,0,1398022745c7f3c8,1398022745c7f3c8,7dd6c2d99e3b2946,ac6b9b6252b7a150,-6.264253653,
S1,522,Advance,1.65625,1.65625,-6.233003653,0,3291a6e798f90130,55873fecc61a79e8,0,d82f9c1b01ff7c7d,d82f9c1b01ff7c7d,5f879d61c3518a22,ac6b9b6252b7a150,-6.233003653,
S1,523,Advance,1.6875,1.6875,-6.201753653,0,a0b852293d046b50,55873fecc61a79e8,0,cdf59fd54966a4fd,cdf59fd54966a4fd,beb349786349f7ad,ac6b9b6252b7a150,-6.201753653,
S1,524,Advance,1.71875,1.71875,-6.170503653,0,3fd50aab6c3f1ada,55873fecc61a79e8,0,2625f1528a7cb1a8,2625f1528a7cb1a8,1d5c3700b03a5cb4,ac6b9b6252b7a150,-6.170503653,
S1,525,Advance,1.75,1.75,-6.139253653,0,27e5830d14aa6d6e,55873fecc61a79e8,0,2d32bb797f3fd451,2d32bb797f3fd451,92adf70486c34464,ac6b9b6252b7a150,-6.139253653,
S1,526,Advance,1.78125,1.78125,-6.108003653,0,51c032826e919090,55873fecc61a79e8,0,43f24958de263a02,43f24958de263a02,873a0559b0d9e744,ac6b9b6252b7a150,-6.108003653,
S1,527,Advance,1.8125,1.8125,-6.076753653,0,f7823c891f8b0fb4,55873fecc61a79e8,0,2c5e206eeefb6cf8,2c5e206eeefb6cf8,399be163eb9ab209,ac6b9b6252b7a150,-6.076753653,
S1,528,Advance,1.84375,1.84375,-6.045503653,0,053fd5bcebbaea71,55873fecc61a79e8,0,4184131d3d8b5328,4184131d3d8b5328,1ddd6c0e48f06144,ac6b9b6252b7a150,-6.045503653,
S1,529,Advance,1.875,1.875,-6.014253653,0,5c90cabf67cb0b1c,55873fecc61a79e8,0,746c2f271126a241,746c2f271126a241,db06d9c792701c89,ac6b9b6252b7a150,-6.014253653,
S1,530,Advance,1.90625,1.90625,-5.983003653,0,2584b4dd74813c85,55873fecc61a79e8,0,050ba1b964b5c3ed,050ba1b964b5c3ed,2969da4c9bfe37ed,ac6b9b6252b7a150,-5.983003653,
S1,531,Advance,1.9375,1.9375,-5.951753653,0,42e0685539b57ae4,55873fecc61a79e8,0,8fbd63421495089a,8fbd63421495089a,e41d90149010ab16,ac6b9b6252b7a150,-5.951753653,
S1,532,Advance,1.96875,1.96875,-5.920503653,0,8d4e526fda6dad1f,55873fecc61a79e8,0,075fa85133d6cc20,075fa85133d6cc20,cdfad7bd5e333abb,ac6b9b6252b7a150,-5.920503653,
S1,533,Advance,2,2,-5.889253653,0,2a81a9bb93278be6,55873fecc61a79e8,0,09e723b186af9ff8,09e723b186af9ff8,c8d05c29da508527,ac6b9b6252b7a150,-5.889253653,formation_start
S1,534,Advance,2.03125,2.03125,-5.858003653,0,07bad24f968db69e,55873fecc61a79e8,0,dbef15cc4d3bc1a1,dbef15cc4d3bc1a1,56d1860f628e1542,ac6b9b6252b7a150,-5.858003653,formation_start
S1,535,Advance,2.0625,2.0625,-5.826753653,0,96c68c8127516fd1,55873fecc61a79e8,0,b8cdf2bb4938a7a4,b8cdf2bb4938a7a4,71d32acd54f00d4b,ac6b9b6252b7a150,-5.826753653,formation_start
S1,536,Advance,2.09375,2.09375,-5.795503653,0,aaaeb2d44cc32aea,55873fecc61a79e8,0,4912bbe4af099592,4912bbe4af099592,4393be7756c8de75,ac6b9b6252b7a150,-5.795503653,formation_start
S1,537,Advance,2.125,2.125,-5.764253653,0,823c3b7b19eb2de5,55873fecc61a79e8,0,05dd858534674392,05dd858534674392,296170606d666f9f,ac6b9b6252b7a150,-5.764253653,formation_start
S1,538,Advance,2.15625,2.15625,-5.733003653,0,6fc8aea59092cab5,55873fecc61a79e8,0,059159b8bed3ebc7,059159b8bed3ebc7,c22c700e25f97aa9,ac6b9b6252b7a150,-5.733003653,formation_start
S1,539,Advance,2.1875,2.1875,-5.701753653,0,cb34d0c577470e1b,55873fecc61a79e8,0,994aeca0777adfb2,994aeca0777adfb2,867a198df9fd6eae,ac6b9b6252b7a150,-5.701753653,formation_start
S1,540,Advance,2.21875,2.21875,-5.670503653,0,4ad6f4b2c3bc6cfc,55873fecc61a79e8,0,8989c871fa3ec553,8989c871fa3ec553,404d9114eabacffc,ac6b9b6252b7a150,-5.670503653,formation_start
S1,541,Advance,2.25,2.25,-5.639253653,0,11460c7a25723af2,55873fecc61a79e8,0,4f531c4c77375df3,4f531c4c77375df3,702a0e58f3d5d213,ac6b9b6252b7a150,-5.639253653,formation_start
S1,542,Advance,2.28125,2.28125,-5.608003653,0,826f8223f34b8ede,55873fecc61a79e8,0,b6a4d42ed3e1ef0b,b6a4d42ed3e1ef0b,c3db4ba6de411c87,ac6b9b6252b7a150,-5.608003653,formation_start
S1,543,Advance,2.3125,2.3125,-5.576753653,0,49b97c5825cbba58,55873fecc61a79e8,0,e89529b1928d2d58,e89529b1928d2d58,7ee93e011bd2caa3,ac6b9b6252b7a150,-5.576753653,formation_start
S1,544,Advance,2.34375,2.34375,-5.545503653,0,9da63a2774ee95a7,55873fecc61a79e8,0,cb72c70bda53be03,cb72c70bda53be03,83b42f54cac5cff7,ac6b9b6252b7a150,-5.545503653,formation_start
S1,545,Advance,2.375,2.375,-5.514253653,0,a785cc5bcbc4c982,55873fecc61a79e8,0,3e8eaada8d6b9753,3e8eaada8d6b9753,91d6b862a15e57cf,ac6b9b6252b7a150,-5.514253653,formation_start
S1,546,Advance,2.40625,2.40625,-5.483003653,0,3973a1ee1bd97e20,55873fecc61a79e8,0,5860b111a6e4602d,5860b111a6e4602d,568cf28a22a05674,ac6b9b6252b7a150,-5.483003653,formation_start
S1,547,Advance,2.4375,2.4375,-5.451753653,0,a22c7fb35a1c2099,55873fecc61a79e8,0,a457468e3bfc3f2c,a457468e3bfc3f2c,24481ed53ea4da6c,ac6b9b6252b7a150,-5.451753653,formation_start
S1,548,Advance,2.46875,2.46875,-5.420503653,0,a28d9d303f6d97ff,55873fecc61a79e8,0,9ec9facdc62fb6f2,9ec9facdc62fb6f2,7fa643fcb74b80b7,ac6b9b6252b7a150,-5.420503653,formation_start
S1,549,Advance,2.5,2.5,-5.389253653,0,ecfde9a23f13ad2d,55873fecc61a79e8,0,51cb749e4d9916f6,51cb749e4d9916f6,9ec44219dcd436a4,ac6b9b6252b7a150,-5.389253653,formation_start
S1,550,Advance,2.53125,2.53125,-5.358003653,0,69f8e0b3400db9b3,55873fecc61a79e8,0,3cc44f22db7866ca,3cc44f22db7866ca,c95cca7c9eec69e8,ac6b9b6252b7a150,-5.358003653,formation_start
S1,551,Advance,2.5625,2.5625,-5.326753653,0,23f6ef49fcf23869,55873fecc61a79e8,0,fff37b12bd12f2aa,fff37b12bd12f2aa,4f28d934ac745bd0,ac6b9b6252b7a150,-5.326753653,formation_start
S1,552,Advance,2.59375,2.59375,-5.295503653,0,80003f34b84a3192,55873fecc61a79e8,0,89cf58f333950cbd,89cf58f333950cbd,c9f980737bd7205d,ac6b9b6252b7a150,-5.295503653,formation_start
S1,553,Advance,2.625,2.625,-5.264253653,0,e65853f4a353882b,55873fecc61a79e8,0,6f0a230f5e75bcec,6f0a230f5e75bcec,3d7bacd5e19d4e8e,ac6b9b6252b7a150,-5.264253653,formation_start
S1,554,Advance,2.65625,2.65625,-5.233003653,0,7929873f6f258747,55873fecc61a79e8,0,4c77a194d8fdedc8,4c77a194d8fdedc8,89aa5fb7d3e52991,ac6b9b6252b7a150,-5.233003653,formation_start
S1,555,Advance,2.6875,2.6875,-5.201753653,0,0bf4ebfb199c6268,55873fecc61a79e8,0,81a289f8678bb048,81a289f8678bb048,cb9b5c097175e99a,ac6b9b6252b7a150,-5.201753653,formation_start
S1,556,Advance,2.71875,2.71875,-5.170503653,0,c311ea7e96272163,55873fecc61a79e8,0,d2dc7a9ec01ee9f7,d2dc7a9ec01ee9f7,019f212493336913,ac6b9b6252b7a150,-5.170503653,formation_start
S1,557,Advance,2.75,2.75,-5.139253653,0,8926ad4d32e7b9e8,55873fecc61a79e8,0,66f5e187f2b90aee,66f5e187f2b90aee,7b467f873e36e111,ac6b9b6252b7a150,-5.139253653,formation_start
S1,558,Advance,2.78125,2.78125,-5.108003653,0,c2e8b3e989e2f3e2,55873fecc61a79e8,0,4907f913db72da4c,4907f913db72da4c,f2979b98a53c8afd,ac6b9b6252b7a150,-5.108003653,formation_start
S1,559,Advance,2.8125,2.8125,-5.076753653,0,33c2929d541229bd,55873fecc61a79e8,0,f2e12b0b0cccf6a0,f2e12b0b0cccf6a0,038c7d054b435656,ac6b9b6252b7a150,-5.076753653,formation_start
S1,560,Advance,2.84375,2.84375,-5.045503653,0,1631935efcd03e10,55873fecc61a79e8,0,2713a99d68a0208b,2713a99d68a0208b,6d2cb5e3cce7f0ac,ac6b9b6252b7a150,-5.045503653,formation_start
S1,561,Advance,2.875,2.875,-5.014253653,0,bb856b1af6094086,55873fecc61a79e8,0,0326954cae5f2cc9,0326954cae5f2cc9,5570837ac40525fe,ac6b9b6252b7a150,-5.014253653,formation_start
S1,562,Advance,2.90625,2.90625,-4.983003653,0,951f31a8595b68e2,55873fecc61a79e8,0,b748a8d3d9e006c5,b748a8d3d9e006c5,57679933716af535,ac6b9b6252b7a150,-4.983003653,formation_start
S1,563,Advance,2.9375,2.9375,-4.951753653,0,ff77081049130573,55873fecc61a79e8,0,2dcad2e7812cd485,2dcad2e7812cd485,72886ece4da29dd5,ac6b9b6252b7a150,-4.951753653,formation_start
S1,564,Advance,2.96875,2.96875,-4.920503653,0,e2799796c5f30dfd,55873fecc61a79e8,0,f95e7aac076390b0,f95e7aac076390b0,7dbf993273436952,ac6b9b6252b7a150,-4.920503653,formation_start
S1,565,Advance,3,3,-4.889253653,0,f50bc0306f37e3e6,55873fecc61a79e8,0,8e631f269f927ece,8e631f269f927ece,f2117f71ade46eb9,ac6b9b6252b7a150,-4.889253653,formation_start
S1,566,Advance,3.03125,3.03125,-4.858003653,0,eb2cd6589617424c,55873fecc61a79e8,0,f2d110a038f0f0c5,f2d110a038f0f0c5,42b3152eb84bdc73,ac6b9b6252b7a150,-4.858003653,formation_start
S1,567,Advance,3.0625,3.0625,-4.826753653,0,f21939cdcad8a5f7,55873fecc61a79e8,0,006abf573acb7d69,006abf573acb7d69,22ba0e5578f1c5ea,ac6b9b6252b7a150,-4.826753653,formation_start
S1,568,Advance,3.09375,3.09375,-4.795503653,0,52320442e6b47d75,55873fecc61a79e8,0,3793c6eac226d614,3793c6eac226d614,c5ed8267ea6cd01f,ac6b9b6252b7a150,-4.795503653,formation_start
S1,569,Advance,3.125,3.125,-4.764253653,0,dccb39589703a343,55873fecc61a79e8,0,72c1fc6c9ac4a84f,72c1fc6c9ac4a84f,e71198b046fe9f6d,ac6b9b6252b7a150,-4.764253653,formation_start
S1,570,Advance,3.15625,3.15625,-4.733003653,0,684f0d38424e4e1e,55873fecc61a79e8,0,ab511a7d51efadc0,ab511a7d51efadc0,74d32ad374cce527,ac6b9b6252b7a150,-4.733003653,formation_start
S1,571,Advance,3.1875,3.1875,-4.701753653,0,0ffeb9d7e4c3932c,55873fecc61a79e8,0,ec14e8d4a2f922e2,ec14e8d4a2f922e2,dcfcabf41e7ac72e,ac6b9b6252b7a150,-4.701753653,formation_start
S1,572,Advance,3.21875,3.21875,-4.670503653,0,0544935c3d84f32c,55873fecc61a79e8,0,b01617c09ee03338,b01617c09ee03338,eeba09885627c8b9,ac6b9b6252b7a150,-4.670503653,formation_start
S1,573,Advance,3.25,3.25,-4.639253653,0,733978eb51d1b83a,55873fecc61a79e8,0,5d8390783cb0a194,5d8390783cb0a194,ac25e292ed819384,ac6b9b6252b7a150,-4.639253653,formation_start
S1,574,Advance,3.28125,3.28125,-4.608003653,0,bf361d02b0843003,55873fecc61a79e8,0,ce1876773b01236e,ce1876773b01236e,0116656d4e30032f,ac6b9b6252b7a150,-4.608003653,formation_start
S1,575,Advance,3.3125,3.3125,-4.576753653,0,05d4f5b27769a825,55873fecc61a79e8,0,316a983f0f70f697,316a983f0f70f697,bfc0565ccda7cf11,ac6b9b6252b7a150,-4.576753653,formation_start
S1,576,Advance,3.34375,3.34375,-4.545503653,0,d65c6f3080e1b936,55873fecc61a79e8,0,cc8615055f1a08a6,cc8615055f1a08a6,4cdf94928415693a,ac6b9b6252b7a150,-4.545503653,formation_start
S1,577,Advance,3.375,3.375,-4.514253653,0,593b71af10cf0ae2,55873fecc61a79e8,0,531f5c38f09f05f3,531f5c38f09f05f3,4a1c723b4f771aaf,ac6b9b6252b7a150,-4.514253653,formation_start
S1,578,Advance,3.40625,3.40625,-4.483003653,0,b53defce85213dd2,55873fecc61a79e8,0,703176cd5fe3ca18,703176cd5fe3ca18,155d794901c9cc09,ac6b9b6252b7a150,-4.483003653,formation_start
S1,579,Advance,3.4375,3.4375,-4.451753653,0,8f5a7ef00eb94340,55873fecc61a79e8,0,3b86d8372090aa94,3b86d8372090aa94,d1961474d7c3883e,ac6b9b6252b7a150,-4.451753653,formation_start
S1,580,Advance,3.46875,3.46875,-4.420503653,0,2903743d9ac4cefe,55873fecc61a79e8,0,d779fbb4e532f007,d779fbb4e532f007,4369e41e11c414c8,ac6b9b6252b7a150,-4.420503653,formation_start
S1,581,Advance,3.5,3.5,-4.389253653,0,d713caa1fa65d778,55873fecc61a79e8,0,507e87edaed9735a,507e87edaed9735a,8bc5a6c8714ba5fc,ac6b9b6252b7a150,-4.389253653,formation_start
S1,582,Advance,3.53125,3.53125,-4.358003653,0,774627cbc2967caf,55873fecc61a79e8,0,071261c860162b9d,071261c860162b9d,e35f141bcfe2a597,ac6b9b6252b7a150,-4.358003653,formation_start
S1,583,Advance,3.5625,3.5625,-4.326753653,0,d53ebf54ff9fe091,55873fecc61a79e8,0,14f251f0472f2f30,14f251f0472f2f30,ab7828aa345664c2,ac6b9b6252b7a150,-4.326753653,formation_start
S1,584,Advance,3.59375,3.59375,-4.295503653,0,0228d33a2a74c6e8,55873fecc61a79e8,0,9687a93d921c4ded,9687a93d921c4ded,9346842efbd165bd,ac6b9b6252b7a150,-4.295503653,formation_start
S1,585,Advance,3.625,3.625,-4.264253653,0,a9e4fa91c2a2dd35,55873fecc61a79e8,0,277101df357f151a,277101df357f151a,330d04c59699d14e,ac6b9b6252b7a150,-4.264253653,formation_start
S1,586,Advance,3.65625,3.65625,-4.233003653,0,538dfafffd13bcc5,55873fecc61a79e8,0,3c36914a31347c22,3c36914a31347c22,8a7cf234e49af9ae,ac6b9b6252b7a150,-4.233003653,formation_start
S1,587,Advance,3.6875,3.6875,-4.201753653,0,68c955c414d2c5c9,55873fecc61a79e8,0,7457ac258dd2de9c,7457ac258dd2de9c,fd64e9c36ce55b85,ac6b9b6252b7a150,-4.201753653,formation_start
S1,588,Advance,3.71875,3.71875,-4.1705042,0,2da922dfe901f124,55873fecc61a79e8,0,a9ed5c52c69c4180,a9ed5c52c69c4180,dd5be289f753dbb8,ac6b9b6252b7a150,-4.1705042,formation_start
S1,589,Advance,3.75,3.75,-4.139262912,0,397fd57169bce5b3,55873fecc61a79e8,0,bb10767b683deb2c,bb10767b683deb2c,bdc545fdc0a34552,ac6b9b6252b7a150,-4.139262912,formation_start
S1,590,Advance,3.78125,3.78125,-4.1080509175,0,2e757ad6892c625d,55873fecc61a79e8,0,ba932f83d12a40d6,ba932f83d12a40d6,17b7eaff778a8ae0,ac6b9b6252b7a150,-4.1080509175,formation_start
S1,591,Advance,3.8125,3.8125,-4.076900402,0,8b028ddd267f74ab,55873fecc61a79e8,0,b7decfd6a0ed2dc3,b7decfd6a0ed2dc3,98e0163b43d89001,ac6b9b6252b7a150,-4.076900402,formation_start
S1,592,Advance,3.84375,3.84375,-4.0458538970000006,0,921ab3c571594cbb,55873fecc61a79e8,0,2bf4d35d0d500ea0,2bf4d35d0d500ea0,eb03ce636b8b9da1,ac6b9b6252b7a150,-4.0458538970000006,formation_start
S1,593,Advance,3.875,3.875,-4.01495875,0,ea24ea5c77aa7925,55873fecc61a79e8,0,7f4ceb67b98ff135,7f4ceb67b98ff135,e802fcd2046b2663,ac6b9b6252b7a150,-4.01495875,formation_start
S1,594,Advance,3.90625,3.90625,-3.9842693455,0,f0616112f7525a99,55873fecc61a79e8,0,e4c68f8aa8514425,e4c68f8aa8514425,f68475550bea1279,ac6b9b6252b7a150,-3.9842693455,formation_start
S1,595,Advance,3.9375,3.9375,-3.953838418,0,77ecb0c36c7cb061,55873fecc61a79e8,0,0c5a1d7203abec7a,0c5a1d7203abec7a,6391676a59fb0ce4,ac6b9b6252b7a150,-3.953838418,formation_start
S1,596,Advance,3.96875,3.96875,-3.9237232095000003,0,e591afeb1355859a,55873fecc61a79e8,0,7ad33c563a3f9afd,7ad33c563a3f9afd,a932811d767083a3,ac6b9b6252b7a150,-3.9237232095000003,formation_start
S1,597,Advance,4,4,-3.893973415,0,463a7b1155e8b36b,55873fecc61a79e8,0,c2a80e11e611b957,c2a80e11e611b957,fe41001ed565eef9,ac6b9b6252b7a150,-3.893973415,formation_start
S1,598,Advance,4.03125,4.03125,-3.864641679,0,330b565148c1b194,55873fecc61a79e8,0,f3a8bda88f797d73,f3a8bda88f797d73,d400e7009eab1ddb,ac6b9b6252b7a150,-3.864641679,formation_start
S1,599,Advance,4.0625,4.0625,-3.835768477,0,030fefb61db8d20c,55873fecc61a79e8,0,9c5b6845bb3599d1,9c5b6845bb3599d1,a048f3616ee2aa3d,ac6b9b6252b7a150,-3.835768477,formation_start
S1,600,Advance,4.09375,4.09375,-3.807396712,0,b52f0d9f67b48a84,55873fecc61a79e8,0,a4e0610c361d2085,a4e0610c361d2085,4745525ab18499a3,ac6b9b6252b7a150,-3.807396712,formation_start
S1,601,Advance,4.125,4.125,-3.779554149,0,471245006ead993a,55873fecc61a79e8,0,85f6894c9d21dc3b,85f6894c9d21dc3b,22d846762363d37d,ac6b9b6252b7a150,-3.779554149,formation_start
S1,602,Advance,4.15625,4.15625,-3.7522713625,0,b732fa7f31056d7d,55873fecc61a79e8,0,c6918af44241ef9e,c6918af44241ef9e,e1ac5829e328fc13,ac6b9b6252b7a150,-3.7522713625,formation_start
S1,603,Advance,4.1875,4.1875,-3.725562445,0,09d0061c37f13e61,55873fecc61a79e8,0,5adf0950b677de16,5adf0950b677de16,2ec3b24f40cb3498,ac6b9b6252b7a150,-3.725562445,formation_start
S1,604,Advance,4.21875,4.21875,-3.6994452705,0,f937a983b45d5f47,55873fecc61a79e8,0,9fcb0e845410cb24,9fcb0e845410cb24,6d6cb350597bc48a,ac6b9b6252b7a150,-3.6994452705,formation_start
S1,605,Advance,4.25,4.25,-3.673921224,0,e882adf41e5dd1f2,55873fecc61a79e8,0,bbfa6869d755c2a6,bbfa6869d755c2a6,7704a8a250fb42f7,ac6b9b6252b7a150,-3.673921224,formation_start
S1,606,Advance,4.28125,4.28125,-3.6489966715,0,a9848f6e01fed7b6,55873fecc61a79e8,0,ac00062ba3ce97ad,ac00062ba3ce97ad,471087cd3c57a789,ac6b9b6252b7a150,-3.6489966715,formation_start
S1,607,Advance,4.3125,4.3125,-3.624662402,0,0739e8b2d78c89f9,55873fecc61a79e8,0,2a03001cbe54ebf4,2a03001cbe54ebf4,11ad55d21a246fba,ac6b9b6252b7a150,-3.624662402,formation_start
S1,608,Advance,4.34375,4.34375,-3.6009153155,0,a8cece9d9647273e,55873fecc61a79e8,0,c6c126971cd0626c,c6c126971cd0626c,ac4531979e533864,ac6b9b6252b7a150,-3.6009153155,formation_start
S1,609,Advance,4.375,4.375,-3.577738166,0,b9bc84a35e10a559,55873fecc61a79e8,0,f2176e815861b318,f2176e815861b318,fd26592a9535b723,ac6b9b6252b7a150,-3.577738166,formation_start
S1,610,Advance,4.40625,4.40625,-3.55512068,0,409b0da1b72cf670,55873fecc61a79e8,0,a62051fe847c605a,a62051fe847c605a,52f26b6906348a03,ac6b9b6252b7a150,-3.55512068,formation_start
S1,611,Advance,4.4375,4.4375,-3.533040089,0,bdda0fe93e2fe95b,55873fecc61a79e8,0,bf3d68fcc03e5ae0,bf3d68fcc03e5ae0,226c794c6d5a3573,ac6b9b6252b7a150,-3.533040089,formation_start
S1,612,Advance,4.46875,4.46875,-3.5114811075,0,e14a8d0139c09e49,55873fecc61a79e8,0,68e4e5299803c7c3,68e4e5299803c7c3,ec361bca00a87a06,ac6b9b6252b7a150,-3.5114811075,formation_start
S1,613,Advance,4.5,4.5,-3.49041762,0,f4c5894540ac7d6a,55873fecc61a79e8,0,e2538300b7c95a1c,e2538300b7c95a1c,8837df02c1182146,ac6b9b6252b7a150,-3.49041762,formation_start
S1,614,Advance,4.53125,4.53125,-3.4698311520000003,0,a92db5ddf9b69830,55873fecc61a79e8,0,1efbd1a933989dfe,1efbd1a933989dfe,2135bbd284552015,ac6b9b6252b7a150,-3.4698311520000003,formation_start
S1,615,Advance,4.5625,4.5625,-3.449693969,0,c44770381f4af87b,55873fecc61a79e8,0,203c0516e8ac01ff,203c0516e8ac01ff,9d685d306d8ee437,ac6b9b6252b7a150,-3.449693969,formation_start
S1,616,Advance,4.59375,4.59375,-3.4299858355,0,7126f97f3f364409,55873fecc61a79e8,0,ae7457496281f944,ae7457496281f944,d1834d34344afc50,ac6b9b6252b7a150,-3.4299858355,formation_start
S1,617,Advance,4.625,4.625,-3.410678678,0,25228096e0e6af84,55873fecc61a79e8,0,23d6aa7dd0027e1a,23d6aa7dd0027e1a,0da5e4030b8a3912,ac6b9b6252b7a150,-3.410678678,formation_start
S1,618,Advance,4.65625,4.65625,-3.3917515500000004,0,1892fbe25c68e6e5,55873fecc61a79e8,0,dd544d0c363c42a9,dd544d0c363c42a9,0c4af44d364a79f0,ac6b9b6252b7a150,-3.3917515500000004,formation_start
S1,619,Advance,4.6875,4.6875,-3.373176931,0,3e573498bbe314da,55873fecc61a79e8,0,dee1761e4536a21c,dee1761e4536a21c,1fdbdb3d894b2030,ac6b9b6252b7a150,-3.373176931,formation_start
S1,620,Advance,4.71875,4.71875,-3.3549338965,0,3232f4cf8126ac9d,55873fecc61a79e8,0,424b0aa5a2a25738,424b0aa5a2a25738,bccd7af133e9c414,ac6b9b6252b7a150,-3.3549338965,formation_start
S1,621,Advance,4.75,4.75,-3.336996068,0,fc0afc7cc2ee5b7e,55873fecc61a79e8,0,6d58c301cf1339c8,6d58c301cf1339c8,07a331a242dc5794,ac6b9b6252b7a150,-3.336996068,formation_start
S1,622,Advance,4.78125,4.78125,-3.319343031,0,d7b58a048c092561,55873fecc61a79e8,0,70c814bb96357c3d,70c814bb96357c3d,a13c1cbfcf595cbf,ac6b9b6252b7a150,-3.319343031,formation_start
S1,623,Advance,4.8125,4.8125,-3.301949912,0,40ef8830b99e0009,55873fecc61a79e8,0,f1acfd1f6cfeb19c,f1acfd1f6cfeb19c,cdcde68018bfb0a3,ac6b9b6252b7a150,-3.301949912,formation_start
S1,624,Advance,4.84375,4.84375,-3.284797126,0,4e7523b486fd4fd3,55873fecc61a79e8,0,6506fecc0f95d820,6506fecc0f95d820,8aec074df240b482,ac6b9b6252b7a150,-3.284797126,formation_start
S1,625,Advance,4.875,4.875,-3.267861518,0,3901409af16407da,55873fecc61a79e8,0,cffe684f575f8dd5,cffe684f575f8dd5,6b8a28de084e9154,ac6b9b6252b7a150,-3.267861518,formation_start
S1,626,Advance,4.90625,4.90625,-3.251124539,0,c78abda6d092e8f3,55873fecc61a79e8,0,4e88a289a6cfa327,4e88a289a6cfa327,11bd77536f31655e,ac6b9b6252b7a150,-3.251124539,formation_start
S1,627,Advance,4.9375,4.9375,-3.234564873,0,369954c2b73b1b3e,55873fecc61a79e8,0,341bc77ddb2fa0cc,341bc77ddb2fa0cc,fd0812c935d50930,ac6b9b6252b7a150,-3.234564873,formation_start
S1,628,Advance,4.96875,4.96875,-3.2181651589999998,0,306a0823907aab87,55873fecc61a79e8,0,0f89d7a668e43384,0f89d7a668e43384,b9c3258edf85c30b,ac6b9b6252b7a150,-3.2181651589999998,formation_start
S1,629,Advance,5,5,-3.201906002,0,f41b8d8c6bbe9d97,55873fecc61a79e8,0,71ad9c06318c811b,71ad9c06318c811b,12b8a9b477565d41,ac6b9b6252b7a150,-3.201906002,formation_start
S1,630,Advance,5.03125,5.03125,-3.185771359,0,5182ad33f083991a,55873fecc61a79e8,0,20f2dfa48001ac56,20f2dfa48001ac56,27e9d33ff2ba2880,ac6b9b6252b7a150,-3.185771359,formation_start
S1,631,Advance,5.0625,5.0625,-3.169743837,0,8da87cb2935b826f,55873fecc61a79e8,0,7b150d98ba5fd6a9,7b150d98ba5fd6a9,ec042bd99085ff92,ac6b9b6252b7a150,-3.169743837,formation_start
S1,632,Advance,5.09375,5.09375,-3.1538088605,0,2835203e8fc8df79,55873fecc61a79e8,0,f089c8530eec3812,f089c8530eec3812,304e41a9074bae8e,ac6b9b6252b7a150,-3.1538088605,formation_start
S1,633,Advance,5.125,5.125,-3.137951149,0,6a1972406c15a2ee,55873fecc61a79e8,0,b26c942773b00b45,b26c942773b00b45,20779ec209723964,ac6b9b6252b7a150,-3.137951149,formation_start
S1,634,Advance,5.15625,5.15625,-3.1221577954999997,0,6e751c2f7cd75ee8,55873fecc61a79e8,0,5a66ae8f4da5cff8,5a66ae8f4da5cff8,632645b06e18a670,ac6b9b6252b7a150,-3.1221577954999997,formation_start
S1,635,Advance,5.1875,5.1875,-3.106415793,0,705dcf781697a8dd,55873fecc61a79e8,0,e4ccd509f54fb1fa,e4ccd509f54fb1fa,458fae3c2a5c155e,ac6b9b6252b7a150,-3.106415793,formation_start
S1,636,Advance,5.21875,5.21875,-3.0907141769999997,0,5ed896d51bd0a52f,55873fecc61a79e8,0,6fae54abee974d16,6fae54abee974d16,f0967514d3463ecb,ac6b9b6252b7a150,-3.0907141769999997,formation_start
S1,637,Advance,5.25,5.25,-3.075042455,0,1315f03045f3f30d,55873fecc61a79e8,0,4d4fd1e08f81dd14,4d4fd1e08f81dd14,3d4035f8ae2c0769,ac6b9b6252b7a150,-3.075042455,formation_start
S1,638,Advance,5.28125,5.28125,-3.059391969,0,f166a53b62ce44a1,55873fecc61a79e8,0,410bbcf3042f74a8,410bbcf3042f74a8,2c403ba8ea2b8a15,ac6b9b6252b7a150,-3.059391969,formation_start
S1,639,Advance,5.3125,5.3125,-3.043755072,0,c2535a9d013eb079,55873fecc61a79e8,0,0e7f0efe156f4f8b,0e7f0efe156f4f8b,b81b8cbf89d50ffc,ac6b9b6252b7a150,-3.043755072,formation_start
S1,640,Advance,5.34375,5.34375,-3.028125887,0,0788486176cc20e8,55873fecc61a79e8,0,ff8d4b942e690863,ff8d4b942e690863,4a2689976dbd83d5,ac6b9b6252b7a150,-3.028125887,formation_start
S1,641,Advance,5.375,5.375,-3.012500035,0,97920518ce7d29c2,55873fecc61a79e8,0,d2a0e6c8a0a10de7,d2a0e6c8a0a10de7,ae128c2b048a0801,ac6b9b6252b7a150,-3.012500035,formation_start
S1,642,Advance,5.40625,5.40625,-2.9968750005,0,0f4f60ef193ae125,55873fecc61a79e8,0,3c6d47ccb28b9567,3c6d47ccb28b9567,e9cb935374b2ce2d,ac6b9b6252b7a150,-2.9968750005,formation_start
S1,643,Advance,5.4375,5.4375,-2.98125,0,e83fb46464bbe506,55873fecc61a79e8,0,3762ea313961a54e,3762ea313961a54e,8152b6dd79b220f9,ac6b9b6252b7a150,-2.98125,formation_start
S1,644,Advance,5.46875,5.46875,-2.9656250005,0,d938f7380c754197,55873fecc61a79e8,0,13a10e63421229ce,13a10e63421229ce,e4489ada8a9b91af,ac6b9b6252b7a150,-2.9656250005,formation_start
S1,645,Advance,5.5,5.5,-2.95,0,e92e475593f76313,55873fecc61a79e8,0,1aee678e8f164e4c,1aee678e8f164e4c,e95aa2f70aede9ec,ac6b9b6252b7a150,-2.95,formation_start
S1,646,Advance,5.53125,5.53125,-2.9343750005,0,6cd1112eb6c4b61e,55873fecc61a79e8,0,5519d79d6efdeb66,5519d79d6efdeb66,8bfba55b95c86e35,ac6b9b6252b7a150,-2.9343750005,formation_start
S1,647,Advance,5.5625,5.5625,-2.91875,0,9b8a5116d127a482,55873fecc61a79e8,0,05d0f10a7fd30f04,05d0f10a7fd30f04,841060fe7a1d16ac,ac6b9b6252b7a150,-2.91875,formation_start
S1,648,Advance,5.59375,5.59375,-2.9031250005,0,548b2f3c594de141,55873fecc61a79e8,0,af9a51ba614dac18,af9a51ba614dac18,50a525f68f69647a,ac6b9b6252b7a150,-2.9031250005,formation_start
S1,649,Advance,5.625,5.625,-2.8875,0,7f3bc2ad48f354cc,55873fecc61a79e8,0,3645dc40d5387dd5,3645dc40d5387dd5,b3fe8b3c21cbed13,ac6b9b6252b7a150,-2.8875,formation_start
S1,650,Advance,5.65625,5.65625,-2.8718750005,0,45c24bd97d6af352,55873fecc61a79e8,0,0fe3939a0df6c1ba,0fe3939a0df6c1ba,7cc474ea29ccb29d,ac6b9b6252b7a150,-2.8718750005,formation_start
S1,651,Advance,5.6875,5.6875,-2.85625,0,bbe7c7c67feab9d9,55873fecc61a79e8,0,f03d9d1ebbee5367,f03d9d1ebbee5367,2004c3b7a66106bd,ac6b9b6252b7a150,-2.85625,formation_start
S1,652,Advance,5.71875,5.71875,-2.8406250005,0,8c65c9cb9e2528e2,55873fecc61a79e8,0,689181a02b6cda02,689181a02b6cda02,a0b930c573ae904e,ac6b9b6252b7a150,-2.8406250005,formation_start
S1,653,Advance,5.75,5.75,-2.825,0,03de699758b5c5b4,55873fecc61a79e8,0,1441d2b8b0efae35,1441d2b8b0efae35,421044105d5970ed,ac6b9b6252b7a150,-2.825,formation_start
S1,654,Advance,5.78125,5.78125,-2.8093750005,0,b23270940819f3e0,55873fecc61a79e8,0,9db31e3ac6c75da9,9db31e3ac6c75da9,3fc48dc0332fb25b,ac6b9b6252b7a150,-2.8093750005,formation_start
S1,655,Advance,5.8125,5.8125,-2.79375,0,febefbd4cee2b132,ad00691e9718b67b,17,1c71dd295f4964d7,1c71dd295f4964d7,90d2dbdb277a19e6,ac6b9b6252b7a150,-2.79375,formation_start
S1,656,Advance,5.84375,5.84375,-2.7781250005,0,f931a5aeee29b423,8816d6e8f927afca,126,f092a27a838fde11,f092a27a838fde11,803ade0c14fc11f7,ac6b9b6252b7a150,-2.7781250005,formation_start
S1,657,Advance,5.875,5.875,-2.7625,0,efda574cf50244e8,20670cbecd9cfc5e,238,62a4ad252aac9da4,62a4ad252aac9da4,e3b7018c6c9befa4,ac6b9b6252b7a150,-2.7625,formation_start
S1,658,Advance,5.90625,5.90625,-2.7468750005,0,fa4b8f119e5ff2c3,737638f5c3a0fea3,360,fc7b9abd2b4cc772,fc7b9abd2b4cc772,bfffb253eeae3f8e,ac6b9b6252b7a150,-2.7468750005,formation_start
S1,659,Advance,5.9375,5.9375,-2.73125,0,81df698f39670677,cd66c1ddcccb1a4b,488,e347fa50eb95240c,e347fa50eb95240c,b95f234b12cf5042,ac6b9b6252b7a150,-2.73125,formation_start
S1,660,Advance,5.96875,5.96875,-2.7156250005,0,3ca404dc34268b88,d2aab5a2866e9dc2,616,167a708a9f5cdcac,167a708a9f5cdcac,2aa7105e4d4122e5,ac6b9b6252b7a150,-2.7156250005,formation_start
S1,661,Advance,6,6,-2.7,0,a6be5a76a79d8a1c,5f3bec6847def848,717,f5b0046cd448cd1e,f5b0046cd448cd1e,7c74cc39d23f1f32,ac6b9b6252b7a150,-2.7,formation_start
S1,662,Advance,6.03125,6.03125,-2.6843750005,0,dfa5bf972f7f8619,60b83cd91991b10b,802,c128c2e1522968c6,c128c2e1522968c6,49382af9fce2bc92,ac6b9b6252b7a150,-2.6843750005,formation_start
S1,663,Advance,6.0625,6.0625,-2.66875,0,f8add1212f4c7021,8cf1baf3e20e07e0,870,a9baa1db93dbf73c,a9baa1db93dbf73c,b56f9113109c6654,ac6b9b6252b7a150,-2.66875,formation_start
S1,664,Advance,6.09375,6.09375,-2.6531250005,0,6082df7529d73307,0a90a0ad2d383fa1,926,1253a82de6f14473,1253a82de6f14473,1812a3b6f1261dd7,ac6b9b6252b7a150,-2.6531250005,formation_start
S1,665,Advance,6.125,6.125,-2.6375,0,d2d27f8723ab6a0c,2f4fa505aa25e278,983,fb8136662f062f39,fb8136662f062f39,671414c15c3c2ee1,ac6b9b6252b7a150,-2.6375,formation_start
S1,666,Advance,6.15625,6.15625,-2.6218750005,0,a96fa03c75d979c6,e63942327524cf7c,1040,d233f3a8822c8389,d233f3a8822c8389,14fb851ce0ad319a,ac6b9b6252b7a150,-2.6218750005,formation_start
S1,667,Advance,6.1875,6.1875,-2.60625,0,040ada4949b9c7a4,d05e0ba7946cf057,1089,d5c84b5d243e8b5f,d5c84b5d243e8b5f,af3a1522985c14aa,ac6b9b6252b7a150,-2.60625,formation_start
S1,668,Advance,6.21875,6.21875,-2.5906250005,0,649cabdedc492ae0,3edd2aebe13266cc,1139,1d2b6a02eff0cfdc,1d2b6a02eff0cfdc,8b2f4fbdaefa6738,ac6b9b6252b7a150,-2.5906250005,formation_start
S1,669,Advance,6.25,6.25,-2.575,0,0ce489b1b2ea0523,6f85e2feb353e093,1188,4225ba382312b285,4225ba382312b285,ca118eec8bf06918,ac6b9b6252b7a150,-2.575,formation_start
S1,670,Advance,6.28125,6.28125,-2.5593750005,0,ffc7335a5216d750,9092b2758b6e0be6,1233,f78e8f1d21dbe727,f78e8f1d21dbe727,17ebff5eeac34790,ac6b9b6252b7a150,-2.5593750005,formation_start
S1,671,Advance,6.3125,6.3125,-2.54375,0,2e5deccf4ec97e27,df897da734d3b2fc,1273,978d384624ff3181,978d384624ff3181,0bec72011dd11675,ac6b9b6252b7a150,-2.54375,formation_start
S1,672,Advance,6.34375,6.34375,-2.5281250005,0,7107f8f302979176,637454e7c59d7948,1313,43a41fbab42ea3c6,43a41fbab42ea3c6,8b784f117a50114e,ac6b9b6252b7a150,-2.5281250005,formation_start
S1,673,Advance,6.375,6.375,-2.5125,0,9c186cb6c2ca2ea4,b98999ef1fe9e164,1351,ee0d391d41305c9b,ee0d391d41305c9b,50b91dad07595f1b,ac6b9b6252b7a150,-2.5125,formation_start
S1,674,Advance,6.40625,6.40625,-2.4968750005,0,c5bac70c6f277a9b,a9299373b4491dbe,1388,e6ec85c0a52df9f3,e6ec85c0a52df9f3,bd73f2ef6146c50d,ac6b9b6252b7a150,-2.4968750005,formation_start
S1,675,Advance,6.4375,6.4375,-2.48125,0,dd18ea87a045491f,aaf2b21bdd5f45a3,1433,72b0940aad2639f7,72b0940aad2639f7,f20b44df6b0b0286,ac6b9b6252b7a150,-2.48125,formation_start
S1,676,Advance,6.46875,6.46875,-2.4656250005,0,c8f05f7d767862f5,b5e0ded5b1263ab4,1478,334a81d1ca32e167,334a81d1ca32e167,5f820a5ccd8ceb4b,ac6b9b6252b7a150,-2.4656250005,formation_start
S1,677,Advance,6.5,6.5,-2.45,0,7ff388917c59e045,8c92a32b9d1a6ae5,1521,d2a0489ec4c1e665,d2a0489ec4c1e665,34552f7dafe94019,ac6b9b6252b7a150,-2.45,formation_start
S1,678,Advance,6.53125,6.53125,-2.4343750005,0,d06c64e938b11bd7,f03c5fee7b46e6f7,1564,0c0f72115ffaa76d,0c0f72115ffaa76d,7b82c852125afbe2,ac6b9b6252b7a150,-2.4343750005,formation_start
S1,679,Advance,6.5625,6.5625,-2.41875,0,c187021f1c45ad73,8a86894a7cc9c13f,1608,f088b923c9eb6ec2,f088b923c9eb6ec2,2a64adf08063081e,ac6b9b6252b7a150,-2.41875,formation_start
S1,680,Advance,6.59375,6.59375,-2.4031250005,0,4edd915b957e7122,42947a11e75629f1,1648,ba6290cc30f5be99,ba6290cc30f5be99,dfdc11ce9897d221,ac6b9b6252b7a150,-2.4031250005,formation_start
S1,681,Advance,6.625,6.625,-2.3875,0,6273a5ff9bd31892,a0de7cecf63dbb67,1684,4dbdaeb4050278cd,4dbdaeb4050278cd,1364a1011180a595,ac6b9b6252b7a150,-2.3875,formation_start
S1,682,Advance,6.65625,6.65625,-2.3718750005,0,6b2dd5829745cfa1,4ea3f54587fed251,1716,370587fe4a426c5d,370587fe4a426c5d,9f48b562834d7a00,ac6b9b6252b7a150,-2.3718750005,formation_start
S1,683,Advance,6.6875,6.6875,-2.35625,0,343c05e41b4b9f99,da5a7212c6c3a050,1750,74afee53f614c14a,74afee53f614c14a,a0c7b8b7ceaee3b1,ac6b9b6252b7a150,-2.35625,formation_start
S1,684,Advance,6.71875,6.71875,-2.3406250005,0,b2766eab66039d30,daa63c30c50c6b38,1782,bc44a6b4d51dd42d,bc44a6b4d51dd42d,a9c223d380ceaec2,ac6b9b6252b7a150,-2.3406250005,formation_start
S1,685,Advance,6.75,6.75,-2.325,0,fdeda9c9196a9d05,d30935d74a3e0581,1811,75c68b973fcdff1b,75c68b973fcdff1b,310fcadfb171b2e7,ac6b9b6252b7a150,-2.325,formation_start
S1,686,Advance,6.78125,6.78125,-2.3093750005,0,97fa8266b504bb86,d784f76d519a75e0,1837,78f218fb556009ea,78f218fb556009ea,68f01e572e1f85c2,ac6b9b6252b7a150,-2.3093750005,formation_start
S1,687,Advance,6.8125,6.8125,-2.29375,0,1a10126fa2333535,41fbbdcd3087e5eb,1860,9f1ee4a412221558,9f1ee4a412221558,493ffe39fb0d4794,ac6b9b6252b7a150,-2.29375,formation_start
S1,688,Advance,6.84375,6.84375,-2.2781250005,0,8f6d45ec5f1014bd,95e2e5c4d5aa6ab5,1889,3419ce70c086faf5,3419ce70c086faf5,a3f993e0a9925161,ac6b9b6252b7a150,-2.2781250005,formation_start
S1,689,Advance,6.875,6.875,-2.2625,0,169f9329b34080d4,c634d991785f8402,1910,9aaeb2f5a699fe6a,9aaeb2f5a699fe6a,24e6d5f64f143caa,ac6b9b6252b7a150,-2.2625,formation_start
S1,690,Advance,6.90625,6.90625,-2.2468750005,0,26d3bdc80bd86654,697bda79e99266d6,1942,db3e56a2834fd2a5,db3e56a2834fd2a5,8fe3229dac8e7a31,ac6b9b6252b7a150,-2.2468750005,formation_start
S1,691,Advance,6.9375,6.9375,-2.23125,0,71aebe470cc23dd6,63c0e0c1543ca1c5,1976,045883792d15ce03,045883792d15ce03,a4a945627af61e6d,ac6b9b6252b7a150,-2.23125,formation_start
S1,692,Advance,6.96875,6.96875,-2.2156250005,0,c938d4596749a50b,e4f6f88986799822,2016,1a85071aaa672b92,1a85071aaa672b92,8538ed56e4e66f97,ac6b9b6252b7a150,-2.2156250005,formation_start
S1,693,Advance,7,7,-2.2,0,d16751b57fc858ec,28daebb1cf83588d,2055,d9d8f70e3075b342,d9d8f70e3075b342,e8e7e8b1901d8fe3,ac6b9b6252b7a150,-2.2,formation_start
S1,694,Advance,7.03125,7.03125,-2.1843750005,0,077f91a2b1d2e1f7,4e69d970829dc3c6,2109,cf06d2f832d951d2,cf06d2f832d951d2,50145bc2c4c44dcf,ac6b9b6252b7a150,-2.1843750005,formation_start
S1,695,Advance,7.0625,7.0625,-2.16875,0,ae85b72f97026a1b,eb0f891e6a1cf277,2149,99597f9c819f6ab4,99597f9c819f6ab4,30acb0503b592d17,ac6b9b6252b7a150,-2.16875,formation_start
S1,696,Advance,7.09375,7.09375,-2.1531250005,0,acce51f76cd8c78b,30ad9aa436c64283,2209,bf6fb0e488371869,bf6fb0e488371869,f503768cd658ba24,ac6b9b6252b7a150,-2.1531250005,formation_start
S1,697,Advance,7.125,7.125,-2.1375,0,e66eeed254628300,9bb43de3e9deb022,2268,5a5f3cc16940622d,5a5f3cc16940622d,2651abbdfd5644ff,ac6b9b6252b7a150,-2.1375,formation_start
S1,698,Advance,7.15625,7.15625,-2.1218750005,0,28ae91656fc6da30,2089a8bb3df1ae0e,2336,48eb048ee313b572,48eb048ee313b572,9799ae9dc5fe32da,ac6b9b6252b7a150,-2.1218750005,formation_start
S1,699,Advance,7.1875,7.1875,-2.10625,0,54c6557fef70cbcc,92c96d32982a208b,2420,5bcead922c166b10,5bcead922c166b10,9cf4bf09b05bc3cd,ac6b9b6252b7a150,-2.10625,formation_start
S1,700,Advance,7.21875,7.21875,-2.0906250005,0,c424869b6ce7428e,734dc5698a96a4fc,2523,2ae3f765373b97a1,2ae3f765373b97a1,dc7c07c202f4ad5e,ac6b9b6252b7a150,-2.0906250005,formation_start
S1,701,Advance,7.25,7.25,-2.075,0,74bf6c5731a7cb73,f1c80978d9de7794,2653,ea8036989b8f0e0d,ea8036989b8f0e0d,792c176410140a9c,ac6b9b6252b7a150,-2.075,formation_start
S1,702,Advance,7.28125,7.28125,-2.0593750005,0,395ef473cbe42c62,1a148af26f3a2144,2817,664d2f010112e005,664d2f010112e005,2a4625590f0c6b70,ac6b9b6252b7a150,-2.0593750005,formation_start
S1,703,Advance,7.3125,7.3125,-2.04375,0,5c8a4de5a5a8e1a0,51cccbdb7e37bed6,2996,ca55ea4249363601,ca55ea4249363601,42bb87ed240796ac,ac6b9b6252b7a150,-2.04375,formation_start
S1,704,Advance,7.34375,7.34375,-2.0281250005,0,5e883b01287897df,85438c54898c4f4d,3210,dc739b486238b55c,dc739b486238b55c,8ffc4e0698b89aed,ac6b9b6252b7a150,-2.0281250005,formation_start
S1,705,Advance,7.375,7.375,-2.0125,0,9cb2404aea9bc34f,799bdb76a1cc8ffd,3440,0d0c87a2dd69986c,0d0c87a2dd69986c,54c451f2712aae00,ac6b9b6252b7a150,-2.0125,formation_start
S1,706,Advance,7.40625,7.40625,-1.9968750005,0,41f6124654674064,fc9872fcf0a2e786,3708,7e5724e01f006183,7e5724e01f006183,ebde4bc73607ea28,ac6b9b6252b7a150,-1.9968750005,formation_start
S1,707,Advance,7.4375,7.4375,-1.98125,0,cdeb238abb9fc0ee,5f12c41272ad1125,3990,f90b6d02df324038,f90b6d02df324038,daa2bfd6325f21cf,ac6b9b6252b7a150,-1.98125,formation_start
S1,708,Advance,7.46875,7.46875,-1.9656250005,0,bd3d36ad929bb89f,fc8e35c6afaac0f0,4311,52a74743e694113f,52a74743e694113f,2260fb5ea5686ca6,ac6b9b6252b7a150,-1.9656250005,formation_start
S1,709,Advance,7.5,7.5,-1.95,0,5e6f4a5d3e968560,45bb8cbbd61877a5,4644,433d6673d74ef353,433d6673d74ef353,ea26f776975b8619,ac6b9b6252b7a150,-1.95,formation_start
S1,710,Advance,7.53125,7.53125,-1.9343750005,0,f345382036b23861,1acbca91500479ce,5012,aa3f709543161f12,aa3f709543161f12,5b8665f7c3ca143b,ac6b9b6252b7a150,-1.9343750005,formation_start
S1,711,Advance,7.5625,7.5625,-1.91875,0,71f51ade38d81e0e,e4f86608037d2229,5381,571d69e1d146fbb6,571d69e1d146fbb6,a649c59d9e2c7101,ac6b9b6252b7a150,-1.91875,formation_start
S1,712,Advance,7.59375,7.59375,-1.9031250005,0,32612b7e0ed92a3b,f0417cbfd8daf711,5728,ece709f4ae42cd45,ece709f4ae42cd45,894486317f4bf816,ac6b9b6252b7a150,-1.9031250005,formation_start
S1,713,Advance,7.625,7.625,-1.8875,0,4f7a9dada9202434,08dc855a1142b093,6091,0868d4f5b4c18d79,0868d4f5b4c18d79,7189489a55940c5c,ac6b9b6252b7a150,-1.8875,formation_start
S1,714,Advance,7.65625,7.65625,-1.8718750005,0,b98fbf514ef1ff02,2dffc9f904dc724e,6449,f7bed8788d14a2c4,f7bed8788d14a2c4,31fd6f1fb62926f1,ac6b9b6252b7a150,-1.8718750005,formation_start
S1,715,Advance,7.6875,7.6875,-1.85625,0,75a6a868f889b588,28bd0f60bf1375bc,6831,fed70912cd7ab24e,fed70912cd7ab24e,22b1883bc71e943a,ac6b9b6252b7a150,-1.85625,formation_start
S1,716,Advance,7.71875,7.71875,-1.8406250005,0,c01bc742ff2c190f,ac371b862358ddcd,7202,52363e9308b108b2,52363e9308b108b2,151950ed22e86d1a,ac6b9b6252b7a150,-1.8406250005,formation_start
S1,717,Advance,7.75,7.75,-1.825,0,202f6e04eddf5ffe,4836cfb7c23080ae,7590,f075ee26fe9b90d6,f075ee26fe9b90d6,67342ef80a69f87c,ac6b9b6252b7a150,-1.825,formation_start
S1,718,Advance,7.78125,7.78125,-1.8093750005,0,0fbb5028d321c4b6,d18c0784b4a785d0,7989,0fd456478932564b,0fd456478932564b,943630b57bec4d51,ac6b9b6252b7a150,-1.8093750005,formation_start
S1,719,Advance,7.8125,7.8125,-1.79375,0,5f84939bf5a24cbb,4e3a72de17767f99,8403,3cc657fe3f6860dd,3cc657fe3f6860dd,75fd9785d8ce4b80,ac6b9b6252b7a150,-1.79375,formation_start
S1,720,Advance,7.84375,7.84375,-1.7781250005,0,9a1924e611ce0ea7,5c3b1e2e30c9d856,8831,05ec15714ca38867,05ec15714ca38867,a1361dddb49b70e8,ac6b9b6252b7a150,-1.7781250005,formation_start
S1,721,Advance,7.875,7.875,-1.7625,0,2a6e04e31d27e577,5fd62732ba354779,9249,9cacf03b4743ef3a,9cacf03b4743ef3a,dcf847798cc9d51d,ac6b9b6252b7a150,-1.7625,formation_start
S1,722,Advance,7.90625,7.90625,-1.7468750005,0,3c9c88e3945544f4,a4af50cbd3325554,9684,e55df724a4364b32,e55df724a4364b32,6255d70e08e8929e,ac6b9b6252b7a150,-1.7468750005,formation_start
S1,723,Advance,7.9375,7.9375,-1.73125,0,9aa2d2fb9440bb5e,42fafea0f5064578,10090,bf64659e17a2efea,bf64659e17a2efea,a23c75a3fdb8c2eb,ac6b9b6252b7a150,-1.73125,formation_start
S1,724,Advance,7.96875,7.96875,-1.7156250005,0,e69caaf0c018af81,db68315bea31e38c,10500,1df8f2c05e988c2e,1df8f2c05e988c2e,75072d32359bff57,ac6b9b6252b7a150,-1.7156250005,formation_start
S1,725,Advance,8,8,-1.7,0,ad28dab1a5c1defc,e335ba97a0040e74,10880,2aad17e11cc1e864,2aad17e11cc1e864,fd2ea07daad12db7,ac6b9b6252b7a150,-1.7,formation_start
S1,726,Advance,8.03125,8.03125,-1.6843750005,0,bc670433fadbf9cc,41a8b778615bbf64,11243,0d6d4aac9d995dcb,0d6d4aac9d995dcb,af3c03634cfe85b4,ac6b9b6252b7a150,-1.6843750005,formation_start
S1,727,Advance,8.0625,8.0625,-1.66875,0,a980d6738189c5a9,95d9a8ecd080fce0,11607,1248541a03e46310,1248541a03e46310,5f1cbf0cc343b184,ac6b9b6252b7a150,-1.66875,formation_start
S1,728,Advance,8.09375,8.09375,-1.6531250005,0,fadae649ca612ea6,073f688bb5e9b5cb,11961,dcda69322e904a82,dcda69322e904a82,8dcb16757926fde0,ac6b9b6252b7a150,-1.6531250005,formation_start
S1,729,Advance,8.125,8.125,-1.6375,0,1c7ef94c315c8423,7ec0d813c737d293,12322,0cbc480bcd731be1,0cbc480bcd731be1,cf84590136c7f84f,ac6b9b6252b7a150,-1.6375,formation_start
S1,730,Advance,8.15625,8.15625,-1.6218750005,0,56d79fddf80374e9,ddef87cc18dd5694,12678,13fe547838040eeb,13fe547838040eeb,45eafab0f91c48f7,ac6b9b6252b7a150,-1.6218750005,formation_start
S1,731,Advance,8.1875,8.1875,-1.60625,0,96c9b9cf77252db0,31cf1607b9375e53,13046,e46fbede2fa7c980,e46fbede2fa7c980,83faba18433afefe,ac6b9b6252b7a150,-1.60625,formation_start
S1,732,Advance,8.21875,8.21875,-1.5906250005,0,f8109dba55bc30d1,c85ee9a292ca6361,13425,6d8e0ce762b4dbf8,6d8e0ce762b4dbf8,e6c9ea0d3e1d7c13,ac6b9b6252b7a150,-1.5906250005,formation_start
S1,733,Advance,8.25,8.25,-1.575,0,0eeda2a963687b1f,a549440307f7b832,13792,5c3e8ec4e5f7757a,5c3e8ec4e5f7757a,64c4c2c82187427e,ac6b9b6252b7a150,-1.575,formation_start
S1,734,Advance,8.28125,8.28125,-1.5593750005,0,069b703d1b0e947b,a30ba54c67a0eafb,14148,e3f934bb7a3a47d6,e3f934bb7a3a47d6,02c33ce13a3f8ab0,ac6b9b6252b7a150,-1.5593750005,formation_start
S1,735,Advance,8.3125,8.3125,-1.54375,0,80e70060a0e90228,a3fa42692580aee5,14507,333bd2aff0ff09d3,333bd2aff0ff09d3,02b67d7de8a0c5d0,ac6b9b6252b7a150,-1.54375,formation_start
S1,736,Advance,8.34375,8.34375,-1.5281250005,0,de4a2750dffc5985,eb871b67e285b66d,14861,4210600ec0ed47a8,4210600ec0ed47a8,80da6628339f7c37,ac6b9b6252b7a150,-1.5281250005,formation_start
S1,737,Advance,8.375,8.375,-1.5125,0,7b1d7f1ce331a3b3,7d2f21a60c35fef1,15216,9852baae9dcd063c,9852baae9dcd063c,d1fc5c0db81967da,ac6b9b6252b7a150,-1.5125,formation_start
S1,738,Advance,8.40625,8.40625,-1.4968750005,0,2fcdd15b3699a62b,f143d2d1a0454fc3,15566,9c8b713038c08114,9c8b713038c08114,108c99437c94ddd2,ac6b9b6252b7a150,-1.4968750005,formation_start
S1,739,Advance,8.4375,8.4375,-1.48125,0,5927e9a0ec59a9ab,73a26d29972d6d06,15933,902567c4cae5d2b2,902567c4cae5d2b2,bc3500b6cb361c9e,ac6b9b6252b7a150,-1.48125,formation_start
S1,740,Advance,8.46875,8.46875,-1.4656250005,0,1adc4f01185bd477,1185f1dc8da77a0d,16302,4f87b3901d41cf78,4f87b3901d41cf78,559d680baec90362,ac6b9b6252b7a150,-1.4656250005,formation_start
S1,741,Advance,8.5,8.5,-1.45,0,dc91b2d6b29cfd51,6b9c2eb9054a0f8e,16678,a1ebd1f15feec57b,a1ebd1f15feec57b,4709c64ffa738462,ac6b9b6252b7a150,-1.45,formation_start
S1,742,Advance,8.53125,8.53125,-1.4343750005,0,f8cdd3453fc9aa68,543e944cc88ddcab,17033,76f1690503415c6f,76f1690503415c6f,a888d69094850282,ac6b9b6252b7a150,-1.4343750005,formation_start
S1,743,Advance,8.5625,8.5625,-1.41875,0,168b74ff3751e9b9,a023a26b4c52a8b5,17367,5525ecc306a25b71,5525ecc306a25b71,9c6e4ab0473719b2,ac6b9b6252b7a150,-1.41875,formation_start
S1,744,Advance,8.59375,8.59375,-1.4031250005,0,5869c11faa02a343,ea2dc8293801cd76,17696,302648dbe892df5d,302648dbe892df5d,f07436f6a0246a47,ac6b9b6252b7a150,-1.4031250005,formation_start
S1,745,Advance,8.625,8.625,-1.3875,0,52d8d468f5fb5cca,d40cdd4db15e398a,18028,c3e6e505492a8fd3,c3e6e505492a8fd3,59ee1df3c1ac5258,ac6b9b6252b7a150,-1.3875,formation_start
S1,746,Advance,8.65625,8.65625,-1.3718750005,0,6d541ff13bf4eba4,22063195ad9e4b2d,18376,9eed6265b1dff679,9eed6265b1dff679,957f9bde11af20fc,ac6b9b6252b7a150,-1.3718750005,formation_start
S1,747,Advance,8.6875,8.6875,-1.35625,0,f235ca3c9dd17907,4c59a0a6f278c43a,18716,a3ef324369a68945,a3ef324369a68945,5e8c9e0044643ffb,777e4c98d34d1531,-1.35625,formation_start
S1,748,Advance,8.71875,8.71875,-1.3406250005,0,2ffebe9cddcce148,d2cc94feb009ff27,19052,837741adce392bb1,837741adce392bb1,8ca61b2156029f76,970c589be1c52338,-1.3406250005,formation_start
S1,749,Advance,8.75,8.75,-1.325,0,bd59ab62dab6b3c3,faa3ea99db4a958c,19401,9670a938ef5aed01,9670a938ef5aed01,946830e947b27c46,93792223848bf34a,-1.325,formation_start
S1,750,Advance,8.78125,8.78125,-1.3093750005,0,6c479e0dd30b2078,aa48777e41910579,19734,ff5478229459fb4b,ff5478229459fb4b,eee61696398a45fb,df707224f39c42ba,-1.3093750005,formation_start
S1,751,Advance,8.8125,8.8125,-1.29375,0,56c09e6d9199d0ad,ecfbbd51baa51e50,20099,f9b4689a4d735c57,f9b4689a4d735c57,5bbefff3a65e636b,9ecb4886806cf810,-1.29375,formation_start
S1,752,Advance,8.84375,8.84375,-1.2781250005,0,d741219a90dae542,94821bcb15863794,20458,3b2a532c8d702401,3b2a532c8d702401,ada6d9c7242bc5b0,0956b6bcdfa87666,-1.2781250005,formation_start
S1,753,Advance,8.875,8.875,-1.2625,0,86836df183de99da,f24acee04bb5ef16,20818,2550ad642376fe3e,2550ad642376fe3e,cbde56e2df61ff50,bda562d6e9e732e4,-1.2625,formation_start
S1,754,Advance,8.90625,8.90625,-1.2468750005,0,ad9f1d77b09d4479,7d73506a0412131c,21197,1745ceffaded8145,1745ceffaded8145,30d3b1c0cda37a90,05ce1e49fb4d1a6a,-1.2468750005,formation_start
S1,755,Advance,8.9375,8.9375,-1.23125,0,14e4da7def5be952,feae00eb441c345f,21577,aba0378223e74065,aba0378223e74065,ddd04c75db1837cf,3cf412e65bc857a9,-1.23125,formation_start
S1,756,Advance,8.96875,8.96875,-1.2156250005,0,f9b9093916028279,83f8028853dd3ff1,21947,85b58dbce53c02c6,85b58dbce53c02c6,f86ccd630ebb9c58,89aca8a725e05d50,-1.2156250005,formation_start
S1,757,Advance,9,9,-1.2,0,4e5a693d9129bfd6,e5dab7fdd45348a9,22295,64a479a725254ec2,64a479a725254ec2,5710ab6804d1eac8,c862602f3b99815b,-1.2,formation_start
S1,758,Advance,9.03125,9.03125,-1.1843750005,0,372e8cd158c56869,6501f586409707ed,22660,40201afa122f5d6e,40201afa122f5d6e,e1bae29851c58e08,4ff4f8605128aa35,-1.1843750005,formation_start
S1,759,Advance,9.0625,9.0625,-1.16875,0,02025891dadd6590,91b9a1d066663be9,22982,ba34b51201995939,ba34b51201995939,fd3ee809196ad165,8c206f3dd2279a73,-1.16875,formation_start
S1,760,Advance,9.09375,9.09375,-1.1531250005,0,22d0a1c863578340,b501673bae3215ac,23290,07394bb05aaeee6b,07394bb05aaeee6b,ee6d4a7c0e6f5c7b,5aba18f55d41c8e3,-1.1531250005,formation_start
S1,761,Advance,9.125,9.125,-1.1375,0,11c263eceb10eea4,e713b87b6ca2a260,23608,2fbf7c7b1051ccf7,2fbf7c7b1051ccf7,64026c10e1f8d242,600db0ce2728d683,-1.1375,formation_start
S1,762,Advance,9.15625,9.15625,-1.1218750005,0,4b3da93780235f2c,c7119b7834378480,23935,eaac8544c9448c6c,eaac8544c9448c6c,3197edfd5e5c01db,1112ee3c481f6bd4,-1.1218750005,formation_start
S1,763,Advance,9.1875,9.1875,-1.10625,0,f421126179b22062,e1d3da07d59098da,24258,e9109fc5624b74e5,e9109fc5624b74e5,3ac46ba46659ff7d,76096f1112a3893d,-1.10625,formation_start
S1,764,Advance,9.21875,9.21875,-1.0906250005,0,4be703cbbe1f87be,df83dc102e1371d4,24590,ebc59078f33b2a3c,ebc59078f33b2a3c,f3adf96c2bfb2461,3bf9590868f4d19e,-1.0906250005,formation_start
S1,765,Advance,9.25,9.25,-1.075,0,6e106f61e6db4460,35c6487cc9d2009f,24929,4da208a27eb4da94,4da208a27eb4da94,4295f8a37368cb50,b2b0b0a7eb923c96,-1.075,formation_start
S1,766,Advance,9.28125,9.28125,-1.0593750005,0,1e388ec60cc97973,ecb0e397e849ef01,25280,bb2cbec6a0f2b5cb,bb2cbec6a0f2b5cb,dfc905eab496a1c9,81a20400ba29e8d4,-1.0593750005,formation_start
S1,767,Advance,9.3125,9.3125,-1.04375,0,0d8999f1df942330,43be067eaf319dd0,26149,61fd752d423a4765,61fd752d423a4765,64f20e86e3f9efaf,ba0c917a2f2b5d86,-1.04375,formation_start
S1,768,Advance,9.34375,9.34375,-1.0281250005,0,7b4ca7c96ea79b08,a99b62c90b8e4bd9,27609,95666927512ecf7b,95666927512ecf7b,a9858ebbff4d53c6,2701568a29e0c6c5,-1.0281250005,formation_start
S1,769,Advance,9.375,9.375,-1.0125,0,6913bcc0943871e1,9f539096cd3ed4bc,28739,a447efa983d05c49,a447efa983d05c49,5a8d04f67fe41f1b,6720bed85be25639,-1.0125,formation_start
S1,770,Advance,9.40625,9.40625,-0.9968750005,0,b01721cfd69d59cc,2635ca59fa11fa64,29805,5a3b2fd0dd4e25f4,5a3b2fd0dd4e25f4,491c3fcf544896bb,5cc61c8a7c552366,-0.9968750005,formation_start
S1,771,Advance,9.4375,9.4375,-0.98125,0,8a1e4339d862d6fb,462f4dc1e9327be7,30970,cf0a0fda3398dc49,cf0a0fda3398dc49,298ccc7f0a719d17,34161355fc9cd389,-0.98125,formation_start
S1,772,Advance,9.46875,9.46875,-0.9656250005,0,750a7831cbf4aec2,79c209beb353be68,32144,28a86147bd80a035,28a86147bd80a035,bcb365a81b1dcea2,f6250fd9a569d325,-0.9656250005,formation_start
S1,773,Advance,9.5,9.5,-0.95,0,f63bfdf385c87a0d,148783a50f644ce5,33323,dd731dac5eee7b28,dd731dac5eee7b28,28a501dae3d336d0,e02f80ea8cd0333f,-0.95,formation_start
S1,774,Advance,9.53125,9.53125,-0.9343750005,0,d2c45991f45074ba,aa9c9049d0d4bfa9,34486,8586a4e7ea2cc333,8586a4e7ea2cc333,3621e600edc9facd,e785add1ff94ce25,-0.9343750005,formation_start
S1,775,Advance,9.5625,9.5625,-0.91875,0,bb18e7e12d4a5c07,5025a8c3c04b3046,35484,5c136e0f224c0455,5c136e0f224c0455,7856e93e89798f87,196a936bcb6eb59c,-0.91875,formation_start
S1,776,Advance,9.59375,9.59375,-0.9031250005,0,048192e4fdbbeb49,fc97df061bd562f2,36471,44b1980bde72fa2a,44b1980bde72fa2a,f51cf6c6eb07c49d,25ab7ef77df44934,-0.9031250005,formation_start
S1,777,Advance,9.625,9.625,-0.8875,0,26f6fddee932e675,cd17f7d43f2211ac,37469,2741cc004ebc602e,2741cc004ebc602e,0e85b6e5a1c60875,2533cc5c6ac17152,-0.8875,formation_start
S1,778,Advance,9.65625,9.65625,-0.8718750005,0,3750142f7a8ba069,cbd3d8e2133c32bb,38524,cacd822eeb35bca2,cacd822eeb35bca2,4cf753ec504ea791,f036ddf40e92e3c7,-0.8718750005,formation_start
S1,779,Advance,9.6875,9.6875,-0.85625,0,587a53125a4977d0,6ee2b65d7d7b2ebc,39633,c96550bb2dcbcc5f,c96550bb2dcbcc5f,de91981b92e2b0c5,6fb2ae96f4958565,-0.85625,formation_start
S1,780,Advance,9.71875,9.71875,-0.8406250005,0,746ab820531f5f07,06558bad51733e43,40761,ce54943057e9a105,ce54943057e9a105,a2549466fc7ef3f4,c37adb81b6a21808,-0.8406250005,formation_start
S1,781,Advance,9.75,9.75,-0.825,0,6ac573998b905f1e,77510e2867177570,41895,04e6cc3a0c2c8650,04e6cc3a0c2c8650,76f191a8ab0bb9f7,db01e5339169e69b,-0.825,formation_start
S1,782,Advance,9.78125,9.78125,-0.8093750005,0,46ade2bf15f70e18,1be109622050c167,43043,4bba293126c085a1,4bba293126c085a1,0b5289fdf90c6a63,efb8ef783512ab33,-0.8093750005,formation_start
S1,783,Advance,9.8125,9.8125,-0.79375,0,669514259f303cc7,f435df7062a516b7,44169,cbeb18c6989c716d,cbeb18c6989c716d,472e137c8a18cccc,b9202fe2064d3528,-0.79375,formation_start
S1,784,Advance,9.84375,9.84375,-0.7781250005,0,74f6a084437c9349,74661f4381ce1387,45349,3d5112a4428c1b23,3d5112a4428c1b23,5d8fbf10f535ae58,703a89997ab18d4f,-0.7781250005,formation_start
S1,785,Advance,9.875,9.875,-0.7625,0,73b573f4b8fb6d24,db8c768919a3fe54,46539,a28e37dc50694fab,a28e37dc50694fab,516e81276b4f5de7,7862c3714df7763a,-0.7625,formation_start
S1,786,Advance,9.90625,9.90625,-0.7468750005,0,110ac239e35b3667,e46faa5906d5b649,47667,737fb21715100f04,737fb21715100f04,ad276664e00981d3,8920ad97253104fc,-0.7468750005,formation_start
S1,787,Advance,9.9375,9.9375,-0.73125,0,6a364d6eb87af58b,7d99e2b01ff8a189,48830,84da96f32d1b4a38,84da96f32d1b4a38,8961653702e65754,6aed753e4f598141,-0.73125,formation_start
S1,788,Advance,9.96875,9.96875,-0.7156250005,0,9b22aa4951f7703a,731d9c9ce765b215,49947,799fc1a789bb8962,799fc1a789bb8962,5d18f65329bd98a4,dfdca3994dce45f0,-0.7156250005,formation_start
S1,789,Advance,10,10,-0.7,0,569b74027bf13752,216139cb45802d0f,51119,09f9de03604de00d,09f9de03604de00d,17aeafc3acf11a8e,4ad480095a161bc0,-0.7,formation_start
S1,790,Advance,10.03125,10.03125,-0.6843750005,0,ad950c8e42d96ea5,482d860988c3fa50,52283,dc27bd7dab230544,dc27bd7dab230544,86bbd4de35b191ab,827075378851b20a,-0.6843750005,formation_start
S1,791,Advance,10.0625,10.0625,-0.66875,0,9eb0bd4762e7945b,c0277a8437d2e650,53473,f0c1262bc4ef0c82,f0c1262bc4ef0c82,3e6cd7d3a5ef588d,9dde4f43ec1c6ce2,-0.66875,formation_start
S1,792,Advance,10.09375,10.09375,-0.6531250005,0,ab4b437bf4e85853,1da7db3eb241b03d,54672,509511fb02d9b8c8,509511fb02d9b8c8,c439f867581fe0a0,2b767aff22685794,-0.6531250005,formation_start
S1,793,Advance,10.125,10.125,-0.6375,0,f35826b4f94b2180,b756d3ab8ce7ade3,55879,a2a12e209ced490e,a2a12e209ced490e,17d491b6a08ab7fe,a2a37328250e61cc,-0.6375,formation_start
S1,794,Advance,10.15625,10.15625,-0.6218750005,0,81fa0a7505694877,f9565abf6077ceea,57128,a32ab86c2b28ff6e,a32ab86c2b28ff6e,a0f71f65275cc2df,6385acf561a4c2a2,-0.6218750005,formation_start
S1,795,Advance,10.1875,10.1875,-0.60625,0,72ee9813c14aa1d7,26cffd4913035eed,58330,aeced071a20cea9b,aeced071a20cea9b,8941d84d20988fe9,6c73a7eca4a4f145,-0.60625,formation_start
S1,796,Advance,10.21875,10.21875,-0.5906250005,0,272a0a704faa45c4,a07384ee1fff6f33,59503,f4b30df0eb8ef35a,f4b30df0eb8ef35a,51e642be8f8e9c50,32b2ca13417f8c8d,-0.5906250005,formation_start
S1,797,Advance,10.25,10.25,-0.575,0,0fdca639cb285088,9e2074af71ee7785,60751,d0194c25c0944db7,d0194c25c0944db7,ed2a8c755dff8d80,ad6d1d6355a5887c,-0.575,formation_start
S1,798,Advance,10.28125,10.28125,-0.5593750005,0,93b79637b91452e2,e55697375be267fa,62464,b1867db51d026fd6,b1867db51d026fd6,a771b44c7585d040,3f009db323d3aeb1,-0.5593750005,formation_start
S1,799,Advance,10.3125,10.3125,-0.54375,0,1fa6ed3355a6b7f5,29ba934fd5499cd3,63978,5059b95d4a767563,5059b95d4a767563,d43ed9a21970aac9,ebeaf72b27a22135,-0.54375,formation_start
S1,800,Advance,10.34375,10.34375,-0.5281250005,0,d2831f48210f7c43,79e136c5cbad18c8,65817,1753a528e653e95a,1753a528e653e95a,74a703ec6d949205,09a24dd87bf2a242,-0.5281250005,formation_start
S1,801,Advance,10.375,10.375,-0.5125,0,5880d5b08252b2ff,341c39070436b2e8,67061,33078c98176eb2ac,33078c98176eb2ac,58d8f0fe256507e0,9f3556e0ffba0d91,-0.5125,formation_start
S1,802,Advance,10.40625,10.40625,-0.4968750005,0,3ad3493d4fb57e60,7d22870ab8b9d0cd,68175,eaf3e2d5a818b4bd,eaf3e2d5a818b4bd,9b5d75a74fb239dc,ea58fa2492a83fe5,-0.4968750005,formation_start
S1,803,Advance,10.4375,10.4375,-0.48125,0,605408a1bdec7737,ae9add23f3227555,69278,42e47b9282c545c9,42e47b9282c545c9,a208dcb7fd5024b8,9d4a1c64547f0e1d,-0.48125,formation_start
S1,804,Advance,10.46875,10.46875,-0.4656250005,0,c8ce45ade88a0497,67fa7a2b739e4c41,70457,d8130d0ebb545554,d8130d0ebb545554,555d82e9f9a8e643,e1fe02d585dbd75b,-0.4656250005,formation_start
S1,805,Advance,10.5,10.5,-0.45,0,10e4b079455386b5,6438402fa5faddec,71857,1c4c9b0ca8219c2c,1c4c9b0ca8219c2c,24ea80dba904e6e7,aaa43445c8fe2ae8,-0.45,formation_start
S1,806,Advance,10.53125,10.53125,-0.4343750005,0,8bbe041cd992b1f8,433b3b8b4a7bda0e,73225,ff753bde1a023b41,ff753bde1a023b41,ef7870d85f4090d3,c1717ace35e7180d,-0.4343750005,formation_start
S1,807,Advance,10.5625,10.5625,-0.41875,0,3dbd907aab22f2e6,327c0e113aa7d8e8,74623,146dceebf7c9033f,146dceebf7c9033f,f19dc7b6d7748d49,3d74be79df320eb2,-0.41875,formation_start
S1,808,Advance,10.59375,10.59375,-0.4031250005,0,7dfd90283617f761,c07bbfb6ff19f8be,75925,4a5d8c9d7e036b41,4a5d8c9d7e036b41,c07cbcffdda02f72,522a86136df66dc0,-0.4031250005,formation_start
S1,809,Advance,10.625,10.625,-0.3875,0,db54a9b305d85487,631b901b1dd35906,77172,73f165bb7afb33b3,73f165bb7afb33b3,3c7f96f579d257d7,9a7d047a13ea8e12,-0.3875,formation_start
S1,810,Advance,10.65625,10.65625,-0.3718750005,0,292fd83c9a6ce997,684ac40419fdea09,78437,5b112aefa92dc64d,5b112aefa92dc64d,76cda9e843c6ed4e,5fde3a0ae019e1dc,-0.3718750005,formation_start
S1,811,Advance,10.6875,10.6875,-0.35625,0,3c5a6f756aa76237,c285d7e25cb68db8,79689,837dabbf41b47ee1,837dabbf41b47ee1,ce7913f6a203850c,400d5addfb5dcf41,-0.35625,formation_start
S1,812,Advance,10.71875,10.71875,-0.3406250005,0,da20576567bdd05c,060ae7c9c627cb22,80989,baad68d6f8106ad9,baad68d6f8106ad9,765ce2617bbe836f,26ec31e2526d837d,-0.3406250005,formation_start
S1,813,Advance,10.75,10.75,-0.325,0,49adc9cdd59f1fae,5e213cb90ec9c78c,82225,4e4b6e99481f43f4,4e4b6e99481f43f4,e9de90571b9ce2f2,6ab80c0455f30595,-0.325,formation_start
S1,814,Advance,10.78125,10.78125,-0.3093750005,0,d301a4da9000ac93,8fc412e5a4688583,83490,b616a50d216f80bf,b616a50d216f80bf,0c3a6a8577989dd7,9e2509e52e74d536,-0.3093750005,formation_start
S1,815,Advance,10.8125,10.8125,-0.293750675,0,ede4bd590c134f01,c3755686e56da0b8,88953,de6afad670be2602,de6afad670be2602,5da0341a79947e36,b2b2f3c26c2afa0e,-0.293750675,formation_start
S1,816,Advance,10.84375,10.84375,-0.278153737,0,2d78e686ad3058fa,7b70368365f9f196,89751,47aead19e5f443c3,47aead19e5f443c3,b468009888241320,59d6dfa8cc91a1c4,-0.278153737,formation_start
S1,817,Advance,10.875,10.875,-0.262641907,0,da6fe180c18e74b4,f03b17b9bf42e923,90501,47f3875e5fe75de9,47f3875e5fe75de9,2af6c7ffa9a3bb94,1aac155a5593aade,-0.262641907,formation_start
S1,818,Advance,10.90625,10.90625,-0.24727348,0,9f7b1c28e6f70c3a,a14aa44c7937b3e3,91148,335327eeb9814c3e,335327eeb9814c3e,7d3bc0727eed8c05,78ef36d7e7abb714,-0.24727348,formation_start
S1,819,Advance,10.9375,10.9375,-0.232100928,0,db789bd100bb3694,35fd849353947bde,91759,c624e92b4aceedcb,c624e92b4aceedcb,15d84ef46a8dfb90,1b8bd91731bee605,-0.232100928,formation_start
S1,820,Advance,10.96875,10.96875,-0.2171768845,0,cb2c319361876c70,040e3af33aaac502,92368,8a5e0d272fead982,8a5e0d272fead982,e85d012ffa60dce4,a16e7032171ee1c9,-0.2171768845,formation_start
S1,821,Advance,11,11,-0.202546296,0,efca448c0fb1c864,9758411772e3d6f6,92910,c45c0797eb43ecf9,c45c0797eb43ecf9,ecc20c745d34c6d3,bb90c498ed003acd,-0.202546296,formation_start
S1,822,Advance,11.03125,11.03125,-0.1882560165,0,9e9b13cffc60d473,0c5582a2448773ed,94384,3153c471ef3a6480,3153c471ef3a6480,3ce805569467a1dc,828def6c6978a840,-0.1882560165,formation_start
S1,823,Advance,11.0625,11.0625,-0.174343586,0,5c353235ddcf771b,c22481950a93b408,94421,40275b5c135b7e05,40275b5c135b7e05,56fa6166e8ae92d1,9788c0ee06545c0e,-0.174343586,formation_start
S1,824,Advance,11.09375,11.09375,-0.1608499595,0,5432d92686d764dd,3cf9e4d9777ecfd2,94483,65fb395e7fad869d,65fb395e7fad869d,deb8a35fbeadaa5e,2868ed7dffa76976,-0.1608499595,formation_start
S1,825,Advance,11.125,11.125,-0.147805391,0,2bcb3bfff72e5fdc,f45b449eb88c5828,94518,be887c016ca01140,be887c016ca01140,56a4db37fce67b49,1ec27554c2481e5d,-0.147805391,formation_start
S1,826,Advance,11.15625,11.15625,-0.1352448165,0,7d2963f998419838,1a632d86d9440e7d,94548,eab9cd41a2def743,eab9cd41a2def743,ac857c1b403846fd,e0766c9ab23c2278,-0.1352448165,formation_start
S1,827,Advance,11.1875,11.1875,-0.123191321,0,37a5ed0de8fb89d5,ae1a91a5f8daaa57,94591,9d0d85d3f8fcb58a,9d0d85d3f8fcb58a,d1c673446f70ddf1,f5220a80560ecc65,-0.123191321,formation_start
S1,828,Advance,11.21875,11.21875,-0.111673708,0,c0fd57692f84de68,c8cc06c4b583fdd1,94618,37e4e2aae021300c,37e4e2aae021300c,9bca30e0d7cfc7ff,6a7a056e40c02564,-0.111673708,formation_start
S1,829,Advance,11.25,11.25,-0.100708008,0,33caa39077d13469,8b366ab650aa54b1,94645,bed5baecdc464085,bed5baecdc464085,09c25667e6da4ca2,b0aab2dfbd80d32b,-0.100708008,formation_start
S1,830,Advance,11.28125,11.28125,-0.090316772,0,b32e0568d4ecbbd3,59885fe4473a0355,94800,13e0116a8fd321a5,13e0116a8fd321a5,57365a2e1bc55374,5ee76a8650c09836,-0.090316772,formation_start
S1,831,Advance,11.3125,11.3125,-0.080509097,0,e97f7975f3b67427,59885fe4473a0355,94800,8af7a7cec923eba8,8af7a7cec923eba8,e0c1efc2341b0740,bc68422fd0d67e4a,-0.080509097,formation_start
S1,832,Advance,11.34375,11.34375,-0.0713011655,0,3bdd199f906851f8,59885fe4473a0355,94800,7cbb8e3b1fdbc34d,7cbb8e3b1fdbc34d,b78e912bbee88f36,add2dffe75315dd0,-0.0713011655,formation_start
S1,833,Advance,11.375,11.375,-0.062695256,0,19214893bc78254e,59885fe4473a0355,94800,d1ff24d83e78b885,d1ff24d83e78b885,61b5b9e3adb9e2a2,e35c14bedce8c185,-0.062695256,formation_start
S1,834,Advance,11.40625,11.40625,-0.054701063,0,9c14bb76a3941c0d,59885fe4473a0355,94800,cbfb63a78a6f96d7,cbfb63a78a6f96d7,9c5d4e2d6a442f7c,6ee0b5864bd38984,-0.054701063,formation_start
S1,835,Advance,11.4375,11.4375,-0.047314167,0,7f4b0279e3d76a95,59885fe4473a0355,94800,19a6ebcd62cba58e,19a6ebcd62cba58e,60f9e7150a65f4d5,6eb7c42663a062c3,-0.047314167,formation_start
S1,836,Advance,11.46875,11.46875,-0.040537657000000005,0,9f60ee4d7420d5e4,59885fe4473a0355,94800,6f255e004d10d6d5,6f255e004d10d6d5,e21f03c0bab65da7,a02cc98309fd0a9d,-0.040537657000000005,formation_start
S1,837,Advance,11.5,11.5,-0.034360532,0,ddb817e3c5f80182,59885fe4473a0355,94800,b8f7c2beb781acb3,b8f7c2beb781acb3,97b3485798c9b7de,cafba149996f4d80,-0.034360532,formation_start
S1,838,Advance,11.53125,11.53125,-0.028779159,0,aacd1eb31ba9837f,59885fe4473a0355,94800,9e8369397952dfa0,9e8369397952dfa0,910d6b878446d423,4b203a06c27a06bf,-0.028779159,formation_start
S1,839,Advance,11.5625,11.5625,-0.023776072,0,767723ede4d14365,59885fe4473a0355,94800,621e33a5c9c8256f,621e33a5c9c8256f,28fdd6c3ae98fdc8,35179117b92f3599,-0.023776072,formation_start
S1,840,Advance,11.59375,11.59375,-0.0193407975,0,5bf534c801b49b1c,59885fe4473a0355,94800,cfb88a1758f5f23b,cfb88a1758f5f23b,ac7718e058e74c6c,0853cb7265b33793,-0.0193407975,formation_start
S1,841,Advance,11.625,11.625,-0.015449524,0,6899d5f64d237526,59885fe4473a0355,94800,65eaf8e17c28f8c6,65eaf8e17c28f8c6,68319762b54531fa,8b8b3266f626b033,-0.015449524,formation_start
S1,842,Advance,11.65625,11.65625,-0.0120848195,0,4be63a63f6efaf4b,59885fe4473a0355,94800,bf6e2f7ce1433a1d,bf6e2f7ce1433a1d,0b1d18c990be7b00,c403ac336962aa7d,-0.0120848195,formation_start
S1,843,Advance,11.6875,11.6875,-0.009216644,0,c0ff6fa2f82574e6,59885fe4473a0355,94800,24f12e27add61164,24f12e27add61164,866539769ee29911,aff7464433dfa84c,-0.009216644,formation_start
S1,844,Advance,11.71875,11.71875,-0.00682049,0,71d24f5ae84ac4ae,59885fe4473a0355,94800,df64ef38bcd8a0a3,df64ef38bcd8a0a3,ccf4e79e1d852c87,1f137baedb4ade1d,-0.00682049,formation_start
S1,845,Advance,11.75,11.75,-0.004860207,0,093b833047b96bb3,59885fe4473a0355,94800,4e1228578fd262db,4e1228578fd262db,5d1f58146301efee,4d74986c4b687aaa,-0.004860207,formation_start
S1,846,Advance,11.78125,11.78125,-0.0033040925,0,912cd86c50cf2c8f,59885fe4473a0355,94800,3a104c7ddb04f874,3a104c7ddb04f874,8f31d3a6eab92450,02989c3b68bc9a5e,-0.0033040925,formation_start
S1,847,Advance,11.8125,11.8125,-0.002110004,0,8a3b3228357d5155,59885fe4473a0355,94800,c6e8989ba555d3b4,c6e8989ba555d3b4,4f173d8d0e384e19,26ad5adc8f7b3a27,-0.002110004,formation_start
S1,848,Advance,11.84375,11.84375,-0.0012389285,0,154c014a19063fcc,59885fe4473a0355,94800,4425d948eed5ffcf,4425d948eed5ffcf,66cbbd04cf2a71a7,72b92b0351ec41e8,-0.0012389285,formation_start
S1,849,Advance,11.875,11.875,-0.000642847,0,2ba901dc91d029d7,59885fe4473a0355,94800,42b9727ef743fae3,42b9727ef743fae3,c70324b6e91ce1fb,5fd0a3d7c03df93a,-0.000642847,formation_start
S1,850,Advance,11.90625,11.90625,-0.00027531699999999997,0,708b9192c8ab4d2f,59885fe4473a0355,94800,4c7e690fb5169170,4c7e690fb5169170,98f4ecbdfc3a67ab,7a55064b6cd91206,-0.00027531699999999997,formation_start
S1,851,Advance,11.9375,11.9375,-8.2563E-05,0,ccf0d6dab1165aac,59885fe4473a0355,94800,d6d8dc437d8ab293,d6d8dc437d8ab293,c2327a2d6a9974ee,8d10089142fef5a4,-8.2563E-05,formation_start
S1,852,Advance,11.96875,11.96875,-1.0596E-05,0,2a5350f766a72c8a,59885fe4473a0355,94800,adf034544c4a182f,adf034544c4a182f,d64a06224bdfc743,1009389c3da51edc,-1.0596E-05,formation_start
S1,853,Advance,12,12,0,0,5305ac3d12f30b5c,59885fe4473a0355,94800,85b57a1f76422f9c,85b57a1f76422f9c,38bdfab8c8a7a896,24836fc11afa34a9,0,formation_start|t_star
S1,854,Advance,12.03125,12,0,0,5305ac3d12f30b5c,59885fe4473a0355,94800,85b57a1f76422f9c,85b57a1f76422f9c,38bdfab8c8a7a896,24836fc11afa34a9,0,formation_start|t_star
S1,855,Advance,12.0625,12,0,0,5305ac3d12f30b5c,59885fe4473a0355,94800,85b57a1f76422f9c,85b57a1f76422f9c,38bdfab8c8a7a896,24836fc11afa34a9,0,formation_start|t_star
S1,856,Advance,12.09375,12,0,0,5305ac3d12f30b5c,59885fe4473a0355,94800,85b57a1f76422f9c,85b57a1f76422f9c,38bdfab8c8a7a896,24836fc11afa34a9,0,formation_start|t_star
S1,857,Advance,12.125,12,0,0,5305ac3d12f30b5c,59885fe4473a0355,94800,85b57a1f76422f9c,85b57a1f76422f9c,38bdfab8c8a7a896,24836fc11afa34a9,0,formation_start|t_star
S1,858,Advance,12.15625,12,0,0,5305ac3d12f30b5c,59885fe4473a0355,94800,85b57a1f76422f9c,85b57a1f76422f9c,38bdfab8c8a7a896,24836fc11afa34a9,0,formation_start|t_star
S1,859,Advance,12.1875,12,0,0,5305ac3d12f30b5c,59885fe4473a0355,94800,85b57a1f76422f9c,85b57a1f76422f9c,38bdfab8c8a7a896,24836fc11afa34a9,0,formation_start|t_star
S1,860,Advance,12.21875,12,0,0,5305ac3d12f30b5c,59885fe4473a0355,94800,85b57a1f76422f9c,85b57a1f76422f9c,38bdfab8c8a7a896,24836fc11afa34a9,0,formation_start|t_star
S1,861,Advance,12.25,12,0,0,5305ac3d12f30b5c,59885fe4473a0355,94800,85b57a1f76422f9c,85b57a1f76422f9c,38bdfab8c8a7a896,24836fc11afa34a9,0,formation_start|t_star
S1,862,Advance,12.28125,12,0,0,5305ac3d12f30b5c,59885fe4473a0355,94800,85b57a1f76422f9c,85b57a1f76422f9c,38bdfab8c8a7a896,24836fc11afa34a9,0,formation_start|t_star
S1,863,Advance,12.3125,12,0,0,5305ac3d12f30b5c,59885fe4473a0355,94800,85b57a1f76422f9c,85b57a1f76422f9c,38bdfab8c8a7a896,24836fc11afa34a9,0,formation_start|t_star
S1,864,Advance,12.34375,12,0,0,5305ac3d12f30b5c,59885fe4473a0355,94800,85b57a1f76422f9c,85b57a1f76422f9c,38bdfab8c8a7a896,24836fc11afa34a9,0,formation_start|t_star
S1,865,Advance,12.375,12,0,0,5305ac3d12f30b5c,59885fe4473a0355,94800,85b57a1f76422f9c,85b57a1f76422f9c,38bdfab8c8a7a896,24836fc11afa34a9,0,formation_start|t_star
S1,866,Advance,12.40625,12,0,0,5305ac3d12f30b5c,59885fe4473a0355,94800,85b57a1f76422f9c,85b57a1f76422f9c,38bdfab8c8a7a896,24836fc11afa34a9,0,formation_start|t_star
S1,867,Advance,12.4375,12,0,0,5305ac3d12f30b5c,59885fe4473a0355,94800,85b57a1f76422f9c,85b57a1f76422f9c,38bdfab8c8a7a896,24836fc11afa34a9,0,formation_start|t_star
S1,868,Advance,12.46875,12,0,0,5305ac3d12f30b5c,59885fe4473a0355,94800,85b57a1f76422f9c,85b57a1f76422f9c,38bdfab8c8a7a896,24836fc11afa34a9,0,formation_start|t_star
S1,869,Advance,12.5,12,0,0,5305ac3d12f30b5c,59885fe4473a0355,94800,85b57a1f76422f9c,85b57a1f76422f9c,38bdfab8c8a7a896,24836fc11afa34a9,0,formation_start|t_star
S1,870,Advance,12.53125,12,0,0,5305ac3d12f30b5c,59885fe4473a0355,94800,85b57a1f76422f9c,85b57a1f76422f9c,38bdfab8c8a7a896,24836fc11afa34a9,0,formation_start|t_star
S1,871,Advance,12.5625,12,0,0,5305ac3d12f30b5c,59885fe4473a0355,94800,85b57a1f76422f9c,85b57a1f76422f9c,38bdfab8c8a7a896,24836fc11afa34a9,0,formation_start|t_star
S1,872,Advance,12.59375,12,0,0,5305ac3d12f30b5c,59885fe4473a0355,94800,85b57a1f76422f9c,85b57a1f76422f9c,38bdfab8c8a7a896,24836fc11afa34a9,0,formation_start|t_star
S1,873,Advance,12.625,12,0,0,5305ac3d12f30b5c,59885fe4473a0355,94800,85b57a1f76422f9c,85b57a1f76422f9c,38bdfab8c8a7a896,24836fc11afa34a9,0,formation_start|t_star
S1,874,Advance,12.65625,12,0,0,5305ac3d12f30b5c,59885fe4473a0355,94800,85b57a1f76422f9c,85b57a1f76422f9c,38bdfab8c8a7a896,24836fc11afa34a9,0,formation_start|t_star
S1,875,Advance,12.6875,12,0,0,5305ac3d12f30b5c,59885fe4473a0355,94800,85b57a1f76422f9c,85b57a1f76422f9c,38bdfab8c8a7a896,24836fc11afa34a9,0,formation_start|t_star
S1,876,Advance,12.71875,12,0,0,5305ac3d12f30b5c,59885fe4473a0355,94800,85b57a1f76422f9c,85b57a1f76422f9c,38bdfab8c8a7a896,24836fc11afa34a9,0,formation_start|t_star
S1,877,Advance,12.75,12,0,0,5305ac3d12f30b5c,59885fe4473a0355,94800,85b57a1f76422f9c,85b57a1f76422f9c,38bdfab8c8a7a896,24836fc11afa34a9,0,formation_start|t_star
S1,878,Advance,12.78125,12,0,0,5305ac3d12f30b5c,59885fe4473a0355,94800,85b57a1f76422f9c,85b57a1f76422f9c,38bdfab8c8a7a896,24836fc11afa34a9,0,formation_start|t_star
S1,879,Advance,12.8125,12,0,0,5305ac3d12f30b5c,59885fe4473a0355,94800,85b57a1f76422f9c,85b57a1f76422f9c,38bdfab8c8a7a896,24836fc11afa34a9,0,formation_start|t_star
S1,880,Advance,12.84375,12,0,0,5305ac3d12f30b5c,59885fe4473a0355,94800,85b57a1f76422f9c,85b57a1f76422f9c,38bdfab8c8a7a896,24836fc11afa34a9,0,formation_start|t_star
S1,881,Advance,12.875,12,0,0,5305ac3d12f30b5c,59885fe4473a0355,94800,85b57a1f76422f9c,85b57a1f76422f9c,38bdfab8c8a7a896,24836fc11afa34a9,0,formation_start|t_star
S1,882,Advance,12.90625,12,0,0,5305ac3d12f30b5c,59885fe4473a0355,94800,85b57a1f76422f9c,85b57a1f76422f9c,38bdfab8c8a7a896,24836fc11afa34a9,0,formation_start|t_star
S1,883,Advance,12.9375,12,0,0,5305ac3d12f30b5c,59885fe4473a0355,94800,85b57a1f76422f9c,85b57a1f76422f9c,38bdfab8c8a7a896,24836fc11afa34a9,0,formation_start|t_star
S1,884,Advance,12.96875,12,0,0,5305ac3d12f30b5c,59885fe4473a0355,94800,85b57a1f76422f9c,85b57a1f76422f9c,38bdfab8c8a7a896,24836fc11afa34a9,0,formation_start|t_star
S1,885,Advance,13,12,0,0,5305ac3d12f30b5c,59885fe4473a0355,94800,85b57a1f76422f9c,85b57a1f76422f9c,38bdfab8c8a7a896,24836fc11afa34a9,0,formation_start|t_star
S1,886,Advance,13.03125,12,0,0,5305ac3d12f30b5c,59885fe4473a0355,94800,85b57a1f76422f9c,85b57a1f76422f9c,38bdfab8c8a7a896,24836fc11afa34a9,0,formation_start|t_star
S1,887,Advance,13.0625,12,0,0,5305ac3d12f30b5c,59885fe4473a0355,94800,85b57a1f76422f9c,85b57a1f76422f9c,38bdfab8c8a7a896,24836fc11afa34a9,0,formation_start|t_star
S1,888,Advance,13.09375,12,0,0,5305ac3d12f30b5c,59885fe4473a0355,94800,85b57a1f76422f9c,85b57a1f76422f9c,38bdfab8c8a7a896,24836fc11afa34a9,0,formation_start|t_star
S1,889,Advance,13.125,12,0,0,5305ac3d12f30b5c,59885fe4473a0355,94800,85b57a1f76422f9c,85b57a1f76422f9c,38bdfab8c8a7a896,24836fc11afa34a9,0,formation_start|t_star
S1,890,Advance,13.15625,12,0,0,5305ac3d12f30b5c,59885fe4473a0355,94800,85b57a1f76422f9c,85b57a1f76422f9c,38bdfab8c8a7a896,24836fc11afa34a9,0,formation_start|t_star
S1,891,Advance,13.1875,12,0,0,5305ac3d12f30b5c,59885fe4473a0355,94800,85b57a1f76422f9c,85b57a1f76422f9c,38bdfab8c8a7a896,24836fc11afa34a9,0,formation_start|t_star
S1,892,Advance,13.21875,12,0,0,5305ac3d12f30b5c,59885fe4473a0355,94800,85b57a1f76422f9c,85b57a1f76422f9c,38bdfab8c8a7a896,24836fc11afa34a9,0,formation_start|t_star
S1,893,Advance,13.25,12,0,0,5305ac3d12f30b5c,59885fe4473a0355,94800,85b57a1f76422f9c,85b57a1f76422f9c,38bdfab8c8a7a896,24836fc11afa34a9,0,formation_start|t_star
S1,894,Advance,13.28125,12,0,0,5305ac3d12f30b5c,59885fe4473a0355,94800,85b57a1f76422f9c,85b57a1f76422f9c,38bdfab8c8a7a896,24836fc11afa34a9,0,formation_start|t_star
S1,895,Advance,13.3125,12,0,0,5305ac3d12f30b5c,59885fe4473a0355,94800,85b57a1f76422f9c,85b57a1f76422f9c,38bdfab8c8a7a896,24836fc11afa34a9,0,formation_start|t_star
S1,896,Advance,13.34375,12,0,0,5305ac3d12f30b5c,59885fe4473a0355,94800,85b57a1f76422f9c,85b57a1f76422f9c,38bdfab8c8a7a896,24836fc11afa34a9,0,formation_start|t_star
S1,897,Advance,13.375,12,0,0,5305ac3d12f30b5c,59885fe4473a0355,94800,85b57a1f76422f9c,85b57a1f76422f9c,38bdfab8c8a7a896,24836fc11afa34a9,0,formation_start|t_star
S1,898,Advance,13.40625,12,0,0,5305ac3d12f30b5c,59885fe4473a0355,94800,85b57a1f76422f9c,85b57a1f76422f9c,38bdfab8c8a7a896,24836fc11afa34a9,0,formation_start|t_star
S1,899,Advance,13.4375,12,0,0,5305ac3d12f30b5c,59885fe4473a0355,94800,85b57a1f76422f9c,85b57a1f76422f9c,38bdfab8c8a7a896,24836fc11afa34a9,0,formation_start|t_star
S1,900,Advance,13.46875,12,0,0,5305ac3d12f30b5c,59885fe4473a0355,94800,85b57a1f76422f9c,85b57a1f76422f9c,38bdfab8c8a7a896,24836fc11afa34a9,0,formation_start|t_star
S1,901,Advance,13.5,12,0,0,5305ac3d12f30b5c,59885fe4473a0355,94800,85b57a1f76422f9c,85b57a1f76422f9c,38bdfab8c8a7a896,24836fc11afa34a9,0,formation_start|t_star
S1,902,Advance,13.53125,12,0,0,5305ac3d12f30b5c,59885fe4473a0355,94800,85b57a1f76422f9c,85b57a1f76422f9c,38bdfab8c8a7a896,24836fc11afa34a9,0,formation_start|t_star
S1,903,Advance,13.5625,12,0,0,5305ac3d12f30b5c,59885fe4473a0355,94800,85b57a1f76422f9c,85b57a1f76422f9c,38bdfab8c8a7a896,24836fc11afa34a9,0,formation_start|t_star
S1,904,Advance,13.59375,12,0,0,5305ac3d12f30b5c,59885fe4473a0355,94800,85b57a1f76422f9c,85b57a1f76422f9c,38bdfab8c8a7a896,24836fc11afa34a9,0,formation_start|t_star
S1,905,Advance,13.625,12,0,0,5305ac3d12f30b5c,59885fe4473a0355,94800,85b57a1f76422f9c,85b57a1f76422f9c,38bdfab8c8a7a896,24836fc11afa34a9,0,formation_start|t_star
S1,906,Advance,13.65625,12,0,0,5305ac3d12f30b5c,59885fe4473a0355,94800,85b57a1f76422f9c,85b57a1f76422f9c,38bdfab8c8a7a896,24836fc11afa34a9,0,formation_start|t_star
S1,907,Advance,13.6875,12,0,0,5305ac3d12f30b5c,59885fe4473a0355,94800,85b57a1f76422f9c,85b57a1f76422f9c,38bdfab8c8a7a896,24836fc11afa34a9,0,formation_start|t_star
S1,908,Advance,13.71875,12,0,0,5305ac3d12f30b5c,59885fe4473a0355,94800,85b57a1f76422f9c,85b57a1f76422f9c,38bdfab8c8a7a896,24836fc11afa34a9,0,formation_start|t_star
S1,909,Advance,13.75,12,0,0,5305ac3d12f30b5c,59885fe4473a0355,94800,85b57a1f76422f9c,85b57a1f76422f9c,38bdfab8c8a7a896,24836fc11afa34a9,0,formation_start|t_star
S1,910,Advance,13.78125,12,0,0,5305ac3d12f30b5c,59885fe4473a0355,94800,85b57a1f76422f9c,85b57a1f76422f9c,38bdfab8c8a7a896,24836fc11afa34a9,0,formation_start|t_star
S1,911,Advance,13.8125,12,0,0,5305ac3d12f30b5c,59885fe4473a0355,94800,85b57a1f76422f9c,85b57a1f76422f9c,38bdfab8c8a7a896,24836fc11afa34a9,0,formation_start|t_star
S1,912,Advance,13.84375,12,0,0,5305ac3d12f30b5c,59885fe4473a0355,94800,85b57a1f76422f9c,85b57a1f76422f9c,38bdfab8c8a7a896,24836fc11afa34a9,0,formation_start|t_star
S1,913,Advance,13.875,12,0,0,5305ac3d12f30b5c,59885fe4473a0355,94800,85b57a1f76422f9c,85b57a1f76422f9c,38bdfab8c8a7a896,24836fc11afa34a9,0,formation_start|t_star
S1,914,Advance,13.90625,12,0,0,5305ac3d12f30b5c,59885fe4473a0355,94800,85b57a1f76422f9c,85b57a1f76422f9c,38bdfab8c8a7a896,24836fc11afa34a9,0,formation_start|t_star
S1,915,Advance,13.9375,12,0,0,5305ac3d12f30b5c,59885fe4473a0355,94800,85b57a1f76422f9c,85b57a1f76422f9c,38bdfab8c8a7a896,24836fc11afa34a9,0,formation_start|t_star
S1,916,Advance,13.96875,12,0,0,5305ac3d12f30b5c,59885fe4473a0355,94800,85b57a1f76422f9c,85b57a1f76422f9c,38bdfab8c8a7a896,24836fc11afa34a9,0,formation_start|t_star
S1,917,Advance,14,12,0,0,5305ac3d12f30b5c,59885fe4473a0355,94800,85b57a1f76422f9c,85b57a1f76422f9c,38bdfab8c8a7a896,24836fc11afa34a9,0,formation_start|t_star|hold_end
S2,919,Advance,0.03125,0.03125,-7.858003653,0,33e72926208f6c1a,55873fecc61a79e8,0,7b19e6c456e810b9,7b19e6c456e810b9,8480a4431255ae39,ac6b9b6252b7a150,-7.858003653,
S2,920,Advance,0.0625,0.0625,-7.826753653,0,c78d8b841bf28eef,55873fecc61a79e8,0,6ce1668c00a8ebc5,6ce1668c00a8ebc5,5f31ad7a742a0827,ac6b9b6252b7a150,-7.826753653,
S2,921,Advance,0.09375,0.09375,-7.795503653,0,50f93342290aca59,55873fecc61a79e8,0,fd17d1cd776175f2,fd17d1cd776175f2,97cd37cea31d2a4a,ac6b9b6252b7a150,-7.795503653,
S2,922,Advance,0.125,0.125,-7.764253653,0,43f8b93381be665d,55873fecc61a79e8,0,2a6a2cac807e139c,2a6a2cac807e139c,093620dca88516b7,ac6b9b6252b7a150,-7.764253653,
S2,923,Advance,0.15625,0.15625,-7.733003653,0,ee76f77b368a0bd3,55873fecc61a79e8,0,fa959687b225ccf9,fa959687b225ccf9,949d4da96e1c9e55,ac6b9b6252b7a150,-7.733003653,
S2,924,Advance,0.1875,0.1875,-7.701753653,0,9b3e57da15ff2091,55873fecc61a79e8,0,fe014cd6a6705201,fe014cd6a6705201,b5f4c9404d267c09,ac6b9b6252b7a150,-7.701753653,
S2,925,Advance,0.21875,0.21875,-7.670503653,0,3364d2b3ea91d185,55873fecc61a79e8,0,93d8df89fb359e5b,93d8df89fb359e5b,c03015d02c00d76f,ac6b9b6252b7a150,-7.670503653,
S2,926,Advance,0.25,0.25,-7.639253653,0,e8b9299724e8ac05,55873fecc61a79e8,0,87aa84b472cb0668,87aa84b472cb0668,c32a7e8c9b98a3a7,ac6b9b6252b7a150,-7.639253653,
S2,927,Advance,0.28125,0.28125,-7.608003653,0,7c28173b4d8f882d,55873fecc61a79e8,0,4724691f6ebd0233,4724691f6ebd0233,5416f1f6130b98ac,ac6b9b6252b7a150,-7.608003653,
S2,928,Advance,0.3125,0.3125,-7.576753653,0,d28fa50c72389e4c,55873fecc61a79e8,0,56057c142daaf468,56057c142daaf468,a00f99dc6b66c2cb,ac6b9b6252b7a150,-7.576753653,
S2,929,Advance,0.34375,0.34375,-7.545503653,0,0eb326ad6c113851,55873fecc61a79e8,0,6a5da636386a1673,6a5da636386a1673,29445b06ddb89e35,ac6b9b6252b7a150,-7.545503653,
S2,930,Advance,0.375,0.375,-7.514253653,0,b658575d901bdf22,55873fecc61a79e8,0,d7bae244c591514b,d7bae244c591514b,6f4db603eae0b178,ac6b9b6252b7a150,-7.514253653,
S2,931,Advance,0.40625,0.40625,-7.483003653,0,36bc8742d507b43c,55873fecc61a79e8,0,e363ff9bbab18b93,e363ff9bbab18b93,a73083ea7ababa16,ac6b9b6252b7a150,-7.483003653,
S2,932,Advance,0.4375,0.4375,-7.451753653,0,2a041f2420028433,55873fecc61a79e8,0,b87f885aaf97caa8,b87f885aaf97caa8,adfe52e021e310c2,ac6b9b6252b7a150,-7.451753653,
S2,933,Advance,0.46875,0.46875,-7.420503653,0,e8ce162ae80daf1f,55873fecc61a79e8,0,cbfc9f707209cde6,cbfc9f707209cde6,f2cd1364ade97d63,ac6b9b6252b7a150,-7.420503653,
S2,934,Advance,0.5,0.5,-7.389253653,0,2c83e2f886f068e6,55873fecc61a79e8,0,10078762f02238d9,10078762f02238d9,c02f143bbfb6159d,ac6b9b6252b7a150,-7.389253653,
S2,935,Advance,0.53125,0.53125,-7.358003653,0,092f667824ce109f,55873fecc61a79e8,0,30cced1208b35255,30cced1208b35255,86021fa755252323,ac6b9b6252b7a150,-7.358003653,
S2,936,Advance,0.5625,0.5625,-7.326753653,0,3ca10923adc15c27,55873fecc61a79e8,0,e0b23b78bb345263,e0b23b78bb345263,ec25acdada19aec6,ac6b9b6252b7a150,-7.326753653,
S2,937,Advance,0.59375,0.59375,-7.295503653,0,e9c729b56ab380f8,55873fecc61a79e8,0,5018dfa4b82d3349,5018dfa4b82d3349,c3333b19a9e02f13,ac6b9b6252b7a150,-7.295503653,
S2,938,Advance,0.625,0.625,-7.264253653,0,7302ebd9881575ce,55873fecc61a79e8,0,1f054ff7dc1418ed,1f054ff7dc1418ed,060e14b2ea235af8,ac6b9b6252b7a150,-7.264253653,
S2,939,Advance,0.65625,0.65625,-7.233003653,0,a6f12a0843b63cd3,55873fecc61a79e8,0,7ee4e4025474e16f,7ee4e4025474e16f,341d6e27e2a7621c,ac6b9b6252b7a150,-7.233003653,
S2,940,Advance,0.6875,0.6875,-7.201753653,0,1af0e8b82ed4e0ab,55873fecc61a79e8,0,305d0afd9a18386d,305d0afd9a18386d,ee4e81c2492bce19,ac6b9b6252b7a150,-7.201753653,
S2,941,Advance,0.71875,0.71875,-7.170503653,0,f96c21fb846e39e1,55873fecc61a79e8,0,285f1164f2e47aca,285f1164f2e47aca,1ffff38c3832a731,ac6b9b6252b7a150,-7.170503653,
S2,942,Advance,0.75,0.75,-7.139253653,0,8451e8dd49173cce,55873fecc61a79e8,0,12aeee830423afd3,12aeee830423afd3,a89142dd476bff8b,ac6b9b6252b7a150,-7.139253653,
S2,943,Advance,0.78125,0.78125,-7.108003653,0,131038355f7a74e9,55873fecc61a79e8,0,7bfabab702123296,7bfabab702123296,bde68c5a620adbf7,ac6b9b6252b7a150,-7.108003653,
S2,944,Advance,0.8125,0.8125,-7.076753653,0,9d8b9429478ba1fd,55873fecc61a79e8,0,36f3a3db89c07f4b,36f3a3db89c07f4b,01516b75db61178e,ac6b9b6252b7a150,-7.076753653,
S2,945,Advance,0.84375,0.84375,-7.045503653,0,13f6d4296f4cc6c7,55873fecc61a79e8,0,7718363de1526b85,7718363de1526b85,26568cf8c7c91a05,ac6b9b6252b7a150,-7.045503653,
S2,946,Advance,0.875,0.875,-7.014253653,0,ad2fcfa271d7ae52,55873fecc61a79e8,0,9c9cfc524042ffec,9c9cfc524042ffec,efbb290efc14d8a9,ac6b9b6252b7a150,-7.014253653,
S2,947,Advance,0.90625,0.90625,-6.983003653,0,19dbbc9b3c3f2109,55873fecc61a79e8,0,7eeca61b69825762,7eeca61b69825762,8e3471b87589c56d,ac6b9b6252b7a150,-6.983003653,
S2,948,Advance,0.9375,0.9375,-6.951753653,0,b363a361df93f4fd,55873fecc61a79e8,0,f9e35cbccaedaadb,f9e35cbccaedaadb,adca1e13cef7e078,ac6b9b6252b7a150,-6.951753653,
S2,949,Advance,0.96875,0.96875,-6.920503653,0,2b9d6c48b27b26c4,55873fecc61a79e8,0,8fadbe4bfc80f079,8fadbe4bfc80f079,d0c9ade0c15154f8,ac6b9b6252b7a150,-6.920503653,
S2,950,Advance,1,1,-6.889253653,0,84a2d6b4a2f136f9,55873fecc61a79e8,0,63824ad79910023f,63824ad79910023f,8cf7252e2379ace5,ac6b9b6252b7a150,-6.889253653,
S2,951,Advance,1.03125,1.03125,-6.858003653,0,10a909b8a93451c4,55873fecc61a79e8,0,e5e92a7b10fbf214,e5e92a7b10fbf214,c924591ad7bbf8f1,ac6b9b6252b7a150,-6.858003653,
S2,952,Advance,1.0625,1.0625,-6.826753653,0,1b935b27f3a4da42,55873fecc61a79e8,0,8a372fbf000bbae3,8a372fbf000bbae3,573855f2ffedaa6a,ac6b9b6252b7a150,-6.826753653,
S2,953,Advance,1.09375,1.09375,-6.795503653,0,dd47d0e7eb99fd8a,55873fecc61a79e8,0,451002fcd2326c4d,451002fcd2326c4d,d0586b1b6e02f6c1,ac6b9b6252b7a150,-6.795503653,
S2,954,Advance,1.125,1.125,-6.764253653,0,70752f894bcb3d52,55873fecc61a79e8,0,d570254533b8299e,d570254533b8299e,171ab36aa9613d57,ac6b9b6252b7a150,-6.764253653,
S2,955,Advance,1.15625,1.15625,-6.733003653,0,e32932df5f81aa4a,55873fecc61a79e8,0,0515f359c2280093,0515f359c2280093,8bb349921243aa30,ac6b9b6252b7a150,-6.733003653,
S2,956,Advance,1.1875,1.1875,-6.701753653,0,c92058c9b57647df,55873fecc61a79e8,0,2b467e31afcf3939,2b467e31afcf3939,c59b4d5903753f2f,ac6b9b6252b7a150,-6.701753653,
S2,957,Advance,1.21875,1.21875,-6.670503653,0,e87371d7c3682a44,55873fecc61a79e8,0,0d67a4c566d3755e,0d67a4c566d3755e,3e5eed5f56e97310,ac6b9b6252b7a150,-6.670503653,
S2,958,Advance,1.25,1.25,-6.639253653,0,74c438a968a95ea9,55873fecc61a79e8,0,d03092c5d9840b1a,d03092c5d9840b1a,ef849ab10d3ed241,ac6b9b6252b7a150,-6.639253653,
S2,959,Advance,1.28125,1.28125,-6.608003653,0,feccc3209b8a6a7d,55873fecc61a79e8,0,2b39501220ffb918,2b39501220ffb918,6f195aaadeeb4c7a,ac6b9b6252b7a150,-6.608003653,
S2,960,Advance,1.3125,1.3125,-6.576753653,0,06efcd6e57377bd1,55873fecc61a79e8,0,be90998cf2ec2ed7,be90998cf2ec2ed7,75bafd136efa25f1,ac6b9b6252b7a150,-6.576753653,
S2,961,Advance,1.34375,1.34375,-6.545503653,0,ad43f70849e026f8,55873fecc61a79e8,0,3ebafcf66db2221f,3ebafcf66db2221f,6ce8c532d8301ada,ac6b9b6252b7a150,-6.545503653,
S2,962,Advance,1.375,1.375,-6.514253653,0,3d7a077324a38d55,55873fecc61a79e8,0,526cc5b7254751bb,526cc5b7254751bb,90c7594f7700a460,ac6b9b6252b7a150,-6.514253653,
S2,963,Advance,1.40625,1.40625,-6.483003653,0,0979933013ad9b6c,55873fecc61a79e8,0,b8f2fc7c2803f06d,b8f2fc7c2803f06d,2e5c55d7dc198588,ac6b9b6252b7a150,-6.483003653,
S2,964,Advance,1.4375,1.4375,-6.451753653,0,56a16d36e4fa829c,55873fecc61a79e8,0,9792c0c63706183c,9792c0c63706183c,8c2786e2d06d3396,ac6b9b6252b7a150,-6.451753653,
S2,965,Advance,1.46875,1.46875,-6.420503653,0,aed9ee3655c68166,55873fecc61a79e8,0,d0e8956c3ad6aa89,d0e8956c3ad6aa89,7158ac635c13e556,ac6b9b6252b7a150,-6.420503653,
S2,966,Advance,1.5,1.5,-6.389253653,0,42bc9862a0699918,55873fecc61a79e8,0,352efaf1bfe30f3c,352efaf1bfe30f3c,96a386de0f1fd865,ac6b9b6252b7a150,-6.389253653,
S2,967,Advance,1.53125,1.53125,-6.358003653,0,d3500a9fcaeea24f,55873fecc61a79e8,0,90b19e462d87626b,90b19e462d87626b,a811a7c746e33da7,ac6b9b6252b7a150,-6.358003653,
S2,968,Advance,1.5625,1.5625,-6.326753653,0,72c2b6c841024e8b,55873fecc61a79e8,0,fdce28b3dee57736,fdce28b3dee57736,4175964febc6f735,ac6b9b6252b7a150,-6.326753653,
S2,969,Advance,1.59375,1.59375,-6.295503653,0,91d3e7539e0546f7,55873fecc61a79e8,0,9e19953aac607d08,9e19953aac607d08,385fec016ed490fc,ac6b9b6252b7a150,-6.295503653,
S2,970,Advance,1.625,1.625,-6.264253653,0,5365f38b3ca901e0,55873fecc61a79e8,0,1398022745c7f3c8,1398022745c7f3c8,7dd6c2d99e3b2946,ac6b9b6252b7a150,-6.264253653,
S2,971,Advance,1.65625,1.65625,-6.233003653,0,3291a6e798f90130,55873fecc61a79e8,0,d82f9c1b01ff7c7d,d82f9c1b01ff7c7d,5f879d61c3518a22,ac6b9b6252b7a150,-6.233003653,
S2,972,Advance,1.6875,1.6875,-6.201753653,0,a0b852293d046b50,55873fecc61a79e8,0,cdf59fd54966a4fd,cdf59fd54966a4fd,beb349786349f7ad,ac6b9b6252b7a150,-6.201753653,
S2,973,Advance,1.71875,1.71875,-6.170503653,0,3fd50aab6c3f1ada,55873fecc61a79e8,0,2625f1528a7cb1a8,2625f1528a7cb1a8,1d5c3700b03a5cb4,ac6b9b6252b7a150,-6.170503653,
S2,974,Advance,1.75,1.75,-6.139253653,0,27e5830d14aa6d6e,55873fecc61a79e8,0,2d32bb797f3fd451,2d32bb797f3fd451,92adf70486c34464,ac6b9b6252b7a150,-6.139253653,
S2,975,Advance,1.78125,1.78125,-6.108003653,0,51c032826e919090,55873fecc61a79e8,0,43f24958de263a02,43f24958de263a02,873a0559b0d9e744,ac6b9b6252b7a150,-6.108003653,
S2,976,Advance,1.8125,1.8125,-6.076753653,0,f7823c891f8b0fb4,55873fecc61a79e8,0,2c5e206eeefb6cf8,2c5e206eeefb6cf8,399be163eb9ab209,ac6b9b6252b7a150,-6.076753653,
S2,977,Advance,1.84375,1.84375,-6.045503653,0,053fd5bcebbaea71,55873fecc61a79e8,0,4184131d3d8b5328,4184131d3d8b5328,1ddd6c0e48f06144,ac6b9b6252b7a150,-6.045503653,
S2,978,Advance,1.875,1.875,-6.014253653,0,5c90cabf67cb0b1c,55873fecc61a79e8,0,746c2f271126a241,746c2f271126a241,db06d9c792701c89,ac6b9b6252b7a150,-6.014253653,
S2,979,Advance,1.90625,1.90625,-5.983003653,0,2584b4dd74813c85,55873fecc61a79e8,0,050ba1b964b5c3ed,050ba1b964b5c3ed,2969da4c9bfe37ed,ac6b9b6252b7a150,-5.983003653,
S2,980,Advance,1.9375,1.9375,-5.951753653,0,42e0685539b57ae4,55873fecc61a79e8,0,8fbd63421495089a,8fbd63421495089a,e41d90149010ab16,ac6b9b6252b7a150,-5.951753653,
S2,981,Advance,1.96875,1.96875,-5.920503653,0,8d4e526fda6dad1f,55873fecc61a79e8,0,075fa85133d6cc20,075fa85133d6cc20,cdfad7bd5e333abb,ac6b9b6252b7a150,-5.920503653,
S2,982,Advance,2,2,-5.889253653,0,2a81a9bb93278be6,55873fecc61a79e8,0,09e723b186af9ff8,09e723b186af9ff8,c8d05c29da508527,ac6b9b6252b7a150,-5.889253653,formation_start
S2,983,Advance,2.03125,2.03125,-5.858003653,0,07bad24f968db69e,55873fecc61a79e8,0,dbef15cc4d3bc1a1,dbef15cc4d3bc1a1,56d1860f628e1542,ac6b9b6252b7a150,-5.858003653,formation_start
S2,984,Advance,2.0625,2.0625,-5.826753653,0,96c68c8127516fd1,55873fecc61a79e8,0,b8cdf2bb4938a7a4,b8cdf2bb4938a7a4,71d32acd54f00d4b,ac6b9b6252b7a150,-5.826753653,formation_start
S2,985,Advance,2.09375,2.09375,-5.795503653,0,aaaeb2d44cc32aea,55873fecc61a79e8,0,4912bbe4af099592,4912bbe4af099592,4393be7756c8de75,ac6b9b6252b7a150,-5.795503653,formation_start
S2,986,Advance,2.125,2.125,-5.764253653,0,823c3b7b19eb2de5,55873fecc61a79e8,0,05dd858534674392,05dd858534674392,296170606d666f9f,ac6b9b6252b7a150,-5.764253653,formation_start
S2,987,Advance,2.15625,2.15625,-5.733003653,0,6fc8aea59092cab5,55873fecc61a79e8,0,059159b8bed3ebc7,059159b8bed3ebc7,c22c700e25f97aa9,ac6b9b6252b7a150,-5.733003653,formation_start
S2,988,Advance,2.1875,2.1875,-5.701753653,0,cb34d0c577470e1b,55873fecc61a79e8,0,994aeca0777adfb2,994aeca0777adfb2,867a198df9fd6eae,ac6b9b6252b7a150,-5.701753653,formation_start
S2,989,Advance,2.21875,2.21875,-5.670503653,0,4ad6f4b2c3bc6cfc,55873fecc61a79e8,0,8989c871fa3ec553,8989c871fa3ec553,404d9114eabacffc,ac6b9b6252b7a150,-5.670503653,formation_start
S2,990,Advance,2.25,2.25,-5.639253653,0,11460c7a25723af2,55873fecc61a79e8,0,4f531c4c77375df3,4f531c4c77375df3,702a0e58f3d5d213,ac6b9b6252b7a150,-5.639253653,formation_start
S2,991,Advance,2.28125,2.28125,-5.608003653,0,826f8223f34b8ede,55873fecc61a79e8,0,b6a4d42ed3e1ef0b,b6a4d42ed3e1ef0b,c3db4ba6de411c87,ac6b9b6252b7a150,-5.608003653,formation_start
S2,992,Advance,2.3125,2.3125,-5.576753653,0,49b97c5825cbba58,55873fecc61a79e8,0,e89529b1928d2d58,e89529b1928d2d58,7ee93e011bd2caa3,ac6b9b6252b7a150,-5.576753653,formation_start
S2,993,Advance,2.34375,2.34375,-5.545503653,0,9da63a2774ee95a7,55873fecc61a79e8,0,cb72c70bda53be03,cb72c70bda53be03,83b42f54cac5cff7,ac6b9b6252b7a150,-5.545503653,formation_start
S2,994,Advance,2.375,2.375,-5.514253653,0,a785cc5bcbc4c982,55873fecc61a79e8,0,3e8eaada8d6b9753,3e8eaada8d6b9753,91d6b862a15e57cf,ac6b9b6252b7a150,-5.514253653,formation_start
S2,995,Advance,2.40625,2.40625,-5.483003653,0,3973a1ee1bd97e20,55873fecc61a79e8,0,5860b111a6e4602d,5860b111a6e4602d,568cf28a22a05674,ac6b9b6252b7a150,-5.483003653,formation_start
S2,996,Advance,2.4375,2.4375,-5.451753653,0,a22c7fb35a1c2099,55873fecc61a79e8,0,a457468e3bfc3f2c,a457468e3bfc3f2c,24481ed53ea4da6c,ac6b9b6252b7a150,-5.451753653,formation_start
S2,997,Advance,2.46875,2.46875,-5.420503653,0,a28d9d303f6d97ff,55873fecc61a79e8,0,9ec9facdc62fb6f2,9ec9facdc62fb6f2,7fa643fcb74b80b7,ac6b9b6252b7a150,-5.420503653,formation_start
S2,998,Advance,2.5,2.5,-5.389253653,0,ecfde9a23f13ad2d,55873fecc61a79e8,0,51cb749e4d9916f6,51cb749e4d9916f6,9ec44219dcd436a4,ac6b9b6252b7a150,-5.389253653,formation_start
S2,999,Advance,2.53125,2.53125,-5.358003653,0,69f8e0b3400db9b3,55873fecc61a79e8,0,3cc44f22db7866ca,3cc44f22db7866ca,c95cca7c9eec69e8,ac6b9b6252b7a150,-5.358003653,formation_start
S2,1000,Advance,2.5625,2.5625,-5.326753653,0,23f6ef49fcf23869,55873fecc61a79e8,0,fff37b12bd12f2aa,fff37b12bd12f2aa,4f28d934ac745bd0,ac6b9b6252b7a150,-5.326753653,formation_start
S2,1001,Advance,2.59375,2.59375,-5.295503653,0,80003f34b84a3192,55873fecc61a79e8,0,89cf58f333950cbd,89cf58f333950cbd,c9f980737bd7205d,ac6b9b6252b7a150,-5.295503653,formation_start
S2,1002,Advance,2.625,2.625,-5.264253653,0,e65853f4a353882b,55873fecc61a79e8,0,6f0a230f5e75bcec,6f0a230f5e75bcec,3d7bacd5e19d4e8e,ac6b9b6252b7a150,-5.264253653,formation_start
S2,1003,Advance,2.65625,2.65625,-5.233003653,0,7929873f6f258747,55873fecc61a79e8,0,4c77a194d8fdedc8,4c77a194d8fdedc8,89aa5fb7d3e52991,ac6b9b6252b7a150,-5.233003653,formation_start
S2,1004,Advance,2.6875,2.6875,-5.201753653,0,0bf4ebfb199c6268,55873fecc61a79e8,0,81a289f8678bb048,81a289f8678bb048,cb9b5c097175e99a,ac6b9b6252b7a150,-5.201753653,formation_start
S2,1005,Advance,2.71875,2.71875,-5.170503653,0,c311ea7e96272163,55873fecc61a79e8,0,d2dc7a9ec01ee9f7,d2dc7a9ec01ee9f7,019f212493336913,ac6b9b6252b7a150,-5.170503653,formation_start
S2,1006,Advance,2.75,2.75,-5.139253653,0,8926ad4d32e7b9e8,55873fecc61a79e8,0,66f5e187f2b90aee,66f5e187f2b90aee,7b467f873e36e111,ac6b9b6252b7a150,-5.139253653,formation_start
S2,1007,Advance,2.78125,2.78125,-5.108003653,0,c2e8b3e989e2f3e2,55873fecc61a79e8,0,4907f913db72da4c,4907f913db72da4c,f2979b98a53c8afd,ac6b9b6252b7a150,-5.108003653,formation_start
S2,1008,Advance,2.8125,2.8125,-5.076753653,0,33c2929d541229bd,55873fecc61a79e8,0,f2e12b0b0cccf6a0,f2e12b0b0cccf6a0,038c7d054b435656,ac6b9b6252b7a150,-5.076753653,formation_start
S2,1009,Advance,2.84375,2.84375,-5.045503653,0,1631935efcd03e10,55873fecc61a79e8,0,2713a99d68a0208b,2713a99d68a0208b,6d2cb5e3cce7f0ac,ac6b9b6252b7a150,-5.045503653,formation_start
S2,1010,Advance,2.875,2.875,-5.014253653,0,bb856b1af6094086,55873fecc61a79e8,0,0326954cae5f2cc9,0326954cae5f2cc9,5570837ac40525fe,ac6b9b6252b7a150,-5.014253653,formation_start
S2,1011,Advance,2.90625,2.90625,-4.983003653,0,951f31a8595b68e2,55873fecc61a79e8,0,b748a8d3d9e006c5,b748a8d3d9e006c5,57679933716af535,ac6b9b6252b7a150,-4.983003653,formation_start
S2,1012,Advance,2.9375,2.9375,-4.951753653,0,ff77081049130573,55873fecc61a79e8,0,2dcad2e7812cd485,2dcad2e7812cd485,72886ece4da29dd5,ac6b9b6252b7a150,-4.951753653,formation_start
S2,1013,Advance,2.96875,2.96875,-4.920503653,0,e2799796c5f30dfd,55873fecc61a79e8,0,f95e7aac076390b0,f95e7aac076390b0,7dbf993273436952,ac6b9b6252b7a150,-4.920503653,formation_start
S2,1014,Advance,3,3,-4.889253653,0,f50bc0306f37e3e6,55873fecc61a79e8,0,8e631f269f927ece,8e631f269f927ece,f2117f71ade46eb9,ac6b9b6252b7a150,-4.889253653,formation_start
S2,1015,Advance,3.03125,3.03125,-4.858003653,0,eb2cd6589617424c,55873fecc61a79e8,0,f2d110a038f0f0c5,f2d110a038f0f0c5,42b3152eb84bdc73,ac6b9b6252b7a150,-4.858003653,formation_start
S2,1016,Advance,3.0625,3.0625,-4.826753653,0,f21939cdcad8a5f7,55873fecc61a79e8,0,006abf573acb7d69,006abf573acb7d69,22ba0e5578f1c5ea,ac6b9b6252b7a150,-4.826753653,formation_start
S2,1017,Advance,3.09375,3.09375,-4.795503653,0,52320442e6b47d75,55873fecc61a79e8,0,3793c6eac226d614,3793c6eac226d614,c5ed8267ea6cd01f,ac6b9b6252b7a150,-4.795503653,formation_start
S2,1018,Advance,3.125,3.125,-4.764253653,0,dccb39589703a343,55873fecc61a79e8,0,72c1fc6c9ac4a84f,72c1fc6c9ac4a84f,e71198b046fe9f6d,ac6b9b6252b7a150,-4.764253653,formation_start
S2,1019,Advance,3.15625,3.15625,-4.733003653,0,684f0d38424e4e1e,55873fecc61a79e8,0,ab511a7d51efadc0,ab511a7d51efadc0,74d32ad374cce527,ac6b9b6252b7a150,-4.733003653,formation_start
S2,1020,Advance,3.1875,3.1875,-4.701753653,0,0ffeb9d7e4c3932c,55873fecc61a79e8,0,ec14e8d4a2f922e2,ec14e8d4a2f922e2,dcfcabf41e7ac72e,ac6b9b6252b7a150,-4.701753653,formation_start
S2,1021,Advance,3.21875,3.21875,-4.670503653,0,0544935c3d84f32c,55873fecc61a79e8,0,b01617c09ee03338,b01617c09ee03338,eeba09885627c8b9,ac6b9b6252b7a150,-4.670503653,formation_start
S2,1022,Advance,3.25,3.25,-4.639253653,0,733978eb51d1b83a,55873fecc61a79e8,0,5d8390783cb0a194,5d8390783cb0a194,ac25e292ed819384,ac6b9b6252b7a150,-4.639253653,formation_start
S2,1023,Advance,3.28125,3.28125,-4.608003653,0,bf361d02b0843003,55873fecc61a79e8,0,ce1876773b01236e,ce1876773b01236e,0116656d4e30032f,ac6b9b6252b7a150,-4.608003653,formation_start
S2,1024,Advance,3.3125,3.3125,-4.576753653,0,05d4f5b27769a825,55873fecc61a79e8,0,316a983f0f70f697,316a983f0f70f697,bfc0565ccda7cf11,ac6b9b6252b7a150,-4.576753653,formation_start
S2,1025,Advance,3.34375,3.34375,-4.545503653,0,d65c6f3080e1b936,55873fecc61a79e8,0,cc8615055f1a08a6,cc8615055f1a08a6,4cdf94928415693a,ac6b9b6252b7a150,-4.545503653,formation_start
S2,1026,Advance,3.375,3.375,-4.514253653,0,593b71af10cf0ae2,55873fecc61a79e8,0,531f5c38f09f05f3,531f5c38f09f05f3,4a1c723b4f771aaf,ac6b9b6252b7a150,-4.514253653,formation_start
S2,1027,Advance,3.40625,3.40625,-4.483003653,0,b53defce85213dd2,55873fecc61a79e8,0,703176cd5fe3ca18,703176cd5fe3ca18,155d794901c9cc09,ac6b9b6252b7a150,-4.483003653,formation_start
S2,1028,Advance,3.4375,3.4375,-4.451753653,0,8f5a7ef00eb94340,55873fecc61a79e8,0,3b86d8372090aa94,3b86d8372090aa94,d1961474d7c3883e,ac6b9b6252b7a150,-4.451753653,formation_start
S2,1029,Advance,3.46875,3.46875,-4.420503653,0,2903743d9ac4cefe,55873fecc61a79e8,0,d779fbb4e532f007,d779fbb4e532f007,4369e41e11c414c8,ac6b9b6252b7a150,-4.420503653,formation_start
S2,1030,Advance,3.5,3.5,-4.389253653,0,d713caa1fa65d778,55873fecc61a79e8,0,507e87edaed9735a,507e87edaed9735a,8bc5a6c8714ba5fc,ac6b9b6252b7a150,-4.389253653,formation_start
S2,1031,Advance,3.53125,3.53125,-4.358003653,0,774627cbc2967caf,55873fecc61a79e8,0,071261c860162b9d,071261c860162b9d,e35f141bcfe2a597,ac6b9b6252b7a150,-4.358003653,formation_start
S2,1032,Advance,3.5625,3.5625,-4.326753653,0,d53ebf54ff9fe091,55873fecc61a79e8,0,14f251f0472f2f30,14f251f0472f2f30,ab7828aa345664c2,ac6b9b6252b7a150,-4.326753653,formation_start
S2,1033,Advance,3.59375,3.59375,-4.295503653,0,0228d33a2a74c6e8,55873fecc61a79e8,0,9687a93d921c4ded,9687a93d921c4ded,9346842efbd165bd,ac6b9b6252b7a150,-4.295503653,formation_start
S2,1034,Advance,3.625,3.625,-4.264253653,0,a9e4fa91c2a2dd35,55873fecc61a79e8,0,277101df357f151a,277101df357f151a,330d04c59699d14e,ac6b9b6252b7a150,-4.264253653,formation_start
S2,1035,Advance,3.65625,3.65625,-4.233003653,0,538dfafffd13bcc5,55873fecc61a79e8,0,3c36914a31347c22,3c36914a31347c22,8a7cf234e49af9ae,ac6b9b6252b7a150,-4.233003653,formation_start
S2,1036,Advance,3.6875,3.6875,-4.201753653,0,68c955c414d2c5c9,55873fecc61a79e8,0,7457ac258dd2de9c,7457ac258dd2de9c,fd64e9c36ce55b85,ac6b9b6252b7a150,-4.201753653,formation_start
S2,1037,Advance,3.71875,3.71875,-4.1705042,0,2da922dfe901f124,55873fecc61a79e8,0,a9ed5c52c69c4180,a9ed5c52c69c4180,dd5be289f753dbb8,ac6b9b6252b7a150,-4.1705042,formation_start
S2,1038,Advance,3.75,3.75,-4.139262912,0,397fd57169bce5b3,55873fecc61a79e8,0,bb10767b683deb2c,bb10767b683deb2c,bdc545fdc0a34552,ac6b9b6252b7a150,-4.139262912,formation_start
S2,1039,Advance,3.78125,3.78125,-4.1080509175,0,2e757ad6892c625d,55873fecc61a79e8,0,ba932f83d12a40d6,ba932f83d12a40d6,17b7eaff778a8ae0,ac6b9b6252b7a150,-4.1080509175,formation_start
S2,1040,Advance,3.8125,3.8125,-4.076900402,0,8b028ddd267f74ab,55873fecc61a79e8,0,b7decfd6a0ed2dc3,b7decfd6a0ed2dc3,98e0163b43d89001,ac6b9b6252b7a150,-4.076900402,formation_start
S2,1041,Advance,3.84375,3.84375,-4.0458538970000006,0,921ab3c571594cbb,55873fecc61a79e8,0,2bf4d35d0d500ea0,2bf4d35d0d500ea0,eb03ce636b8b9da1,ac6b9b6252b7a150,-4.0458538970000006,formation_start
S2,1042,Advance,3.875,3.875,-4.01495875,0,ea24ea5c77aa7925,55873fecc61a79e8,0,7f4ceb67b98ff135,7f4ceb67b98ff135,e802fcd2046b2663,ac6b9b6252b7a150,-4.01495875,formation_start
S2,1043,Advance,3.90625,3.90625,-3.9842693455,0,f0616112f7525a99,55873fecc61a79e8,0,e4c68f8aa8514425,e4c68f8aa8514425,f68475550bea1279,ac6b9b6252b7a150,-3.9842693455,formation_start
S2,1044,Advance,3.9375,3.9375,-3.953838418,0,77ecb0c36c7cb061,55873fecc61a79e8,0,0c5a1d7203abec7a,0c5a1d7203abec7a,6391676a59fb0ce4,ac6b9b6252b7a150,-3.953838418,formation_start
S2,1045,Advance,3.96875,3.96875,-3.9237232095000003,0,e591afeb1355859a,55873fecc61a79e8,0,7ad33c563a3f9afd,7ad33c563a3f9afd,a932811d767083a3,ac6b9b6252b7a150,-3.9237232095000003,formation_start
S2,1046,Advance,4,4,-3.893973415,0,463a7b1155e8b36b,55873fecc61a79e8,0,c2a80e11e611b957,c2a80e11e611b957,fe41001ed565eef9,ac6b9b6252b7a150,-3.893973415,formation_start
S2,1047,Advance,4.03125,4.03125,-3.864641679,0,330b565148c1b194,55873fecc61a79e8,0,f3a8bda88f797d73,f3a8bda88f797d73,d400e7009eab1ddb,ac6b9b6252b7a150,-3.864641679,formation_start
S2,1048,Advance,4.0625,4.0625,-3.835768477,0,030fefb61db8d20c,55873fecc61a79e8,0,9c5b6845bb3599d1,9c5b6845bb3599d1,a048f3616ee2aa3d,ac6b9b6252b7a150,-3.835768477,formation_start
S2,1049,Advance,4.09375,4.09375,-3.807396712,0,b52f0d9f67b48a84,55873fecc61a79e8,0,a4e0610c361d2085,a4e0610c361d2085,4745525ab18499a3,ac6b9b6252b7a150,-3.807396712,formation_start
S2,1050,Advance,4.125,4.125,-3.779554149,0,471245006ead993a,55873fecc61a79e8,0,85f6894c9d21dc3b,85f6894c9d21dc3b,22d846762363d37d,ac6b9b6252b7a150,-3.779554149,formation_start
S2,1051,Advance,4.15625,4.15625,-3.7522713625,0,b732fa7f31056d7d,55873fecc61a79e8,0,c6918af44241ef9e,c6918af44241ef9e,e1ac5829e328fc13,ac6b9b6252b7a150,-3.7522713625,formation_start
S2,1052,Advance,4.1875,4.1875,-3.725562445,0,09d0061c37f13e61,55873fecc61a79e8,0,5adf0950b677de16,5adf0950b677de16,2ec3b24f40cb3498,ac6b9b6252b7a150,-3.725562445,formation_start
S2,1053,Advance,4.21875,4.21875,-3.6994452705,0,f937a983b45d5f47,55873fecc61a79e8,0,9fcb0e845410cb24,9fcb0e845410cb24,6d6cb350597bc48a,ac6b9b6252b7a150,-3.6994452705,formation_start
S2,1054,Advance,4.25,4.25,-3.673921224,0,e882adf41e5dd1f2,55873fecc61a79e8,0,bbfa6869d755c2a6,bbfa6869d755c2a6,7704a8a250fb42f7,ac6b9b6252b7a150,-3.673921224,formation_start
S2,1055,Advance,4.28125,4.28125,-3.6489966715,0,a9848f6e01fed7b6,55873fecc61a79e8,0,ac00062ba3ce97ad,ac00062ba3ce97ad,471087cd3c57a789,ac6b9b6252b7a150,-3.6489966715,formation_start
S2,1056,Advance,4.3125,4.3125,-3.624662402,0,0739e8b2d78c89f9,55873fecc61a79e8,0,2a03001cbe54ebf4,2a03001cbe54ebf4,11ad55d21a246fba,ac6b9b6252b7a150,-3.624662402,formation_start
S2,1057,Advance,4.34375,4.34375,-3.6009153155,0,a8cece9d9647273e,55873fecc61a79e8,0,c6c126971cd0626c,c6c126971cd0626c,ac4531979e533864,ac6b9b6252b7a150,-3.6009153155,formation_start
S2,1058,Advance,4.375,4.375,-3.577738166,0,b9bc84a35e10a559,55873fecc61a79e8,0,f2176e815861b318,f2176e815861b318,fd26592a9535b723,ac6b9b6252b7a150,-3.577738166,formation_start
S2,1059,Advance,4.40625,4.40625,-3.55512068,0,409b0da1b72cf670,55873fecc61a79e8,0,a62051fe847c605a,a62051fe847c605a,52f26b6906348a03,ac6b9b6252b7a150,-3.55512068,formation_start
S2,1060,Advance,4.4375,4.4375,-3.533040089,0,bdda0fe93e2fe95b,55873fecc61a79e8,0,bf3d68fcc03e5ae0,bf3d68fcc03e5ae0,226c794c6d5a3573,ac6b9b6252b7a150,-3.533040089,formation_start
S2,1061,Advance,4.46875,4.46875,-3.5114811075,0,e14a8d0139c09e49,55873fecc61a79e8,0,68e4e5299803c7c3,68e4e5299803c7c3,ec361bca00a87a06,ac6b9b6252b7a150,-3.5114811075,formation_start
S2,1062,Advance,4.5,4.5,-3.49041762,0,f4c5894540ac7d6a,55873fecc61a79e8,0,e2538300b7c95a1c,e2538300b7c95a1c,8837df02c1182146,ac6b9b6252b7a150,-3.49041762,formation_start
S2,1063,Advance,4.53125,4.53125,-3.4698311520000003,0,a92db5ddf9b69830,55873fecc61a79e8,0,1efbd1a933989dfe,1efbd1a933989dfe,2135bbd284552015,ac6b9b6252b7a150,-3.4698311520000003,formation_start
S2,1064,Advance,4.5625,4.5625,-3.449693969,0,c44770381f4af87b,55873fecc61a79e8,0,203c0516e8ac01ff,203c0516e8ac01ff,9d685d306d8ee437,ac6b9b6252b7a150,-3.449693969,formation_start
S2,1065,Advance,4.59375,4.59375,-3.4299858355,0,7126f97f3f364409,55873fecc61a79e8,0,ae7457496281f944,ae7457496281f944,d1834d34344afc50,ac6b9b6252b7a150,-3.4299858355,formation_start
S2,1066,Advance,4.625,4.625,-3.410678678,0,25228096e0e6af84,55873fecc61a79e8,0,23d6aa7dd0027e1a,23d6aa7dd0027e1a,0da5e4030b8a3912,ac6b9b6252b7a150,-3.410678678,formation_start
S2,1067,Advance,4.65625,4.65625,-3.3917515500000004,0,1892fbe25c68e6e5,55873fecc61a79e8,0,dd544d0c363c42a9,dd544d0c363c42a9,0c4af44d364a79f0,ac6b9b6252b7a150,-3.3917515500000004,formation_start
S2,1068,Advance,4.6875,4.6875,-3.373176931,0,3e573498bbe314da,55873fecc61a79e8,0,dee1761e4536a21c,dee1761e4536a21c,1fdbdb3d894b2030,ac6b9b6252b7a150,-3.373176931,formation_start
S2,1069,Advance,4.71875,4.71875,-3.3549338965,0,3232f4cf8126ac9d,55873fecc61a79e8,0,424b0aa5a2a25738,424b0aa5a2a25738,bccd7af133e9c414,ac6b9b6252b7a150,-3.3549338965,formation_start
S2,1070,Advance,4.75,4.75,-3.336996068,0,fc0afc7cc2ee5b7e,55873fecc61a79e8,0,6d58c301cf1339c8,6d58c301cf1339c8,07a331a242dc5794,ac6b9b6252b7a150,-3.336996068,formation_start
S2,1071,Advance,4.78125,4.78125,-3.319343031,0,d7b58a048c092561,55873fecc61a79e8,0,70c814bb96357c3d,70c814bb96357c3d,a13c1cbfcf595cbf,ac6b9b6252b7a150,-3.319343031,formation_start
S2,1072,Advance,4.8125,4.8125,-3.301949912,0,40ef8830b99e0009,55873fecc61a79e8,0,f1acfd1f6cfeb19c,f1acfd1f6cfeb19c,cdcde68018bfb0a3,ac6b9b6252b7a150,-3.301949912,formation_start
S2,1073,Advance,4.84375,4.84375,-3.284797126,0,4e7523b486fd4fd3,55873fecc61a79e8,0,6506fecc0f95d820,6506fecc0f95d820,8aec074df240b482,ac6b9b6252b7a150,-3.284797126,formation_start
S2,1074,Advance,4.875,4.875,-3.267861518,0,3901409af16407da,55873fecc61a79e8,0,cffe684f575f8dd5,cffe684f575f8dd5,6b8a28de084e9154,ac6b9b6252b7a150,-3.267861518,formation_start
S2,1075,Advance,4.90625,4.90625,-3.251124539,0,c78abda6d092e8f3,55873fecc61a79e8,0,4e88a289a6cfa327,4e88a289a6cfa327,11bd77536f31655e,ac6b9b6252b7a150,-3.251124539,formation_start
S2,1076,Advance,4.9375,4.9375,-3.234564873,0,369954c2b73b1b3e,55873fecc61a79e8,0,341bc77ddb2fa0cc,341bc77ddb2fa0cc,fd0812c935d50930,ac6b9b6252b7a150,-3.234564873,formation_start
S2,1077,Advance,4.96875,4.96875,-3.2181651589999998,0,306a0823907aab87,55873fecc61a79e8,0,0f89d7a668e43384,0f89d7a668e43384,b9c3258edf85c30b,ac6b9b6252b7a150,-3.2181651589999998,formation_start
S2,1078,Advance,5,5,-3.201906002,0,f41b8d8c6bbe9d97,55873fecc61a79e8,0,71ad9c06318c811b,71ad9c06318c811b,12b8a9b477565d41,ac6b9b6252b7a150,-3.201906002,formation_start
S3,1083,Advance,8.03125,8.03125,-1.6843750005,0,bc670433fadbf9cc,41a8b778615bbf64,11243,0d6d4aac9d995dcb,0d6d4aac9d995dcb,af3c03634cfe85b4,ac6b9b6252b7a150,-1.6843750005,formation_start
S3,1084,Advance,8.0625,8.0625,-1.66875,0,a980d6738189c5a9,95d9a8ecd080fce0,11607,1248541a03e46310,1248541a03e46310,5f1cbf0cc343b184,ac6b9b6252b7a150,-1.66875,formation_start
S3,1085,Advance,8.09375,8.09375,-1.6531250005,0,fadae649ca612ea6,073f688bb5e9b5cb,11961,dcda69322e904a82,dcda69322e904a82,8dcb16757926fde0,ac6b9b6252b7a150,-1.6531250005,formation_start
S3,1086,Advance,8.125,8.125,-1.6375,0,1c7ef94c315c8423,7ec0d813c737d293,12322,0cbc480bcd731be1,0cbc480bcd731be1,cf84590136c7f84f,ac6b9b6252b7a150,-1.6375,formation_start
S3,1087,Advance,8.15625,8.15625,-1.6218750005,0,56d79fddf80374e9,ddef87cc18dd5694,12678,13fe547838040eeb,13fe547838040eeb,45eafab0f91c48f7,ac6b9b6252b7a150,-1.6218750005,formation_start
S3,1088,Advance,8.1875,8.1875,-1.60625,0,96c9b9cf77252db0,31cf1607b9375e53,13046,e46fbede2fa7c980,e46fbede2fa7c980,83faba18433afefe,ac6b9b6252b7a150,-1.60625,formation_start
S3,1089,Advance,8.21875,8.21875,-1.5906250005,0,f8109dba55bc30d1,c85ee9a292ca6361,13425,6d8e0ce762b4dbf8,6d8e0ce762b4dbf8,e6c9ea0d3e1d7c13,ac6b9b6252b7a150,-1.5906250005,formation_start
S3,1090,Advance,8.25,8.25,-1.575,0,0eeda2a963687b1f,a549440307f7b832,13792,5c3e8ec4e5f7757a,5c3e8ec4e5f7757a,64c4c2c82187427e,ac6b9b6252b7a150,-1.575,formation_start
S3,1091,Advance,8.28125,8.28125,-1.5593750005,0,069b703d1b0e947b,a30ba54c67a0eafb,14148,e3f934bb7a3a47d6,e3f934bb7a3a47d6,02c33ce13a3f8ab0,ac6b9b6252b7a150,-1.5593750005,formation_start
S3,1092,Advance,8.3125,8.3125,-1.54375,0,80e70060a0e90228,a3fa42692580aee5,14507,333bd2aff0ff09d3,333bd2aff0ff09d3,02b67d7de8a0c5d0,ac6b9b6252b7a150,-1.54375,formation_start
S3,1093,Advance,8.34375,8.34375,-1.5281250005,0,de4a2750dffc5985,eb871b67e285b66d,14861,4210600ec0ed47a8,4210600ec0ed47a8,80da6628339f7c37,ac6b9b6252b7a150,-1.5281250005,formation_start
S3,1094,Advance,8.375,8.375,-1.5125,0,7b1d7f1ce331a3b3,7d2f21a60c35fef1,15216,9852baae9dcd063c,9852baae9dcd063c,d1fc5c0db81967da,ac6b9b6252b7a150,-1.5125,formation_start
S3,1095,Advance,8.40625,8.40625,-1.4968750005,0,2fcdd15b3699a62b,f143d2d1a0454fc3,15566,9c8b713038c08114,9c8b713038c08114,108c99437c94ddd2,ac6b9b6252b7a150,-1.4968750005,formation_start
S3,1096,Advance,8.4375,8.4375,-1.48125,0,5927e9a0ec59a9ab,73a26d29972d6d06,15933,902567c4cae5d2b2,902567c4cae5d2b2,bc3500b6cb361c9e,ac6b9b6252b7a150,-1.48125,formation_start
S3,1097,Advance,8.46875,8.46875,-1.4656250005,0,1adc4f01185bd477,1185f1dc8da77a0d,16302,4f87b3901d41cf78,4f87b3901d41cf78,559d680baec90362,ac6b9b6252b7a150,-1.4656250005,formation_start
S3,1098,Advance,8.5,8.5,-1.45,0,dc91b2d6b29cfd51,6b9c2eb9054a0f8e,16678,a1ebd1f15feec57b,a1ebd1f15feec57b,4709c64ffa738462,ac6b9b6252b7a150,-1.45,formation_start
S3,1099,Advance,8.53125,8.53125,-1.4343750005,0,f8cdd3453fc9aa68,543e944cc88ddcab,17033,76f1690503415c6f,76f1690503415c6f,a888d69094850282,ac6b9b6252b7a150,-1.4343750005,formation_start
S3,1100,Advance,8.5625,8.5625,-1.41875,0,168b74ff3751e9b9,a023a26b4c52a8b5,17367,5525ecc306a25b71,5525ecc306a25b71,9c6e4ab0473719b2,ac6b9b6252b7a150,-1.41875,formation_start
S3,1101,Advance,8.59375,8.59375,-1.4031250005,0,5869c11faa02a343,ea2dc8293801cd76,17696,302648dbe892df5d,302648dbe892df5d,f07436f6a0246a47,ac6b9b6252b7a150,-1.4031250005,formation_start
S3,1102,Advance,8.625,8.625,-1.3875,0,52d8d468f5fb5cca,d40cdd4db15e398a,18028,c3e6e505492a8fd3,c3e6e505492a8fd3,59ee1df3c1ac5258,ac6b9b6252b7a150,-1.3875,formation_start
S3,1103,Advance,8.65625,8.65625,-1.3718750005,0,6d541ff13bf4eba4,22063195ad9e4b2d,18376,9eed6265b1dff679,9eed6265b1dff679,957f9bde11af20fc,ac6b9b6252b7a150,-1.3718750005,formation_start
S3,1104,Advance,8.6875,8.6875,-1.35625,0,f235ca3c9dd17907,4c59a0a6f278c43a,18716,a3ef324369a68945,a3ef324369a68945,5e8c9e0044643ffb,777e4c98d34d1531,-1.35625,formation_start
S3,1105,Advance,8.71875,8.71875,-1.3406250005,0,2ffebe9cddcce148,d2cc94feb009ff27,19052,837741adce392bb1,837741adce392bb1,8ca61b2156029f76,970c589be1c52338,-1.3406250005,formation_start
S3,1106,Advance,8.75,8.75,-1.325,0,bd59ab62dab6b3c3,faa3ea99db4a958c,19401,9670a938ef5aed01,9670a938ef5aed01,946830e947b27c46,93792223848bf34a,-1.325,formation_start
S3,1107,Advance,8.78125,8.78125,-1.3093750005,0,6c479e0dd30b2078,aa48777e41910579,19734,ff5478229459fb4b,ff5478229459fb4b,eee61696398a45fb,df707224f39c42ba,-1.3093750005,formation_start
S3,1108,Advance,8.8125,8.8125,-1.29375,0,56c09e6d9199d0ad,ecfbbd51baa51e50,20099,f9b4689a4d735c57,f9b4689a4d735c57,5bbefff3a65e636b,9ecb4886806cf810,-1.29375,formation_start
S3,1109,Advance,8.84375,8.84375,-1.2781250005,0,d741219a90dae542,94821bcb15863794,20458,3b2a532c8d702401,3b2a532c8d702401,ada6d9c7242bc5b0,0956b6bcdfa87666,-1.2781250005,formation_start
S3,1110,Advance,8.875,8.875,-1.2625,0,86836df183de99da,f24acee04bb5ef16,20818,2550ad642376fe3e,2550ad642376fe3e,cbde56e2df61ff50,bda562d6e9e732e4,-1.2625,formation_start
S3,1111,Advance,8.90625,8.90625,-1.2468750005,0,ad9f1d77b09d4479,7d73506a0412131c,21197,1745ceffaded8145,1745ceffaded8145,30d3b1c0cda37a90,05ce1e49fb4d1a6a,-1.2468750005,formation_start
S3,1112,Advance,8.9375,8.9375,-1.23125,0,14e4da7def5be952,feae00eb441c345f,21577,aba0378223e74065,aba0378223e74065,ddd04c75db1837cf,3cf412e65bc857a9,-1.23125,formation_start
S3,1113,Advance,8.96875,8.96875,-1.2156250005,0,f9b9093916028279,83f8028853dd3ff1,21947,85b58dbce53c02c6,85b58dbce53c02c6,f86ccd630ebb9c58,89aca8a725e05d50,-1.2156250005,formation_start
S3,1114,Advance,9,9,-1.2,0,4e5a693d9129bfd6,e5dab7fdd45348a9,22295,64a479a725254ec2,64a479a725254ec2,5710ab6804d1eac8,c862602f3b99815b,-1.2,formation_start
S3,1115,Advance,9.03125,9.03125,-1.1843750005,0,372e8cd158c56869,6501f586409707ed,22660,40201afa122f5d6e,40201afa122f5d6e,e1bae29851c58e08,4ff4f8605128aa35,-1.1843750005,formation_start
S3,1116,Advance,9.0625,9.0625,-1.16875,0,02025891dadd6590,91b9a1d066663be9,22982,ba34b51201995939,ba34b51201995939,fd3ee809196ad165,8c206f3dd2279a73,-1.16875,formation_start
S3,1117,Advance,9.09375,9.09375,-1.1531250005,0,22d0a1c863578340,b501673bae3215ac,23290,07394bb05aaeee6b,07394bb05aaeee6b,ee6d4a7c0e6f5c7b,5aba18f55d41c8e3,-1.1531250005,formation_start
S3,1118,Advance,9.125,9.125,-1.1375,0,11c263eceb10eea4,e713b87b6ca2a260,23608,2fbf7c7b1051ccf7,2fbf7c7b1051ccf7,64026c10e1f8d242,600db0ce2728d683,-1.1375,formation_start
S3,1119,Advance,9.15625,9.15625,-1.1218750005,0,4b3da93780235f2c,c7119b7834378480,23935,eaac8544c9448c6c,eaac8544c9448c6c,3197edfd5e5c01db,1112ee3c481f6bd4,-1.1218750005,formation_start
S3,1120,Advance,9.1875,9.1875,-1.10625,0,f421126179b22062,e1d3da07d59098da,24258,e9109fc5624b74e5,e9109fc5624b74e5,3ac46ba46659ff7d,76096f1112a3893d,-1.10625,formation_start
S3,1121,Advance,9.21875,9.21875,-1.0906250005,0,4be703cbbe1f87be,df83dc102e1371d4,24590,ebc59078f33b2a3c,ebc59078f33b2a3c,f3adf96c2bfb2461,3bf9590868f4d19e,-1.0906250005,formation_start
S3,1122,Advance,9.25,9.25,-1.075,0,6e106f61e6db4460,35c6487cc9d2009f,24929,4da208a27eb4da94,4da208a27eb4da94,4295f8a37368cb50,b2b0b0a7eb923c96,-1.075,formation_start
S3,1123,Advance,9.28125,9.28125,-1.0593750005,0,1e388ec60cc97973,ecb0e397e849ef01,25280,bb2cbec6a0f2b5cb,bb2cbec6a0f2b5cb,dfc905eab496a1c9,81a20400ba29e8d4,-1.0593750005,formation_start
S3,1124,Advance,9.3125,9.3125,-1.04375,0,0d8999f1df942330,43be067eaf319dd0,26149,61fd752d423a4765,61fd752d423a4765,64f20e86e3f9efaf,ba0c917a2f2b5d86,-1.04375,formation_start
S3,1125,Advance,9.34375,9.34375,-1.0281250005,0,7b4ca7c96ea79b08,a99b62c90b8e4bd9,27609,95666927512ecf7b,95666927512ecf7b,a9858ebbff4d53c6,2701568a29e0c6c5,-1.0281250005,formation_start
S3,1126,Advance,9.375,9.375,-1.0125,0,6913bcc0943871e1,9f539096cd3ed4bc,28739,a447efa983d05c49,a447efa983d05c49,5a8d04f67fe41f1b,6720bed85be25639,-1.0125,formation_start
S3,1127,Advance,9.40625,9.40625,-0.9968750005,0,b01721cfd69d59cc,2635ca59fa11fa64,29805,5a3b2fd0dd4e25f4,5a3b2fd0dd4e25f4,491c3fcf544896bb,5cc61c8a7c552366,-0.9968750005,formation_start
S3,1128,Advance,9.4375,9.4375,-0.98125,0,8a1e4339d862d6fb,462f4dc1e9327be7,30970,cf0a0fda3398dc49,cf0a0fda3398dc49,298ccc7f0a719d17,34161355fc9cd389,-0.98125,formation_start
S3,1129,Advance,9.46875,9.46875,-0.9656250005,0,750a7831cbf4aec2,79c209beb353be68,32144,28a86147bd80a035,28a86147bd80a035,bcb365a81b1dcea2,f6250fd9a569d325,-0.9656250005,formation_start
S3,1130,Advance,9.5,9.5,-0.95,0,f63bfdf385c87a0d,148783a50f644ce5,33323,dd731dac5eee7b28,dd731dac5eee7b28,28a501dae3d336d0,e02f80ea8cd0333f,-0.95,formation_start
S3,1131,Advance,9.53125,9.53125,-0.9343750005,0,d2c45991f45074ba,aa9c9049d0d4bfa9,34486,8586a4e7ea2cc333,8586a4e7ea2cc333,3621e600edc9facd,e785add1ff94ce25,-0.9343750005,formation_start
S3,1132,Advance,9.5625,9.5625,-0.91875,0,bb18e7e12d4a5c07,5025a8c3c04b3046,35484,5c136e0f224c0455,5c136e0f224c0455,7856e93e89798f87,196a936bcb6eb59c,-0.91875,formation_start
S3,1133,Advance,9.59375,9.59375,-0.9031250005,0,048192e4fdbbeb49,fc97df061bd562f2,36471,44b1980bde72fa2a,44b1980bde72fa2a,f51cf6c6eb07c49d,25ab7ef77df44934,-0.9031250005,formation_start
S3,1134,Advance,9.625,9.625,-0.8875,0,26f6fddee932e675,cd17f7d43f2211ac,37469,2741cc004ebc602e,2741cc004ebc602e,0e85b6e5a1c60875,2533cc5c6ac17152,-0.8875,formation_start
S3,1135,Advance,9.65625,9.65625,-0.8718750005,0,3750142f7a8ba069,cbd3d8e2133c32bb,38524,cacd822eeb35bca2,cacd822eeb35bca2,4cf753ec504ea791,f036ddf40e92e3c7,-0.8718750005,formation_start
S3,1136,Advance,9.6875,9.6875,-0.85625,0,587a53125a4977d0,6ee2b65d7d7b2ebc,39633,c96550bb2dcbcc5f,c96550bb2dcbcc5f,de91981b92e2b0c5,6fb2ae96f4958565,-0.85625,formation_start
S3,1137,Advance,9.71875,9.71875,-0.8406250005,0,746ab820531f5f07,06558bad51733e43,40761,ce54943057e9a105,ce54943057e9a105,a2549466fc7ef3f4,c37adb81b6a21808,-0.8406250005,formation_start
S3,1138,Advance,9.75,9.75,-0.825,0,6ac573998b905f1e,77510e2867177570,41895,04e6cc3a0c2c8650,04e6cc3a0c2c8650,76f191a8ab0bb9f7,db01e5339169e69b,-0.825,formation_start
S3,1139,Advance,9.78125,9.78125,-0.8093750005,0,46ade2bf15f70e18,1be109622050c167,43043,4bba293126c085a1,4bba293126c085a1,0b5289fdf90c6a63,efb8ef783512ab33,-0.8093750005,formation_start
S3,1140,Advance,9.8125,9.8125,-0.79375,0,669514259f303cc7,f435df7062a516b7,44169,cbeb18c6989c716d,cbeb18c6989c716d,472e137c8a18cccc,b9202fe2064d3528,-0.79375,formation_start
S3,1141,Advance,9.84375,9.84375,-0.7781250005,0,74f6a084437c9349,74661f4381ce1387,45349,3d5112a4428c1b23,3d5112a4428c1b23,5d8fbf10f535ae58,703a89997ab18d4f,-0.7781250005,formation_start
S3,1142,Advance,9.875,9.875,-0.7625,0,73b573f4b8fb6d24,db8c768919a3fe54,46539,a28e37dc50694fab,a28e37dc50694fab,516e81276b4f5de7,7862c3714df7763a,-0.7625,formation_start
S3,1143,Advance,9.90625,9.90625,-0.7468750005,0,110ac239e35b3667,e46faa5906d5b649,47667,737fb21715100f04,737fb21715100f04,ad276664e00981d3,8920ad97253104fc,-0.7468750005,formation_start
S3,1144,Advance,9.9375,9.9375,-0.73125,0,6a364d6eb87af58b,7d99e2b01ff8a189,48830,84da96f32d1b4a38,84da96f32d1b4a38,8961653702e65754,6aed753e4f598141,-0.73125,formation_start
S3,1145,Advance,9.96875,9.96875,-0.7156250005,0,9b22aa4951f7703a,731d9c9ce765b215,49947,799fc1a789bb8962,799fc1a789bb8962,5d18f65329bd98a4,dfdca3994dce45f0,-0.7156250005,formation_start
S3,1146,Advance,10,10,-0.7,0,569b74027bf13752,216139cb45802d0f,51119,09f9de03604de00d,09f9de03604de00d,17aeafc3acf11a8e,4ad480095a161bc0,-0.7,formation_start
S3,1147,Advance,10.03125,10.03125,-0.6843750005,0,ad950c8e42d96ea5,482d860988c3fa50,52283,dc27bd7dab230544,dc27bd7dab230544,86bbd4de35b191ab,827075378851b20a,-0.6843750005,formation_start
S3,1148,Advance,10.0625,10.0625,-0.66875,0,9eb0bd4762e7945b,c0277a8437d2e650,53473,f0c1262bc4ef0c82,f0c1262bc4ef0c82,3e6cd7d3a5ef588d,9dde4f43ec1c6ce2,-0.66875,formation_start
S3,1149,Advance,10.09375,10.09375,-0.6531250005,0,ab4b437bf4e85853,1da7db3eb241b03d,54672,509511fb02d9b8c8,509511fb02d9b8c8,c439f867581fe0a0,2b767aff22685794,-0.6531250005,formation_start
S3,1150,Advance,10.125,10.125,-0.6375,0,f35826b4f94b2180,b756d3ab8ce7ade3,55879,a2a12e209ced490e,a2a12e209ced490e,17d491b6a08ab7fe,a2a37328250e61cc,-0.6375,formation_start
S3,1151,Advance,10.15625,10.15625,-0.6218750005,0,81fa0a7505694877,f9565abf6077ceea,57128,a32ab86c2b28ff6e,a32ab86c2b28ff6e,a0f71f65275cc2df,6385acf561a4c2a2,-0.6218750005,formation_start
S3,1152,Advance,10.1875,10.1875,-0.60625,0,72ee9813c14aa1d7,26cffd4913035eed,58330,aeced071a20cea9b,aeced071a20cea9b,8941d84d20988fe9,6c73a7eca4a4f145,-0.60625,formation_start
S3,1153,Advance,10.21875,10.21875,-0.5906250005,0,272a0a704faa45c4,a07384ee1fff6f33,59503,f4b30df0eb8ef35a,f4b30df0eb8ef35a,51e642be8f8e9c50,32b2ca13417f8c8d,-0.5906250005,formation_start
S3,1154,Advance,10.25,10.25,-0.575,0,0fdca639cb285088,9e2074af71ee7785,60751,d0194c25c0944db7,d0194c25c0944db7,ed2a8c755dff8d80,ad6d1d6355a5887c,-0.575,formation_start
S3,1155,Advance,10.28125,10.28125,-0.5593750005,0,93b79637b91452e2,e55697375be267fa,62464,b1867db51d026fd6,b1867db51d026fd6,a771b44c7585d040,3f009db323d3aeb1,-0.5593750005,formation_start
S3,1156,Advance,10.3125,10.3125,-0.54375,0,1fa6ed3355a6b7f5,29ba934fd5499cd3,63978,5059b95d4a767563,5059b95d4a767563,d43ed9a21970aac9,ebeaf72b27a22135,-0.54375,formation_start
S3,1157,Advance,10.34375,10.34375,-0.5281250005,0,d2831f48210f7c43,79e136c5cbad18c8,65817,1753a528e653e95a,1753a528e653e95a,74a703ec6d949205,09a24dd87bf2a242,-0.5281250005,formation_start
S3,1158,Advance,10.375,10.375,-0.5125,0,5880d5b08252b2ff,341c39070436b2e8,67061,33078c98176eb2ac,33078c98176eb2ac,58d8f0fe256507e0,9f3556e0ffba0d91,-0.5125,formation_start
S3,1159,Advance,10.40625,10.40625,-0.4968750005,0,3ad3493d4fb57e60,7d22870ab8b9d0cd,68175,eaf3e2d5a818b4bd,eaf3e2d5a818b4bd,9b5d75a74fb239dc,ea58fa2492a83fe5,-0.4968750005,formation_start
S3,1160,Advance,10.4375,10.4375,-0.48125,0,605408a1bdec7737,ae9add23f3227555,69278,42e47b9282c545c9,42e47b9282c545c9,a208dcb7fd5024b8,9d4a1c64547f0e1d,-0.48125,formation_start
S3,1161,Advance,10.46875,10.46875,-0.4656250005,0,c8ce45ade88a0497,67fa7a2b739e4c41,70457,d8130d0ebb545554,d8130d0ebb545554,555d82e9f9a8e643,e1fe02d585dbd75b,-0.4656250005,formation_start
S3,1162,Advance,10.5,10.5,-0.45,0,10e4b079455386b5,6438402fa5faddec,71857,1c4c9b0ca8219c2c,1c4c9b0ca8219c2c,24ea80dba904e6e7,aaa43445c8fe2ae8,-0.45,formation_start
S3,1163,Advance,10.53125,10.53125,-0.4343750005,0,8bbe041cd992b1f8,433b3b8b4a7bda0e,73225,ff753bde1a023b41,ff753bde1a023b41,ef7870d85f4090d3,c1717ace35e7180d,-0.4343750005,formation_start
S3,1164,Advance,10.5625,10.5625,-0.41875,0,3dbd907aab22f2e6,327c0e113aa7d8e8,74623,146dceebf7c9033f,146dceebf7c9033f,f19dc7b6d7748d49,3d74be79df320eb2,-0.41875,formation_start
S3,1165,Advance,10.59375,10.59375,-0.4031250005,0,7dfd90283617f761,c07bbfb6ff19f8be,75925,4a5d8c9d7e036b41,4a5d8c9d7e036b41,c07cbcffdda02f72,522a86136df66dc0,-0.4031250005,formation_start
S3,1166,Advance,10.625,10.625,-0.3875,0,db54a9b305d85487,631b901b1dd35906,77172,73f165bb7afb33b3,73f165bb7afb33b3,3c7f96f579d257d7,9a7d047a13ea8e12,-0.3875,formation_start
S3,1167,Advance,10.65625,10.65625,-0.3718750005,0,292fd83c9a6ce997,684ac40419fdea09,78437,5b112aefa92dc64d,5b112aefa92dc64d,76cda9e843c6ed4e,5fde3a0ae019e1dc,-0.3718750005,formation_start
S3,1168,Advance,10.6875,10.6875,-0.35625,0,3c5a6f756aa76237,c285d7e25cb68db8,79689,837dabbf41b47ee1,837dabbf41b47ee1,ce7913f6a203850c,400d5addfb5dcf41,-0.35625,formation_start
S3,1169,Advance,10.71875,10.71875,-0.3406250005,0,da20576567bdd05c,060ae7c9c627cb22,80989,baad68d6f8106ad9,baad68d6f8106ad9,765ce2617bbe836f,26ec31e2526d837d,-0.3406250005,formation_start
S3,1170,Advance,10.75,10.75,-0.325,0,49adc9cdd59f1fae,5e213cb90ec9c78c,82225,4e4b6e99481f43f4,4e4b6e99481f43f4,e9de90571b9ce2f2,6ab80c0455f30595,-0.325,formation_start
S3,1171,Advance,10.78125,10.78125,-0.3093750005,0,d301a4da9000ac93,8fc412e5a4688583,83490,b616a50d216f80bf,b616a50d216f80bf,0c3a6a8577989dd7,9e2509e52e74d536,-0.3093750005,formation_start
S3,1172,Advance,10.8125,10.8125,-0.293750675,0,ede4bd590c134f01,c3755686e56da0b8,88953,de6afad670be2602,de6afad670be2602,5da0341a79947e36,b2b2f3c26c2afa0e,-0.293750675,formation_start
S3,1173,Advance,10.84375,10.84375,-0.278153737,0,2d78e686ad3058fa,7b70368365f9f196,89751,47aead19e5f443c3,47aead19e5f443c3,b468009888241320,59d6dfa8cc91a1c4,-0.278153737,formation_start
S3,1174,Advance,10.875,10.875,-0.262641907,0,da6fe180c18e74b4,f03b17b9bf42e923,90501,47f3875e5fe75de9,47f3875e5fe75de9,2af6c7ffa9a3bb94,1aac155a5593aade,-0.262641907,formation_start
S3,1175,Advance,10.90625,10.90625,-0.24727348,0,9f7b1c28e6f70c3a,a14aa44c7937b3e3,91148,335327eeb9814c3e,335327eeb9814c3e,7d3bc0727eed8c05,78ef36d7e7abb714,-0.24727348,formation_start
S3,1176,Advance,10.9375,10.9375,-0.232100928,0,db789bd100bb3694,35fd849353947bde,91759,c624e92b4aceedcb,c624e92b4aceedcb,15d84ef46a8dfb90,1b8bd91731bee605,-0.232100928,formation_start
S3,1177,Advance,10.96875,10.96875,-0.2171768845,0,cb2c319361876c70,040e3af33aaac502,92368,8a5e0d272fead982,8a5e0d272fead982,e85d012ffa60dce4,a16e7032171ee1c9,-0.2171768845,formation_start
S3,1178,Advance,11,11,-0.202546296,0,efca448c0fb1c864,9758411772e3d6f6,92910,c45c0797eb43ecf9,c45c0797eb43ecf9,ecc20c745d34c6d3,bb90c498ed003acd,-0.202546296,formation_start
S3,1179,Advance,11.03125,11.03125,-0.1882560165,0,9e9b13cffc60d473,0c5582a2448773ed,94384,3153c471ef3a6480,3153c471ef3a6480,3ce805569467a1dc,828def6c6978a840,-0.1882560165,formation_start
S3,1180,Advance,11.0625,11.0625,-0.174343586,0,5c353235ddcf771b,c22481950a93b408,94421,40275b5c135b7e05,40275b5c135b7e05,56fa6166e8ae92d1,9788c0ee06545c0e,-0.174343586,formation_start
S3,1181,Advance,11.09375,11.09375,-0.1608499595,0,5432d92686d764dd,3cf9e4d9777ecfd2,94483,65fb395e7fad869d,65fb395e7fad869d,deb8a35fbeadaa5e,2868ed7dffa76976,-0.1608499595,formation_start
S3,1182,Advance,11.125,11.125,-0.147805391,0,2bcb3bfff72e5fdc,f45b449eb88c5828,94518,be887c016ca01140,be887c016ca01140,56a4db37fce67b49,1ec27554c2481e5d,-0.147805391,formation_start
S3,1183,Advance,11.15625,11.15625,-0.1352448165,0,7d2963f998419838,1a632d86d9440e7d,94548,eab9cd41a2def743,eab9cd41a2def743,ac857c1b403846fd,e0766c9ab23c2278,-0.1352448165,formation_start
S3,1184,Advance,11.1875,11.1875,-0.123191321,0,37a5ed0de8fb89d5,ae1a91a5f8daaa57,94591,9d0d85d3f8fcb58a,9d0d85d3f8fcb58a,d1c673446f70ddf1,f5220a80560ecc65,-0.123191321,formation_start
S3,1185,Advance,11.21875,11.21875,-0.111673708,0,c0fd57692f84de68,c8cc06c4b583fdd1,94618,37e4e2aae021300c,37e4e2aae021300c,9bca30e0d7cfc7ff,6a7a056e40c02564,-0.111673708,formation_start
S3,1186,Advance,11.25,11.25,-0.100708008,0,33caa39077d13469,8b366ab650aa54b1,94645,bed5baecdc464085,bed5baecdc464085,09c25667e6da4ca2,b0aab2dfbd80d32b,-0.100708008,formation_start
S3,1187,Advance,11.28125,11.28125,-0.090316772,0,b32e0568d4ecbbd3,59885fe4473a0355,94800,13e0116a8fd321a5,13e0116a8fd321a5,57365a2e1bc55374,5ee76a8650c09836,-0.090316772,formation_start
S3,1188,Advance,11.3125,11.3125,-0.080509097,0,e97f7975f3b67427,59885fe4473a0355,94800,8af7a7cec923eba8,8af7a7cec923eba8,e0c1efc2341b0740,bc68422fd0d67e4a,-0.080509097,formation_start
S3,1189,Advance,11.34375,11.34375,-0.0713011655,0,3bdd199f906851f8,59885fe4473a0355,94800,7cbb8e3b1fdbc34d,7cbb8e3b1fdbc34d,b78e912bbee88f36,add2dffe75315dd0,-0.0713011655,formation_start
S3,1190,Advance,11.375,11.375,-0.062695256,0,19214893bc78254e,59885fe4473a0355,94800,d1ff24d83e78b885,d1ff24d83e78b885,61b5b9e3adb9e2a2,e35c14bedce8c185,-0.062695256,formation_start
S3,1191,Advance,11.40625,11.40625,-0.054701063,0,9c14bb76a3941c0d,59885fe4473a0355,94800,cbfb63a78a6f96d7,cbfb63a78a6f96d7,9c5d4e2d6a442f7c,6ee0b5864bd38984,-0.054701063,formation_start
S3,1192,Advance,11.4375,11.4375,-0.047314167,0,7f4b0279e3d76a95,59885fe4473a0355,94800,19a6ebcd62cba58e,19a6ebcd62cba58e,60f9e7150a65f4d5,6eb7c42663a062c3,-0.047314167,formation_start
S3,1193,Advance,11.46875,11.46875,-0.040537657000000005,0,9f60ee4d7420d5e4,59885fe4473a0355,94800,6f255e004d10d6d5,6f255e004d10d6d5,e21f03c0bab65da7,a02cc98309fd0a9d,-0.040537657000000005,formation_start
S3,1194,Advance,11.5,11.5,-0.034360532,0,ddb817e3c5f80182,59885fe4473a0355,94800,b8f7c2beb781acb3,b8f7c2beb781acb3,97b3485798c9b7de,cafba149996f4d80,-0.034360532,formation_start
S3,1195,Advance,11.53125,11.53125,-0.028779159,0,aacd1eb31ba9837f,59885fe4473a0355,94800,9e8369397952dfa0,9e8369397952dfa0,910d6b878446d423,4b203a06c27a06bf,-0.028779159,formation_start
S3,1196,Advance,11.5625,11.5625,-0.023776072,0,767723ede4d14365,59885fe4473a0355,94800,621e33a5c9c8256f,621e33a5c9c8256f,28fdd6c3ae98fdc8,35179117b92f3599,-0.023776072,formation_start
S3,1197,Advance,11.59375,11.59375,-0.0193407975,0,5bf534c801b49b1c,59885fe4473a0355,94800,cfb88a1758f5f23b,cfb88a1758f5f23b,ac7718e058e74c6c,0853cb7265b33793,-0.0193407975,formation_start
S3,1198,Advance,11.625,11.625,-0.015449524,0,6899d5f64d237526,59885fe4473a0355,94800,65eaf8e17c28f8c6,65eaf8e17c28f8c6,68319762b54531fa,8b8b3266f626b033,-0.015449524,formation_start
S3,1199,Advance,11.65625,11.65625,-0.0120848195,0,4be63a63f6efaf4b,59885fe4473a0355,94800,bf6e2f7ce1433a1d,bf6e2f7ce1433a1d,0b1d18c990be7b00,c403ac336962aa7d,-0.0120848195,formation_start
S3,1200,Advance,11.6875,11.6875,-0.009216644,0,c0ff6fa2f82574e6,59885fe4473a0355,94800,24f12e27add61164,24f12e27add61164,866539769ee29911,aff7464433dfa84c,-0.009216644,formation_start
S3,1201,Advance,11.71875,11.71875,-0.00682049,0,71d24f5ae84ac4ae,59885fe4473a0355,94800,df64ef38bcd8a0a3,df64ef38bcd8a0a3,ccf4e79e1d852c87,1f137baedb4ade1d,-0.00682049,formation_start
S3,1202,Advance,11.75,11.75,-0.004860207,0,093b833047b96bb3,59885fe4473a0355,94800,4e1228578fd262db,4e1228578fd262db,5d1f58146301efee,4d74986c4b687aaa,-0.004860207,formation_start
S3,1203,Advance,11.78125,11.78125,-0.0033040925,0,912cd86c50cf2c8f,59885fe4473a0355,94800,3a104c7ddb04f874,3a104c7ddb04f874,8f31d3a6eab92450,02989c3b68bc9a5e,-0.0033040925,formation_start
S3,1204,Advance,11.8125,11.8125,-0.002110004,0,8a3b3228357d5155,59885fe4473a0355,94800,c6e8989ba555d3b4,c6e8989ba555d3b4,4f173d8d0e384e19,26ad5adc8f7b3a27,-0.002110004,formation_start
S3,1205,Advance,11.84375,11.84375,-0.0012389285,0,154c014a19063fcc,59885fe4473a0355,94800,4425d948eed5ffcf,4425d948eed5ffcf,66cbbd04cf2a71a7,72b92b0351ec41e8,-0.0012389285,formation_start
S3,1206,Advance,11.875,11.875,-0.000642847,0,2ba901dc91d029d7,59885fe4473a0355,94800,42b9727ef743fae3,42b9727ef743fae3,c70324b6e91ce1fb,5fd0a3d7c03df93a,-0.000642847,formation_start
S3,1207,Advance,11.90625,11.90625,-0.00027531699999999997,0,708b9192c8ab4d2f,59885fe4473a0355,94800,4c7e690fb5169170,4c7e690fb5169170,98f4ecbdfc3a67ab,7a55064b6cd91206,-0.00027531699999999997,formation_start
S3,1208,Advance,11.9375,11.9375,-8.2563E-05,0,ccf0d6dab1165aac,59885fe4473a0355,94800,d6d8dc437d8ab293,d6d8dc437d8ab293,c2327a2d6a9974ee,8d10089142fef5a4,-8.2563E-05,formation_start
S3,1209,Advance,11.96875,11.96875,-1.0596E-05,0,2a5350f766a72c8a,59885fe4473a0355,94800,adf034544c4a182f,adf034544c4a182f,d64a06224bdfc743,1009389c3da51edc,-1.0596E-05,formation_start
S3,1210,Advance,12,12,0,0,5305ac3d12f30b5c,59885fe4473a0355,94800,85b57a1f76422f9c,85b57a1f76422f9c,38bdfab8c8a7a896,24836fc11afa34a9,0,formation_start|t_star
S3,1211,Advance,12.03125,12,0,0,5305ac3d12f30b5c,59885fe4473a0355,94800,85b57a1f76422f9c,85b57a1f76422f9c,38bdfab8c8a7a896,24836fc11afa34a9,0,formation_start|t_star
S3,1212,Advance,12.0625,12,0,0,5305ac3d12f30b5c,59885fe4473a0355,94800,85b57a1f76422f9c,85b57a1f76422f9c,38bdfab8c8a7a896,24836fc11afa34a9,0,formation_start|t_star
S3,1213,Advance,12.09375,12,0,0,5305ac3d12f30b5c,59885fe4473a0355,94800,85b57a1f76422f9c,85b57a1f76422f9c,38bdfab8c8a7a896,24836fc11afa34a9,0,formation_start|t_star
S3,1214,Advance,12.125,12,0,0,5305ac3d12f30b5c,59885fe4473a0355,94800,85b57a1f76422f9c,85b57a1f76422f9c,38bdfab8c8a7a896,24836fc11afa34a9,0,formation_start|t_star
S3,1215,Advance,12.15625,12,0,0,5305ac3d12f30b5c,59885fe4473a0355,94800,85b57a1f76422f9c,85b57a1f76422f9c,38bdfab8c8a7a896,24836fc11afa34a9,0,formation_start|t_star
S3,1216,Advance,12.1875,12,0,0,5305ac3d12f30b5c,59885fe4473a0355,94800,85b57a1f76422f9c,85b57a1f76422f9c,38bdfab8c8a7a896,24836fc11afa34a9,0,formation_start|t_star
S3,1217,Advance,12.21875,12,0,0,5305ac3d12f30b5c,59885fe4473a0355,94800,85b57a1f76422f9c,85b57a1f76422f9c,38bdfab8c8a7a896,24836fc11afa34a9,0,formation_start|t_star
S3,1218,Advance,12.25,12,0,0,5305ac3d12f30b5c,59885fe4473a0355,94800,85b57a1f76422f9c,85b57a1f76422f9c,38bdfab8c8a7a896,24836fc11afa34a9,0,formation_start|t_star
S3,1219,Advance,12.28125,12,0,0,5305ac3d12f30b5c,59885fe4473a0355,94800,85b57a1f76422f9c,85b57a1f76422f9c,38bdfab8c8a7a896,24836fc11afa34a9,0,formation_start|t_star
S3,1220,Advance,12.3125,12,0,0,5305ac3d12f30b5c,59885fe4473a0355,94800,85b57a1f76422f9c,85b57a1f76422f9c,38bdfab8c8a7a896,24836fc11afa34a9,0,formation_start|t_star
S3,1221,Advance,12.34375,12,0,0,5305ac3d12f30b5c,59885fe4473a0355,94800,85b57a1f76422f9c,85b57a1f76422f9c,38bdfab8c8a7a896,24836fc11afa34a9,0,formation_start|t_star
S3,1222,Advance,12.375,12,0,0,5305ac3d12f30b5c,59885fe4473a0355,94800,85b57a1f76422f9c,85b57a1f76422f9c,38bdfab8c8a7a896,24836fc11afa34a9,0,formation_start|t_star
S3,1223,Advance,12.40625,12,0,0,5305ac3d12f30b5c,59885fe4473a0355,94800,85b57a1f76422f9c,85b57a1f76422f9c,38bdfab8c8a7a896,24836fc11afa34a9,0,formation_start|t_star
S3,1224,Advance,12.4375,12,0,0,5305ac3d12f30b5c,59885fe4473a0355,94800,85b57a1f76422f9c,85b57a1f76422f9c,38bdfab8c8a7a896,24836fc11afa34a9,0,formation_start|t_star
S3,1225,Advance,12.46875,12,0,0,5305ac3d12f30b5c,59885fe4473a0355,94800,85b57a1f76422f9c,85b57a1f76422f9c,38bdfab8c8a7a896,24836fc11afa34a9,0,formation_start|t_star
S3,1226,Advance,12.5,12,0,0,5305ac3d12f30b5c,59885fe4473a0355,94800,85b57a1f76422f9c,85b57a1f76422f9c,38bdfab8c8a7a896,24836fc11afa34a9,0,formation_start|t_star
S3,1227,Advance,12.53125,12,0,0,5305ac3d12f30b5c,59885fe4473a0355,94800,85b57a1f76422f9c,85b57a1f76422f9c,38bdfab8c8a7a896,24836fc11afa34a9,0,formation_start|t_star
S3,1228,Advance,12.5625,12,0,0,5305ac3d12f30b5c,59885fe4473a0355,94800,85b57a1f76422f9c,85b57a1f76422f9c,38bdfab8c8a7a896,24836fc11afa34a9,0,formation_start|t_star
S3,1229,Advance,12.59375,12,0,0,5305ac3d12f30b5c,59885fe4473a0355,94800,85b57a1f76422f9c,85b57a1f76422f9c,38bdfab8c8a7a896,24836fc11afa34a9,0,formation_start|t_star
S3,1230,Advance,12.625,12,0,0,5305ac3d12f30b5c,59885fe4473a0355,94800,85b57a1f76422f9c,85b57a1f76422f9c,38bdfab8c8a7a896,24836fc11afa34a9,0,formation_start|t_star
S3,1231,Advance,12.65625,12,0,0,5305ac3d12f30b5c,59885fe4473a0355,94800,85b57a1f76422f9c,85b57a1f76422f9c,38bdfab8c8a7a896,24836fc11afa34a9,0,formation_start|t_star
S3,1232,Advance,12.6875,12,0,0,5305ac3d12f30b5c,59885fe4473a0355,94800,85b57a1f76422f9c,85b57a1f76422f9c,38bdfab8c8a7a896,24836fc11afa34a9,0,formation_start|t_star
S3,1233,Advance,12.71875,12,0,0,5305ac3d12f30b5c,59885fe4473a0355,94800,85b57a1f76422f9c,85b57a1f76422f9c,38bdfab8c8a7a896,24836fc11afa34a9,0,formation_start|t_star
S3,1234,Advance,12.75,12,0,0,5305ac3d12f30b5c,59885fe4473a0355,94800,85b57a1f76422f9c,85b57a1f76422f9c,38bdfab8c8a7a896,24836fc11afa34a9,0,formation_start|t_star
S3,1235,Advance,12.78125,12,0,0,5305ac3d12f30b5c,59885fe4473a0355,94800,85b57a1f76422f9c,85b57a1f76422f9c,38bdfab8c8a7a896,24836fc11afa34a9,0,formation_start|t_star
S3,1236,Advance,12.8125,12,0,0,5305ac3d12f30b5c,59885fe4473a0355,94800,85b57a1f76422f9c,85b57a1f76422f9c,38bdfab8c8a7a896,24836fc11afa34a9,0,formation_start|t_star
S3,1237,Advance,12.84375,12,0,0,5305ac3d12f30b5c,59885fe4473a0355,94800,85b57a1f76422f9c,85b57a1f76422f9c,38bdfab8c8a7a896,24836fc11afa34a9,0,formation_start|t_star
S3,1238,Advance,12.875,12,0,0,5305ac3d12f30b5c,59885fe4473a0355,94800,85b57a1f76422f9c,85b57a1f76422f9c,38bdfab8c8a7a896,24836fc11afa34a9,0,formation_start|t_star
S3,1239,Advance,12.90625,12,0,0,5305ac3d12f30b5c,59885fe4473a0355,94800,85b57a1f76422f9c,85b57a1f76422f9c,38bdfab8c8a7a896,24836fc11afa34a9,0,formation_start|t_star
S3,1240,Advance,12.9375,12,0,0,5305ac3d12f30b5c,59885fe4473a0355,94800,85b57a1f76422f9c,85b57a1f76422f9c,38bdfab8c8a7a896,24836fc11afa34a9,0,formation_start|t_star
S3,1241,Advance,12.96875,12,0,0,5305ac3d12f30b5c,59885fe4473a0355,94800,85b57a1f76422f9c,85b57a1f76422f9c,38bdfab8c8a7a896,24836fc11afa34a9,0,formation_start|t_star
S3,1242,Advance,13,12,0,0,5305ac3d12f30b5c,59885fe4473a0355,94800,85b57a1f76422f9c,85b57a1f76422f9c,38bdfab8c8a7a896,24836fc11afa34a9,0,formation_start|t_star
S3,1243,Advance,13.03125,12,0,0,5305ac3d12f30b5c,59885fe4473a0355,94800,85b57a1f76422f9c,85b57a1f76422f9c,38bdfab8c8a7a896,24836fc11afa34a9,0,formation_start|t_star
S3,1244,Advance,13.0625,12,0,0,5305ac3d12f30b5c,59885fe4473a0355,94800,85b57a1f76422f9c,85b57a1f76422f9c,38bdfab8c8a7a896,24836fc11afa34a9,0,formation_start|t_star
S3,1245,Advance,13.09375,12,0,0,5305ac3d12f30b5c,59885fe4473a0355,94800,85b57a1f76422f9c,85b57a1f76422f9c,38bdfab8c8a7a896,24836fc11afa34a9,0,formation_start|t_star
S3,1246,Advance,13.125,12,0,0,5305ac3d12f30b5c,59885fe4473a0355,94800,85b57a1f76422f9c,85b57a1f76422f9c,38bdfab8c8a7a896,24836fc11afa34a9,0,formation_start|t_star
S3,1247,Advance,13.15625,12,0,0,5305ac3d12f30b5c,59885fe4473a0355,94800,85b57a1f76422f9c,85b57a1f76422f9c,38bdfab8c8a7a896,24836fc11afa34a9,0,formation_start|t_star
S3,1248,Advance,13.1875,12,0,0,5305ac3d12f30b5c,59885fe4473a0355,94800,85b57a1f76422f9c,85b57a1f76422f9c,38bdfab8c8a7a896,24836fc11afa34a9,0,formation_start|t_star
S3,1249,Advance,13.21875,12,0,0,5305ac3d12f30b5c,59885fe4473a0355,94800,85b57a1f76422f9c,85b57a1f76422f9c,38bdfab8c8a7a896,24836fc11afa34a9,0,formation_start|t_star
S3,1250,Advance,13.25,12,0,0,5305ac3d12f30b5c,59885fe4473a0355,94800,85b57a1f76422f9c,85b57a1f76422f9c,38bdfab8c8a7a896,24836fc11afa34a9,0,formation_start|t_star
S3,1251,Advance,13.28125,12,0,0,5305ac3d12f30b5c,59885fe4473a0355,94800,85b57a1f76422f9c,85b57a1f76422f9c,38bdfab8c8a7a896,24836fc11afa34a9,0,formation_start|t_star
S3,1252,Advance,13.3125,12,0,0,5305ac3d12f30b5c,59885fe4473a0355,94800,85b57a1f76422f9c,85b57a1f76422f9c,38bdfab8c8a7a896,24836fc11afa34a9,0,formation_start|t_star
S3,1253,Advance,13.34375,12,0,0,5305ac3d12f30b5c,59885fe4473a0355,94800,85b57a1f76422f9c,85b57a1f76422f9c,38bdfab8c8a7a896,24836fc11afa34a9,0,formation_start|t_star
S3,1254,Advance,13.375,12,0,0,5305ac3d12f30b5c,59885fe4473a0355,94800,85b57a1f76422f9c,85b57a1f76422f9c,38bdfab8c8a7a896,24836fc11afa34a9,0,formation_start|t_star
S3,1255,Advance,13.40625,12,0,0,5305ac3d12f30b5c,59885fe4473a0355,94800,85b57a1f76422f9c,85b57a1f76422f9c,38bdfab8c8a7a896,24836fc11afa34a9,0,formation_start|t_star
S3,1256,Advance,13.4375,12,0,0,5305ac3d12f30b5c,59885fe4473a0355,94800,85b57a1f76422f9c,85b57a1f76422f9c,38bdfab8c8a7a896,24836fc11afa34a9,0,formation_start|t_star
S3,1257,Advance,13.46875,12,0,0,5305ac3d12f30b5c,59885fe4473a0355,94800,85b57a1f76422f9c,85b57a1f76422f9c,38bdfab8c8a7a896,24836fc11afa34a9,0,formation_start|t_star
S3,1258,Advance,13.5,12,0,0,5305ac3d12f30b5c,59885fe4473a0355,94800,85b57a1f76422f9c,85b57a1f76422f9c,38bdfab8c8a7a896,24836fc11afa34a9,0,formation_start|t_star
S3,1259,Advance,13.53125,12,0,0,5305ac3d12f30b5c,59885fe4473a0355,94800,85b57a1f76422f9c,85b57a1f76422f9c,38bdfab8c8a7a896,24836fc11afa34a9,0,formation_start|t_star
S3,1260,Advance,13.5625,12,0,0,5305ac3d12f30b5c,59885fe4473a0355,94800,85b57a1f76422f9c,85b57a1f76422f9c,38bdfab8c8a7a896,24836fc11afa34a9,0,formation_start|t_star
S3,1261,Advance,13.59375,12,0,0,5305ac3d12f30b5c,59885fe4473a0355,94800,85b57a1f76422f9c,85b57a1f76422f9c,38bdfab8c8a7a896,24836fc11afa34a9,0,formation_start|t_star
S3,1262,Advance,13.625,12,0,0,5305ac3d12f30b5c,59885fe4473a0355,94800,85b57a1f76422f9c,85b57a1f76422f9c,38bdfab8c8a7a896,24836fc11afa34a9,0,formation_start|t_star
S3,1263,Advance,13.65625,12,0,0,5305ac3d12f30b5c,59885fe4473a0355,94800,85b57a1f76422f9c,85b57a1f76422f9c,38bdfab8c8a7a896,24836fc11afa34a9,0,formation_start|t_star
S3,1264,Advance,13.6875,12,0,0,5305ac3d12f30b5c,59885fe4473a0355,94800,85b57a1f76422f9c,85b57a1f76422f9c,38bdfab8c8a7a896,24836fc11afa34a9,0,formation_start|t_star
S3,1265,Advance,13.71875,12,0,0,5305ac3d12f30b5c,59885fe4473a0355,94800,85b57a1f76422f9c,85b57a1f76422f9c,38bdfab8c8a7a896,24836fc11afa34a9,0,formation_start|t_star
S3,1266,Advance,13.75,12,0,0,5305ac3d12f30b5c,59885fe4473a0355,94800,85b57a1f76422f9c,85b57a1f76422f9c,38bdfab8c8a7a896,24836fc11afa34a9,0,formation_start|t_star
S3,1267,Advance,13.78125,12,0,0,5305ac3d12f30b5c,59885fe4473a0355,94800,85b57a1f76422f9c,85b57a1f76422f9c,38bdfab8c8a7a896,24836fc11afa34a9,0,formation_start|t_star
S3,1268,Advance,13.8125,12,0,0,5305ac3d12f30b5c,59885fe4473a0355,94800,85b57a1f76422f9c,85b57a1f76422f9c,38bdfab8c8a7a896,24836fc11afa34a9,0,formation_start|t_star
S3,1269,Advance,13.84375,12,0,0,5305ac3d12f30b5c,59885fe4473a0355,94800,85b57a1f76422f9c,85b57a1f76422f9c,38bdfab8c8a7a896,24836fc11afa34a9,0,formation_start|t_star
S3,1270,Advance,13.875,12,0,0,5305ac3d12f30b5c,59885fe4473a0355,94800,85b57a1f76422f9c,85b57a1f76422f9c,38bdfab8c8a7a896,24836fc11afa34a9,0,formation_start|t_star
S3,1271,Advance,13.90625,12,0,0,5305ac3d12f30b5c,59885fe4473a0355,94800,85b57a1f76422f9c,85b57a1f76422f9c,38bdfab8c8a7a896,24836fc11afa34a9,0,formation_start|t_star
S3,1272,Advance,13.9375,12,0,0,5305ac3d12f30b5c,59885fe4473a0355,94800,85b57a1f76422f9c,85b57a1f76422f9c,38bdfab8c8a7a896,24836fc11afa34a9,0,formation_start|t_star
S3,1273,Advance,13.96875,12,0,0,5305ac3d12f30b5c,59885fe4473a0355,94800,85b57a1f76422f9c,85b57a1f76422f9c,38bdfab8c8a7a896,24836fc11afa34a9,0,formation_start|t_star
S3,1274,Advance,14,12,0,0,5305ac3d12f30b5c,59885fe4473a0355,94800,85b57a1f76422f9c,85b57a1f76422f9c,38bdfab8c8a7a896,24836fc11afa34a9,0,formation_start|t_star|hold_end
S4,1276,Advance,0.03125,0.03125,-7.858003653,0,33e72926208f6c1a,55873fecc61a79e8,0,7b19e6c456e810b9,7b19e6c456e810b9,8480a4431255ae39,ac6b9b6252b7a150,-7.858003653,
S4,1277,Advance,0.0625,0.0625,-7.826753653,0,c78d8b841bf28eef,55873fecc61a79e8,0,6ce1668c00a8ebc5,6ce1668c00a8ebc5,5f31ad7a742a0827,ac6b9b6252b7a150,-7.826753653,
S4,1278,Advance,0.09375,0.09375,-7.795503653,0,50f93342290aca59,55873fecc61a79e8,0,fd17d1cd776175f2,fd17d1cd776175f2,97cd37cea31d2a4a,ac6b9b6252b7a150,-7.795503653,
S4,1279,Advance,0.125,0.125,-7.764253653,0,43f8b93381be665d,55873fecc61a79e8,0,2a6a2cac807e139c,2a6a2cac807e139c,093620dca88516b7,ac6b9b6252b7a150,-7.764253653,
S4,1280,Advance,0.15625,0.15625,-7.733003653,0,ee76f77b368a0bd3,55873fecc61a79e8,0,fa959687b225ccf9,fa959687b225ccf9,949d4da96e1c9e55,ac6b9b6252b7a150,-7.733003653,
S4,1281,Advance,0.1875,0.1875,-7.701753653,0,9b3e57da15ff2091,55873fecc61a79e8,0,fe014cd6a6705201,fe014cd6a6705201,b5f4c9404d267c09,ac6b9b6252b7a150,-7.701753653,
S4,1282,Advance,0.21875,0.21875,-7.670503653,0,3364d2b3ea91d185,55873fecc61a79e8,0,93d8df89fb359e5b,93d8df89fb359e5b,c03015d02c00d76f,ac6b9b6252b7a150,-7.670503653,
S4,1283,Advance,0.25,0.25,-7.639253653,0,e8b9299724e8ac05,55873fecc61a79e8,0,87aa84b472cb0668,87aa84b472cb0668,c32a7e8c9b98a3a7,ac6b9b6252b7a150,-7.639253653,
S4,1284,Advance,0.28125,0.28125,-7.608003653,0,7c28173b4d8f882d,55873fecc61a79e8,0,4724691f6ebd0233,4724691f6ebd0233,5416f1f6130b98ac,ac6b9b6252b7a150,-7.608003653,
S4,1285,Advance,0.3125,0.3125,-7.576753653,0,d28fa50c72389e4c,55873fecc61a79e8,0,56057c142daaf468,56057c142daaf468,a00f99dc6b66c2cb,ac6b9b6252b7a150,-7.576753653,
S4,1286,Advance,0.34375,0.34375,-7.545503653,0,0eb326ad6c113851,55873fecc61a79e8,0,6a5da636386a1673,6a5da636386a1673,29445b06ddb89e35,ac6b9b6252b7a150,-7.545503653,
S4,1287,Advance,0.375,0.375,-7.514253653,0,b658575d901bdf22,55873fecc61a79e8,0,d7bae244c591514b,d7bae244c591514b,6f4db603eae0b178,ac6b9b6252b7a150,-7.514253653,
S4,1288,Advance,0.40625,0.40625,-7.483003653,0,36bc8742d507b43c,55873fecc61a79e8,0,e363ff9bbab18b93,e363ff9bbab18b93,a73083ea7ababa16,ac6b9b6252b7a150,-7.483003653,
S4,1289,Advance,0.4375,0.4375,-7.451753653,0,2a041f2420028433,55873fecc61a79e8,0,b87f885aaf97caa8,b87f885aaf97caa8,adfe52e021e310c2,ac6b9b6252b7a150,-7.451753653,
S4,1290,Advance,0.46875,0.46875,-7.420503653,0,e8ce162ae80daf1f,55873fecc61a79e8,0,cbfc9f707209cde6,cbfc9f707209cde6,f2cd1364ade97d63,ac6b9b6252b7a150,-7.420503653,
S4,1291,Advance,0.5,0.5,-7.389253653,0,2c83e2f886f068e6,55873fecc61a79e8,0,10078762f02238d9,10078762f02238d9,c02f143bbfb6159d,ac6b9b6252b7a150,-7.389253653,
S4,1292,Advance,0.53125,0.53125,-7.358003653,0,092f667824ce109f,55873fecc61a79e8,0,30cced1208b35255,30cced1208b35255,86021fa755252323,ac6b9b6252b7a150,-7.358003653,
S4,1293,Advance,0.5625,0.5625,-7.326753653,0,3ca10923adc15c27,55873fecc61a79e8,0,e0b23b78bb345263,e0b23b78bb345263,ec25acdada19aec6,ac6b9b6252b7a150,-7.326753653,
S4,1294,Advance,0.59375,0.59375,-7.295503653,0,e9c729b56ab380f8,55873fecc61a79e8,0,5018dfa4b82d3349,5018dfa4b82d3349,c3333b19a9e02f13,ac6b9b6252b7a150,-7.295503653,
S4,1295,Advance,0.625,0.625,-7.264253653,0,7302ebd9881575ce,55873fecc61a79e8,0,1f054ff7dc1418ed,1f054ff7dc1418ed,060e14b2ea235af8,ac6b9b6252b7a150,-7.264253653,
S4,1296,Advance,0.65625,0.65625,-7.233003653,0,a6f12a0843b63cd3,55873fecc61a79e8,0,7ee4e4025474e16f,7ee4e4025474e16f,341d6e27e2a7621c,ac6b9b6252b7a150,-7.233003653,
S4,1297,Advance,0.6875,0.6875,-7.201753653,0,1af0e8b82ed4e0ab,55873fecc61a79e8,0,305d0afd9a18386d,305d0afd9a18386d,ee4e81c2492bce19,ac6b9b6252b7a150,-7.201753653,
S4,1298,Advance,0.71875,0.71875,-7.170503653,0,f96c21fb846e39e1,55873fecc61a79e8,0,285f1164f2e47aca,285f1164f2e47aca,1ffff38c3832a731,ac6b9b6252b7a150,-7.170503653,
S4,1299,Advance,0.75,0.75,-7.139253653,0,8451e8dd49173cce,55873fecc61a79e8,0,12aeee830423afd3,12aeee830423afd3,a89142dd476bff8b,ac6b9b6252b7a150,-7.139253653,
S4,1300,Advance,0.78125,0.78125,-7.108003653,0,131038355f7a74e9,55873fecc61a79e8,0,7bfabab702123296,7bfabab702123296,bde68c5a620adbf7,ac6b9b6252b7a150,-7.108003653,
S4,1301,Advance,0.8125,0.8125,-7.076753653,0,9d8b9429478ba1fd,55873fecc61a79e8,0,36f3a3db89c07f4b,36f3a3db89c07f4b,01516b75db61178e,ac6b9b6252b7a150,-7.076753653,
S4,1302,Advance,0.84375,0.84375,-7.045503653,0,13f6d4296f4cc6c7,55873fecc61a79e8,0,7718363de1526b85,7718363de1526b85,26568cf8c7c91a05,ac6b9b6252b7a150,-7.045503653,
S4,1303,Advance,0.875,0.875,-7.014253653,0,ad2fcfa271d7ae52,55873fecc61a79e8,0,9c9cfc524042ffec,9c9cfc524042ffec,efbb290efc14d8a9,ac6b9b6252b7a150,-7.014253653,
S4,1304,Advance,0.90625,0.90625,-6.983003653,0,19dbbc9b3c3f2109,55873fecc61a79e8,0,7eeca61b69825762,7eeca61b69825762,8e3471b87589c56d,ac6b9b6252b7a150,-6.983003653,
S4,1305,Advance,0.9375,0.9375,-6.951753653,0,b363a361df93f4fd,55873fecc61a79e8,0,f9e35cbccaedaadb,f9e35cbccaedaadb,adca1e13cef7e078,ac6b9b6252b7a150,-6.951753653,
S4,1306,Advance,0.96875,0.96875,-6.920503653,0,2b9d6c48b27b26c4,55873fecc61a79e8,0,8fadbe4bfc80f079,8fadbe4bfc80f079,d0c9ade0c15154f8,ac6b9b6252b7a150,-6.920503653,
S4,1307,Advance,1,1,-6.889253653,0,84a2d6b4a2f136f9,55873fecc61a79e8,0,63824ad79910023f,63824ad79910023f,8cf7252e2379ace5,ac6b9b6252b7a150,-6.889253653,
S4,1308,Advance,1.03125,1.03125,-6.858003653,0,10a909b8a93451c4,55873fecc61a79e8,0,e5e92a7b10fbf214,e5e92a7b10fbf214,c924591ad7bbf8f1,ac6b9b6252b7a150,-6.858003653,
S4,1309,Advance,1.0625,1.0625,-6.826753653,0,1b935b27f3a4da42,55873fecc61a79e8,0,8a372fbf000bbae3,8a372fbf000bbae3,573855f2ffedaa6a,ac6b9b6252b7a150,-6.826753653,
S4,1310,Advance,1.09375,1.09375,-6.795503653,0,dd47d0e7eb99fd8a,55873fecc61a79e8,0,451002fcd2326c4d,451002fcd2326c4d,d0586b1b6e02f6c1,ac6b9b6252b7a150,-6.795503653,
S4,1311,Advance,1.125,1.125,-6.764253653,0,70752f894bcb3d52,55873fecc61a79e8,0,d570254533b8299e,d570254533b8299e,171ab36aa9613d57,ac6b9b6252b7a150,-6.764253653,
S4,1312,Advance,1.15625,1.15625,-6.733003653,0,e32932df5f81aa4a,55873fecc61a79e8,0,0515f359c2280093,0515f359c2280093,8bb349921243aa30,ac6b9b6252b7a150,-6.733003653,
S4,1313,Advance,1.1875,1.1875,-6.701753653,0,c92058c9b57647df,55873fecc61a79e8,0,2b467e31afcf3939,2b467e31afcf3939,c59b4d5903753f2f,ac6b9b6252b7a150,-6.701753653,
S4,1314,Advance,1.21875,1.21875,-6.670503653,0,e87371d7c3682a44,55873fecc61a79e8,0,0d67a4c566d3755e,0d67a4c566d3755e,3e5eed5f56e97310,ac6b9b6252b7a150,-6.670503653,
S4,1315,Advance,1.25,1.25,-6.639253653,0,74c438a968a95ea9,55873fecc61a79e8,0,d03092c5d9840b1a,d03092c5d9840b1a,ef849ab10d3ed241,ac6b9b6252b7a150,-6.639253653,
S4,1316,Advance,1.28125,1.28125,-6.608003653,0,feccc3209b8a6a7d,55873fecc61a79e8,0,2b39501220ffb918,2b39501220ffb918,6f195aaadeeb4c7a,ac6b9b6252b7a150,-6.608003653,
S4,1317,Advance,1.3125,1.3125,-6.576753653,0,06efcd6e57377bd1,55873fecc61a79e8,0,be90998cf2ec2ed7,be90998cf2ec2ed7,75bafd136efa25f1,ac6b9b6252b7a150,-6.576753653,
S4,1318,Advance,1.34375,1.34375,-6.545503653,0,ad43f70849e026f8,55873fecc61a79e8,0,3ebafcf66db2221f,3ebafcf66db2221f,6ce8c532d8301ada,ac6b9b6252b7a150,-6.545503653,
S4,1319,Advance,1.375,1.375,-6.514253653,0,3d7a077324a38d55,55873fecc61a79e8,0,526cc5b7254751bb,526cc5b7254751bb,90c7594f7700a460,ac6b9b6252b7a150,-6.514253653,
S4,1320,Advance,1.40625,1.40625,-6.483003653,0,0979933013ad9b6c,55873fecc61a79e8,0,b8f2fc7c2803f06d,b8f2fc7c2803f06d,2e5c55d7dc198588,ac6b9b6252b7a150,-6.483003653,
S4,1321,Advance,1.4375,1.4375,-6.451753653,0,56a16d36e4fa829c,55873fecc61a79e8,0,9792c0c63706183c,9792c0c63706183c,8c2786e2d06d3396,ac6b9b6252b7a150,-6.451753653,
S4,1322,Advance,1.46875,1.46875,-6.420503653,0,aed9ee3655c68166,55873fecc61a79e8,0,d0e8956c3ad6aa89,d0e8956c3ad6aa89,7158ac635c13e556,ac6b9b6252b7a150,-6.420503653,
S4,1323,Advance,1.5,1.5,-6.389253653,0,42bc9862a0699918,55873fecc61a79e8,0,352efaf1bfe30f3c,352efaf1bfe30f3c,96a386de0f1fd865,ac6b9b6252b7a150,-6.389253653,
S4,1324,Advance,1.53125,1.53125,-6.358003653,0,d3500a9fcaeea24f,55873fecc61a79e8,0,90b19e462d87626b,90b19e462d87626b,a811a7c746e33da7,ac6b9b6252b7a150,-6.358003653,
S4,1325,Advance,1.5625,1.5625,-6.326753653,0,72c2b6c841024e8b,55873fecc61a79e8,0,fdce28b3dee57736,fdce28b3dee57736,4175964febc6f735,ac6b9b6252b7a150,-6.326753653,
S4,1326,Advance,1.59375,1.59375,-6.295503653,0,91d3e7539e0546f7,55873fecc61a79e8,0,9e19953aac607d08,9e19953aac607d08,385fec016ed490fc,ac6b9b6252b7a150,-6.295503653,
S4,1327,Advance,1.625,1.625,-6.264253653,0,5365f38b3ca901e0,55873fecc61a79e8,0,1398022745c7f3c8,1398022745c7f3c8,7dd6c2d99e3b2946,ac6b9b6252b7a150,-6.264253653,
S4,1328,Advance,1.65625,1.65625,-6.233003653,0,3291a6e798f90130,55873fecc61a79e8,0,d82f9c1b01ff7c7d,d82f9c1b01ff7c7d,5f879d61c3518a22,ac6b9b6252b7a150,-6.233003653,
S4,1329,Advance,1.6875,1.6875,-6.201753653,0,a0b852293d046b50,55873fecc61a79e8,0,cdf59fd54966a4fd,cdf59fd54966a4fd,beb349786349f7ad,ac6b9b6252b7a150,-6.201753653,
S4,1330,Advance,1.71875,1.71875,-6.170503653,0,3fd50aab6c3f1ada,55873fecc61a79e8,0,2625f1528a7cb1a8,2625f1528a7cb1a8,1d5c3700b03a5cb4,ac6b9b6252b7a150,-6.170503653,
S4,1331,Advance,1.75,1.75,-6.139253653,0,27e5830d14aa6d6e,55873fecc61a79e8,0,2d32bb797f3fd451,2d32bb797f3fd451,92adf70486c34464,ac6b9b6252b7a150,-6.139253653,
S4,1332,Advance,1.78125,1.78125,-6.108003653,0,51c032826e919090,55873fecc61a79e8,0,43f24958de263a02,43f24958de263a02,873a0559b0d9e744,ac6b9b6252b7a150,-6.108003653,
S4,1333,Advance,1.8125,1.8125,-6.076753653,0,f7823c891f8b0fb4,55873fecc61a79e8,0,2c5e206eeefb6cf8,2c5e206eeefb6cf8,399be163eb9ab209,ac6b9b6252b7a150,-6.076753653,
S4,1334,Advance,1.84375,1.84375,-6.045503653,0,053fd5bcebbaea71,55873fecc61a79e8,0,4184131d3d8b5328,4184131d3d8b5328,1ddd6c0e48f06144,ac6b9b6252b7a150,-6.045503653,
S4,1335,Advance,1.875,1.875,-6.014253653,0,5c90cabf67cb0b1c,55873fecc61a79e8,0,746c2f271126a241,746c2f271126a241,db06d9c792701c89,ac6b9b6252b7a150,-6.014253653,
S4,1336,Advance,1.90625,1.90625,-5.983003653,0,2584b4dd74813c85,55873fecc61a79e8,0,050ba1b964b5c3ed,050ba1b964b5c3ed,2969da4c9bfe37ed,ac6b9b6252b7a150,-5.983003653,
S4,1337,Advance,1.9375,1.9375,-5.951753653,0,42e0685539b57ae4,55873fecc61a79e8,0,8fbd63421495089a,8fbd63421495089a,e41d90149010ab16,ac6b9b6252b7a150,-5.951753653,
S4,1338,Advance,1.96875,1.96875,-5.920503653,0,8d4e526fda6dad1f,55873fecc61a79e8,0,075fa85133d6cc20,075fa85133d6cc20,cdfad7bd5e333abb,ac6b9b6252b7a150,-5.920503653,
S4,1339,Advance,2,2,-5.889253653,0,2a81a9bb93278be6,55873fecc61a79e8,0,09e723b186af9ff8,09e723b186af9ff8,c8d05c29da508527,ac6b9b6252b7a150,-5.889253653,formation_start
S4,1343,Advance,10.53125,10.53125,-0.4343750005,0,8bbe041cd992b1f8,433b3b8b4a7bda0e,73225,ff753bde1a023b41,ff753bde1a023b41,ef7870d85f4090d3,c1717ace35e7180d,-0.4343750005,formation_start
S4,1344,Advance,10.5625,10.5625,-0.41875,0,3dbd907aab22f2e6,327c0e113aa7d8e8,74623,146dceebf7c9033f,146dceebf7c9033f,f19dc7b6d7748d49,3d74be79df320eb2,-0.41875,formation_start
S4,1345,Advance,10.59375,10.59375,-0.4031250005,0,7dfd90283617f761,c07bbfb6ff19f8be,75925,4a5d8c9d7e036b41,4a5d8c9d7e036b41,c07cbcffdda02f72,522a86136df66dc0,-0.4031250005,formation_start
S4,1346,Advance,10.625,10.625,-0.3875,0,db54a9b305d85487,631b901b1dd35906,77172,73f165bb7afb33b3,73f165bb7afb33b3,3c7f96f579d257d7,9a7d047a13ea8e12,-0.3875,formation_start
S4,1347,Advance,10.65625,10.65625,-0.3718750005,0,292fd83c9a6ce997,684ac40419fdea09,78437,5b112aefa92dc64d,5b112aefa92dc64d,76cda9e843c6ed4e,5fde3a0ae019e1dc,-0.3718750005,formation_start
S4,1348,Advance,10.6875,10.6875,-0.35625,0,3c5a6f756aa76237,c285d7e25cb68db8,79689,837dabbf41b47ee1,837dabbf41b47ee1,ce7913f6a203850c,400d5addfb5dcf41,-0.35625,formation_start
S4,1349,Advance,10.71875,10.71875,-0.3406250005,0,da20576567bdd05c,060ae7c9c627cb22,80989,baad68d6f8106ad9,baad68d6f8106ad9,765ce2617bbe836f,26ec31e2526d837d,-0.3406250005,formation_start
S4,1350,Advance,10.75,10.75,-0.325,0,49adc9cdd59f1fae,5e213cb90ec9c78c,82225,4e4b6e99481f43f4,4e4b6e99481f43f4,e9de90571b9ce2f2,6ab80c0455f30595,-0.325,formation_start
S4,1351,Advance,10.78125,10.78125,-0.3093750005,0,d301a4da9000ac93,8fc412e5a4688583,83490,b616a50d216f80bf,b616a50d216f80bf,0c3a6a8577989dd7,9e2509e52e74d536,-0.3093750005,formation_start
S4,1352,Advance,10.8125,10.8125,-0.293750675,0,ede4bd590c134f01,c3755686e56da0b8,88953,de6afad670be2602,de6afad670be2602,5da0341a79947e36,b2b2f3c26c2afa0e,-0.293750675,formation_start
S4,1353,Advance,10.84375,10.84375,-0.278153737,0,2d78e686ad3058fa,7b70368365f9f196,89751,47aead19e5f443c3,47aead19e5f443c3,b468009888241320,59d6dfa8cc91a1c4,-0.278153737,formation_start
S4,1354,Advance,10.875,10.875,-0.262641907,0,da6fe180c18e74b4,f03b17b9bf42e923,90501,47f3875e5fe75de9,47f3875e5fe75de9,2af6c7ffa9a3bb94,1aac155a5593aade,-0.262641907,formation_start
S4,1355,Advance,10.90625,10.90625,-0.24727348,0,9f7b1c28e6f70c3a,a14aa44c7937b3e3,91148,335327eeb9814c3e,335327eeb9814c3e,7d3bc0727eed8c05,78ef36d7e7abb714,-0.24727348,formation_start
S4,1356,Advance,10.9375,10.9375,-0.232100928,0,db789bd100bb3694,35fd849353947bde,91759,c624e92b4aceedcb,c624e92b4aceedcb,15d84ef46a8dfb90,1b8bd91731bee605,-0.232100928,formation_start
S4,1357,Advance,10.96875,10.96875,-0.2171768845,0,cb2c319361876c70,040e3af33aaac502,92368,8a5e0d272fead982,8a5e0d272fead982,e85d012ffa60dce4,a16e7032171ee1c9,-0.2171768845,formation_start
S4,1358,Advance,11,11,-0.202546296,0,efca448c0fb1c864,9758411772e3d6f6,92910,c45c0797eb43ecf9,c45c0797eb43ecf9,ecc20c745d34c6d3,bb90c498ed003acd,-0.202546296,formation_start
S4,1359,Advance,11.03125,11.03125,-0.1882560165,0,9e9b13cffc60d473,0c5582a2448773ed,94384,3153c471ef3a6480,3153c471ef3a6480,3ce805569467a1dc,828def6c6978a840,-0.1882560165,formation_start
S4,1360,Advance,11.0625,11.0625,-0.174343586,0,5c353235ddcf771b,c22481950a93b408,94421,40275b5c135b7e05,40275b5c135b7e05,56fa6166e8ae92d1,9788c0ee06545c0e,-0.174343586,formation_start
S4,1361,Advance,11.09375,11.09375,-0.1608499595,0,5432d92686d764dd,3cf9e4d9777ecfd2,94483,65fb395e7fad869d,65fb395e7fad869d,deb8a35fbeadaa5e,2868ed7dffa76976,-0.1608499595,formation_start
S4,1362,Advance,11.125,11.125,-0.147805391,0,2bcb3bfff72e5fdc,f45b449eb88c5828,94518,be887c016ca01140,be887c016ca01140,56a4db37fce67b49,1ec27554c2481e5d,-0.147805391,formation_start
S4,1363,Advance,11.15625,11.15625,-0.1352448165,0,7d2963f998419838,1a632d86d9440e7d,94548,eab9cd41a2def743,eab9cd41a2def743,ac857c1b403846fd,e0766c9ab23c2278,-0.1352448165,formation_start
S4,1364,Advance,11.1875,11.1875,-0.123191321,0,37a5ed0de8fb89d5,ae1a91a5f8daaa57,94591,9d0d85d3f8fcb58a,9d0d85d3f8fcb58a,d1c673446f70ddf1,f5220a80560ecc65,-0.123191321,formation_start
S4,1365,Advance,11.21875,11.21875,-0.111673708,0,c0fd57692f84de68,c8cc06c4b583fdd1,94618,37e4e2aae021300c,37e4e2aae021300c,9bca30e0d7cfc7ff,6a7a056e40c02564,-0.111673708,formation_start
S4,1366,Advance,11.25,11.25,-0.100708008,0,33caa39077d13469,8b366ab650aa54b1,94645,bed5baecdc464085,bed5baecdc464085,09c25667e6da4ca2,b0aab2dfbd80d32b,-0.100708008,formation_start
S4,1367,Advance,11.28125,11.28125,-0.090316772,0,b32e0568d4ecbbd3,59885fe4473a0355,94800,13e0116a8fd321a5,13e0116a8fd321a5,57365a2e1bc55374,5ee76a8650c09836,-0.090316772,formation_start
S4,1368,Advance,11.3125,11.3125,-0.080509097,0,e97f7975f3b67427,59885fe4473a0355,94800,8af7a7cec923eba8,8af7a7cec923eba8,e0c1efc2341b0740,bc68422fd0d67e4a,-0.080509097,formation_start
S4,1369,Advance,11.34375,11.34375,-0.0713011655,0,3bdd199f906851f8,59885fe4473a0355,94800,7cbb8e3b1fdbc34d,7cbb8e3b1fdbc34d,b78e912bbee88f36,add2dffe75315dd0,-0.0713011655,formation_start
S4,1370,Advance,11.375,11.375,-0.062695256,0,19214893bc78254e,59885fe4473a0355,94800,d1ff24d83e78b885,d1ff24d83e78b885,61b5b9e3adb9e2a2,e35c14bedce8c185,-0.062695256,formation_start
S4,1371,Advance,11.40625,11.40625,-0.054701063,0,9c14bb76a3941c0d,59885fe4473a0355,94800,cbfb63a78a6f96d7,cbfb63a78a6f96d7,9c5d4e2d6a442f7c,6ee0b5864bd38984,-0.054701063,formation_start
S4,1372,Advance,11.4375,11.4375,-0.047314167,0,7f4b0279e3d76a95,59885fe4473a0355,94800,19a6ebcd62cba58e,19a6ebcd62cba58e,60f9e7150a65f4d5,6eb7c42663a062c3,-0.047314167,formation_start
S4,1373,Advance,11.46875,11.46875,-0.040537657000000005,0,9f60ee4d7420d5e4,59885fe4473a0355,94800,6f255e004d10d6d5,6f255e004d10d6d5,e21f03c0bab65da7,a02cc98309fd0a9d,-0.040537657000000005,formation_start
S4,1374,Advance,11.5,11.5,-0.034360532,0,ddb817e3c5f80182,59885fe4473a0355,94800,b8f7c2beb781acb3,b8f7c2beb781acb3,97b3485798c9b7de,cafba149996f4d80,-0.034360532,formation_start
S4,1375,Advance,11.53125,11.53125,-0.028779159,0,aacd1eb31ba9837f,59885fe4473a0355,94800,9e8369397952dfa0,9e8369397952dfa0,910d6b878446d423,4b203a06c27a06bf,-0.028779159,formation_start
S4,1376,Advance,11.5625,11.5625,-0.023776072,0,767723ede4d14365,59885fe4473a0355,94800,621e33a5c9c8256f,621e33a5c9c8256f,28fdd6c3ae98fdc8,35179117b92f3599,-0.023776072,formation_start
S4,1377,Advance,11.59375,11.59375,-0.0193407975,0,5bf534c801b49b1c,59885fe4473a0355,94800,cfb88a1758f5f23b,cfb88a1758f5f23b,ac7718e058e74c6c,0853cb7265b33793,-0.0193407975,formation_start
S4,1378,Advance,11.625,11.625,-0.015449524,0,6899d5f64d237526,59885fe4473a0355,94800,65eaf8e17c28f8c6,65eaf8e17c28f8c6,68319762b54531fa,8b8b3266f626b033,-0.015449524,formation_start
S4,1379,Advance,11.65625,11.65625,-0.0120848195,0,4be63a63f6efaf4b,59885fe4473a0355,94800,bf6e2f7ce1433a1d,bf6e2f7ce1433a1d,0b1d18c990be7b00,c403ac336962aa7d,-0.0120848195,formation_start
S4,1380,Advance,11.6875,11.6875,-0.009216644,0,c0ff6fa2f82574e6,59885fe4473a0355,94800,24f12e27add61164,24f12e27add61164,866539769ee29911,aff7464433dfa84c,-0.009216644,formation_start
S4,1381,Advance,11.71875,11.71875,-0.00682049,0,71d24f5ae84ac4ae,59885fe4473a0355,94800,df64ef38bcd8a0a3,df64ef38bcd8a0a3,ccf4e79e1d852c87,1f137baedb4ade1d,-0.00682049,formation_start
S4,1382,Advance,11.75,11.75,-0.004860207,0,093b833047b96bb3,59885fe4473a0355,94800,4e1228578fd262db,4e1228578fd262db,5d1f58146301efee,4d74986c4b687aaa,-0.004860207,formation_start
S4,1383,Advance,11.78125,11.78125,-0.0033040925,0,912cd86c50cf2c8f,59885fe4473a0355,94800,3a104c7ddb04f874,3a104c7ddb04f874,8f31d3a6eab92450,02989c3b68bc9a5e,-0.0033040925,formation_start
S4,1384,Advance,11.8125,11.8125,-0.002110004,0,8a3b3228357d5155,59885fe4473a0355,94800,c6e8989ba555d3b4,c6e8989ba555d3b4,4f173d8d0e384e19,26ad5adc8f7b3a27,-0.002110004,formation_start
S4,1385,Advance,11.84375,11.84375,-0.0012389285,0,154c014a19063fcc,59885fe4473a0355,94800,4425d948eed5ffcf,4425d948eed5ffcf,66cbbd04cf2a71a7,72b92b0351ec41e8,-0.0012389285,formation_start
S4,1386,Advance,11.875,11.875,-0.000642847,0,2ba901dc91d029d7,59885fe4473a0355,94800,42b9727ef743fae3,42b9727ef743fae3,c70324b6e91ce1fb,5fd0a3d7c03df93a,-0.000642847,formation_start
S4,1387,Advance,11.90625,11.90625,-0.00027531699999999997,0,708b9192c8ab4d2f,59885fe4473a0355,94800,4c7e690fb5169170,4c7e690fb5169170,98f4ecbdfc3a67ab,7a55064b6cd91206,-0.00027531699999999997,formation_start
S4,1388,Advance,11.9375,11.9375,-8.2563E-05,0,ccf0d6dab1165aac,59885fe4473a0355,94800,d6d8dc437d8ab293,d6d8dc437d8ab293,c2327a2d6a9974ee,8d10089142fef5a4,-8.2563E-05,formation_start
S4,1389,Advance,11.96875,11.96875,-1.0596E-05,0,2a5350f766a72c8a,59885fe4473a0355,94800,adf034544c4a182f,adf034544c4a182f,d64a06224bdfc743,1009389c3da51edc,-1.0596E-05,formation_start
S4,1390,Advance,12,12,0,0,5305ac3d12f30b5c,59885fe4473a0355,94800,85b57a1f76422f9c,85b57a1f76422f9c,38bdfab8c8a7a896,24836fc11afa34a9,0,formation_start|t_star
S4,1391,Advance,12.03125,12,0,0,5305ac3d12f30b5c,59885fe4473a0355,94800,85b57a1f76422f9c,85b57a1f76422f9c,38bdfab8c8a7a896,24836fc11afa34a9,0,formation_start|t_star
S4,1392,Advance,12.0625,12,0,0,5305ac3d12f30b5c,59885fe4473a0355,94800,85b57a1f76422f9c,85b57a1f76422f9c,38bdfab8c8a7a896,24836fc11afa34a9,0,formation_start|t_star
S4,1393,Advance,12.09375,12,0,0,5305ac3d12f30b5c,59885fe4473a0355,94800,85b57a1f76422f9c,85b57a1f76422f9c,38bdfab8c8a7a896,24836fc11afa34a9,0,formation_start|t_star
S4,1394,Advance,12.125,12,0,0,5305ac3d12f30b5c,59885fe4473a0355,94800,85b57a1f76422f9c,85b57a1f76422f9c,38bdfab8c8a7a896,24836fc11afa34a9,0,formation_start|t_star
S4,1395,Advance,12.15625,12,0,0,5305ac3d12f30b5c,59885fe4473a0355,94800,85b57a1f76422f9c,85b57a1f76422f9c,38bdfab8c8a7a896,24836fc11afa34a9,0,formation_start|t_star
S4,1396,Advance,12.1875,12,0,0,5305ac3d12f30b5c,59885fe4473a0355,94800,85b57a1f76422f9c,85b57a1f76422f9c,38bdfab8c8a7a896,24836fc11afa34a9,0,formation_start|t_star
S4,1397,Advance,12.21875,12,0,0,5305ac3d12f30b5c,59885fe4473a0355,94800,85b57a1f76422f9c,85b57a1f76422f9c,38bdfab8c8a7a896,24836fc11afa34a9,0,formation_start|t_star
S4,1398,Advance,12.25,12,0,0,5305ac3d12f30b5c,59885fe4473a0355,94800,85b57a1f76422f9c,85b57a1f76422f9c,38bdfab8c8a7a896,24836fc11afa34a9,0,formation_start|t_star
S4,1399,Advance,12.28125,12,0,0,5305ac3d12f30b5c,59885fe4473a0355,94800,85b57a1f76422f9c,85b57a1f76422f9c,38bdfab8c8a7a896,24836fc11afa34a9,0,formation_start|t_star
S4,1400,Advance,12.3125,12,0,0,5305ac3d12f30b5c,59885fe4473a0355,94800,85b57a1f76422f9c,85b57a1f76422f9c,38bdfab8c8a7a896,24836fc11afa34a9,0,formation_start|t_star
S4,1401,Advance,12.34375,12,0,0,5305ac3d12f30b5c,59885fe4473a0355,94800,85b57a1f76422f9c,85b57a1f76422f9c,38bdfab8c8a7a896,24836fc11afa34a9,0,formation_start|t_star
S4,1402,Advance,12.375,12,0,0,5305ac3d12f30b5c,59885fe4473a0355,94800,85b57a1f76422f9c,85b57a1f76422f9c,38bdfab8c8a7a896,24836fc11afa34a9,0,formation_start|t_star
S4,1403,Advance,12.40625,12,0,0,5305ac3d12f30b5c,59885fe4473a0355,94800,85b57a1f76422f9c,85b57a1f76422f9c,38bdfab8c8a7a896,24836fc11afa34a9,0,formation_start|t_star
S4,1404,Advance,12.4375,12,0,0,5305ac3d12f30b5c,59885fe4473a0355,94800,85b57a1f76422f9c,85b57a1f76422f9c,38bdfab8c8a7a896,24836fc11afa34a9,0,formation_start|t_star
S4,1405,Advance,12.46875,12,0,0,5305ac3d12f30b5c,59885fe4473a0355,94800,85b57a1f76422f9c,85b57a1f76422f9c,38bdfab8c8a7a896,24836fc11afa34a9,0,formation_start|t_star
S4,1406,Advance,12.5,12,0,0,5305ac3d12f30b5c,59885fe4473a0355,94800,85b57a1f76422f9c,85b57a1f76422f9c,38bdfab8c8a7a896,24836fc11afa34a9,0,formation_start|t_star
S4,1407,Advance,12.53125,12,0,0,5305ac3d12f30b5c,59885fe4473a0355,94800,85b57a1f76422f9c,85b57a1f76422f9c,38bdfab8c8a7a896,24836fc11afa34a9,0,formation_start|t_star
S4,1408,Advance,12.5625,12,0,0,5305ac3d12f30b5c,59885fe4473a0355,94800,85b57a1f76422f9c,85b57a1f76422f9c,38bdfab8c8a7a896,24836fc11afa34a9,0,formation_start|t_star
S4,1409,Advance,12.59375,12,0,0,5305ac3d12f30b5c,59885fe4473a0355,94800,85b57a1f76422f9c,85b57a1f76422f9c,38bdfab8c8a7a896,24836fc11afa34a9,0,formation_start|t_star
S4,1410,Advance,12.625,12,0,0,5305ac3d12f30b5c,59885fe4473a0355,94800,85b57a1f76422f9c,85b57a1f76422f9c,38bdfab8c8a7a896,24836fc11afa34a9,0,formation_start|t_star
S4,1411,Advance,12.65625,12,0,0,5305ac3d12f30b5c,59885fe4473a0355,94800,85b57a1f76422f9c,85b57a1f76422f9c,38bdfab8c8a7a896,24836fc11afa34a9,0,formation_start|t_star
S4,1412,Advance,12.6875,12,0,0,5305ac3d12f30b5c,59885fe4473a0355,94800,85b57a1f76422f9c,85b57a1f76422f9c,38bdfab8c8a7a896,24836fc11afa34a9,0,formation_start|t_star
S4,1413,Advance,12.71875,12,0,0,5305ac3d12f30b5c,59885fe4473a0355,94800,85b57a1f76422f9c,85b57a1f76422f9c,38bdfab8c8a7a896,24836fc11afa34a9,0,formation_start|t_star
S4,1414,Advance,12.75,12,0,0,5305ac3d12f30b5c,59885fe4473a0355,94800,85b57a1f76422f9c,85b57a1f76422f9c,38bdfab8c8a7a896,24836fc11afa34a9,0,formation_start|t_star
S4,1415,Advance,12.78125,12,0,0,5305ac3d12f30b5c,59885fe4473a0355,94800,85b57a1f76422f9c,85b57a1f76422f9c,38bdfab8c8a7a896,24836fc11afa34a9,0,formation_start|t_star
S4,1416,Advance,12.8125,12,0,0,5305ac3d12f30b5c,59885fe4473a0355,94800,85b57a1f76422f9c,85b57a1f76422f9c,38bdfab8c8a7a896,24836fc11afa34a9,0,formation_start|t_star
S4,1417,Advance,12.84375,12,0,0,5305ac3d12f30b5c,59885fe4473a0355,94800,85b57a1f76422f9c,85b57a1f76422f9c,38bdfab8c8a7a896,24836fc11afa34a9,0,formation_start|t_star
S4,1418,Advance,12.875,12,0,0,5305ac3d12f30b5c,59885fe4473a0355,94800,85b57a1f76422f9c,85b57a1f76422f9c,38bdfab8c8a7a896,24836fc11afa34a9,0,formation_start|t_star
S4,1419,Advance,12.90625,12,0,0,5305ac3d12f30b5c,59885fe4473a0355,94800,85b57a1f76422f9c,85b57a1f76422f9c,38bdfab8c8a7a896,24836fc11afa34a9,0,formation_start|t_star
S4,1420,Advance,12.9375,12,0,0,5305ac3d12f30b5c,59885fe4473a0355,94800,85b57a1f76422f9c,85b57a1f76422f9c,38bdfab8c8a7a896,24836fc11afa34a9,0,formation_start|t_star
S4,1421,Advance,12.96875,12,0,0,5305ac3d12f30b5c,59885fe4473a0355,94800,85b57a1f76422f9c,85b57a1f76422f9c,38bdfab8c8a7a896,24836fc11afa34a9,0,formation_start|t_star
S4,1422,Advance,13,12,0,0,5305ac3d12f30b5c,59885fe4473a0355,94800,85b57a1f76422f9c,85b57a1f76422f9c,38bdfab8c8a7a896,24836fc11afa34a9,0,formation_start|t_star
