frame,deltaTime,state,advance_before_physics,exp,wave,step,early_ticks,step_kind,pb_t,pb_tau,claw_t,spray_t,boat_tau,sync_bad,fixed_this_frame,fixed_count_this_frame,fixed_tau,fixed_lag_frames,events_fired,events_skipped,stage
1,0.0199999921,Running,1,0.019999992102384567,0.019999992102384567,2,1,Advance,0.019999992102384567,-7.8692536608976154,0.019999992102384567,0.019999992102384567,-7.8692536608976154,0,0,0,null,,0,0,0
2,0.0199999865,Running,1,0.039999978616833687,0.039999978616833687,3,2,Advance,0.039999978616833687,-7.8492536743831662,0.039999978616833687,0.039999978616833687,-7.8492536743831662,0,0,0,null,,0,0,0
3,0.0199999865,Running,1,0.059999965131282806,0.059999965131282806,4,3,Advance,0.059999965131282806,-7.8292536878687171,0.059999965131282806,0.059999965131282806,-7.8292536878687171,0,1,1,-7.8292536878687171,0,0,0,0
4,0.0199999865,Running,1,0.079999951645731926,0.079999951645731926,5,4,Advance,0.079999951645731926,-7.809253701354268,0.079999951645731926,0.079999951645731926,-7.809253701354268,0,1,1,-7.809253701354268,0,0,0,0
5,0.0199999865,Running,1,0.099999938160181046,0.099999938160181046,6,5,Advance,0.099999938160181046,-7.7892537148398189,0.099999938160181046,0.099999938160181046,-7.7892537148398189,0,1,1,-7.7892537148398189,0,0,0,0
6,0.0199999865,Running,1,0.11999992467463017,0.11999992467463017,7,6,Advance,0.11999992467463017,-7.76925372832537,0.11999992467463017,0.11999992467463017,-7.76925372832537,0,1,1,-7.76925372832537,0,0,0,0
7,0.0199999865,Running,1,0.13999991118907928,0.13999991118907928,8,7,Advance,0.13999991118907928,-7.7492537418109206,0.13999991118907928,0.13999991118907928,-7.7492537418109206,0,1,1,-7.7492537418109206,0,0,0,0
8,0.0199999865,Running,1,0.1599998977035284,0.1599998977035284,9,8,Advance,0.1599998977035284,-7.7292537552964715,0.1599998977035284,0.1599998977035284,-7.7292537552964715,0,1,1,-7.7292537552964715,0,0,0,0
9,0.0199999865,Running,1,0.17999988421797752,0.17999988421797752,10,9,Advance,0.17999988421797752,-7.7092537687820224,0.17999988421797752,0.17999988421797752,-7.7092537687820224,0,1,1,-7.7092537687820224,0,0,0,0
10,0.0199999865,Running,1,0.19999987073242664,0.19999987073242664,11,10,Advance,0.19999987073242664,-7.6892537822675733,0.19999987073242664,0.19999987073242664,-7.6892537822675733,0,1,1,-7.6892537822675733,0,0,0,0
11,0.0199999865,Running,1,0.21999985724687576,0.21999985724687576,12,11,Advance,0.21999985724687576,-7.6692537957531242,0.21999985724687576,0.21999985724687576,-7.6692537957531242,0,1,1,-7.6692537957531242,0,0,0,0
12,0.0199999865,Running,1,0.23999984376132488,0.23999984376132488,13,12,Advance,0.23999984376132488,-7.649253809238675,0.23999984376132488,0.23999984376132488,-7.649253809238675,0,1,1,-7.649253809238675,0,0,0,0
13,0.0199999865,Running,1,0.259999830275774,0.259999830275774,14,13,Advance,0.259999830275774,-7.6292538227242259,0.259999830275774,0.259999830275774,-7.6292538227242259,0,1,1,-7.6292538227242259,0,0,0,0
14,0.0199999865,Running,1,0.27999981679022312,0.27999981679022312,15,14,Advance,0.27999981679022312,-7.6092538362097768,0.27999981679022312,0.27999981679022312,-7.6092538362097768,0,1,1,-7.6092538362097768,0,0,0,0
15,0.0199999865,Running,1,0.29999980330467224,0.29999980330467224,16,15,Advance,0.29999980330467224,-7.5892538496953277,0.29999980330467224,0.29999980330467224,-7.5892538496953277,0,1,1,-7.5892538496953277,0,0,0,0
16,0.0199999865,Running,1,0.31999978981912136,0.31999978981912136,17,16,Advance,0.31999978981912136,-7.5692538631808794,0.31999978981912136,0.31999978981912136,-7.5692538631808794,0,1,1,-7.5692538631808794,0,0,0,0
17,0.0199999865,Running,1,0.33999977633357048,0.33999977633357048,18,17,Advance,0.33999977633357048,-7.5492538766664294,0.33999977633357048,0.33999977633357048,-7.5492538766664294,0,1,1,-7.5492538766664294,0,0,0,0
18,0.0199999865,Running,1,0.3599997628480196,0.3599997628480196,19,18,Advance,0.3599997628480196,-7.52925389015198,0.3599997628480196,0.3599997628480196,-7.52925389015198,0,1,1,-7.52925389015198,0,0,0,0
19,0.0199999865,Running,1,0.37999974936246872,0.37999974936246872,20,19,Advance,0.37999974936246872,-7.5092539036375312,0.37999974936246872,0.37999974936246872,-7.5092539036375312,0,1,1,-7.5092539036375312,0,0,0,0
20,0.0199999865,Running,1,0.39999973587691784,0.39999973587691784,21,20,Advance,0.39999973587691784,-7.4892539171230821,0.39999973587691784,0.39999973587691784,-7.4892539171230821,0,1,1,-7.4892539171230821,0,0,0,0
21,0.0199999865,Running,1,0.41999972239136696,0.41999972239136696,22,21,Advance,0.41999972239136696,-7.469253930608633,0.41999972239136696,0.41999972239136696,-7.469253930608633,0,1,1,-7.469253930608633,0,0,0,0
22,0.0199999865,Running,1,0.43999970890581608,0.43999970890581608,23,22,Advance,0.43999970890581608,-7.4492539440941838,0.43999970890581608,0.43999970890581608,-7.4492539440941838,0,1,1,-7.4492539440941838,0,0,0,0
23,0.0199999865,Running,1,0.4599996954202652,0.4599996954202652,24,23,Advance,0.4599996954202652,-7.4292539575797347,0.4599996954202652,0.4599996954202652,-7.4292539575797347,0,1,1,-7.4292539575797347,0,0,0,0
24,0.0199999865,Running,1,0.47999968193471432,0.47999968193471432,25,24,Advance,0.47999968193471432,-7.4092539710652856,0.47999968193471432,0.47999968193471432,-7.4092539710652856,0,1,1,-7.4092539710652856,0,0,0,0
25,0.0199999865,Running,1,0.49999966844916344,0.49999966844916344,26,25,Advance,0.49999966844916344,-7.3892539845508365,0.49999966844916344,0.49999966844916344,-7.3892539845508365,0,1,1,-7.3892539845508365,0,0,0,0
26,0.0199999865,Running,1,0.51999965496361256,0.51999965496361256,27,26,Advance,0.51999965496361256,-7.3692539980363874,0.51999965496361256,0.51999965496361256,-7.3692539980363874,0,1,1,-7.3692539980363874,0,0,0,0
27,0.0199999865,Running,1,0.53999964147806168,0.53999964147806168,28,27,Advance,0.53999964147806168,-7.3492540115219382,0.53999964147806168,0.53999964147806168,-7.3492540115219382,0,1,1,-7.3492540115219382,0,0,0,0
28,0.0199999865,Running,1,0.5599996279925108,0.5599996279925108,29,28,Advance,0.5599996279925108,-7.3292540250074891,0.5599996279925108,0.5599996279925108,-7.3292540250074891,0,1,1,-7.3292540250074891,0,0,0,0
29,0.0199999865,Running,1,0.57999961450695992,0.57999961450695992,30,29,Advance,0.57999961450695992,-7.30925403849304,0.57999961450695992,0.57999961450695992,-7.30925403849304,0,1,1,-7.30925403849304,0,0,0,0
30,0.0199999865,Running,1,0.599999601021409,0.599999601021409,31,30,Advance,0.599999601021409,-7.2892540519785909,0.599999601021409,0.599999601021409,-7.2892540519785909,0,1,1,-7.2892540519785909,0,0,0,0
31,0.0199999865,Running,1,0.61999958753585815,0.61999958753585815,32,31,Advance,0.61999958753585815,-7.2692540654641418,0.61999958753585815,0.61999958753585815,-7.2692540654641418,0,1,1,-7.2692540654641418,0,0,0,0
32,0.0199999865,Running,1,0.63999957405030727,0.63999957405030727,33,32,Advance,0.63999957405030727,-7.2492540789496926,0.63999957405030727,0.63999957405030727,-7.2492540789496926,0,1,1,-7.2492540789496926,0,0,0,0
33,0.0199999865,Running,1,0.65999956056475639,0.65999956056475639,34,33,Advance,0.65999956056475639,-7.2292540924352435,0.65999956056475639,0.65999956056475639,-7.2292540924352435,0,1,1,-7.2292540924352435,0,0,0,0
34,0.0199999865,Running,1,0.67999954707920551,0.67999954707920551,35,34,Advance,0.67999954707920551,-7.2092541059207944,0.67999954707920551,0.67999954707920551,-7.2092541059207944,0,1,1,-7.2092541059207944,0,0,0,0
35,0.0199999865,Running,1,0.69999953359365463,0.69999953359365463,36,35,Advance,0.69999953359365463,-7.1892541194063453,0.69999953359365463,0.69999953359365463,-7.1892541194063453,0,1,1,-7.1892541194063453,0,0,0,0
36,0.0199999865,Running,1,0.71999952010810375,0.71999952010810375,37,36,Advance,0.71999952010810375,-7.1692541328918962,0.71999952010810375,0.71999952010810375,-7.1692541328918962,0,1,1,-7.1692541328918962,0,0,0,0
37,0.0199999865,Running,1,0.73999950662255287,0.73999950662255287,38,37,Advance,0.73999950662255287,-7.1492541463774471,0.73999950662255287,0.73999950662255287,-7.1492541463774471,0,1,1,-7.1492541463774471,0,0,0,0
38,0.0199999865,Running,1,0.759999493137002,0.759999493137002,39,38,Advance,0.759999493137002,-7.1292541598629979,0.759999493137002,0.759999493137002,-7.1292541598629979,0,1,1,-7.1292541598629979,0,0,0,0
39,0.0199999865,Running,1,0.77999947965145111,0.77999947965145111,40,39,Advance,0.77999947965145111,-7.1092541733485488,0.77999947965145111,0.77999947965145111,-7.1092541733485488,0,1,1,-7.1092541733485488,0,0,0,0
40,0.0199999865,Running,1,0.79999946616590023,0.79999946616590023,41,40,Advance,0.79999946616590023,-7.0892541868341,0.79999946616590023,0.79999946616590023,-7.0892541868341,0,1,1,-7.0892541868341,0,0,0,0
41,0.0199999865,Running,1,0.81999945268034935,0.81999945268034935,42,41,Advance,0.81999945268034935,-7.0692542003196515,0.81999945268034935,0.81999945268034935,-7.0692542003196515,0,1,1,-7.0692542003196515,0,0,0,0
42,0.0199999865,Running,1,0.83999943919479847,0.83999943919479847,43,42,Advance,0.83999943919479847,-7.0492542138052015,0.83999943919479847,0.83999943919479847,-7.0492542138052015,0,1,1,-7.0492542138052015,0,0,0,0
43,0.0199999865,Running,1,0.85999942570924759,0.85999942570924759,44,43,Advance,0.85999942570924759,-7.0292542272907523,0.85999942570924759,0.85999942570924759,-7.0292542272907523,0,1,1,-7.0292542272907523,0,0,0,0
44,0.0199999865,Running,1,0.87999941222369671,0.87999941222369671,45,44,Advance,0.87999941222369671,-7.0092542407763032,0.87999941222369671,0.87999941222369671,-7.0092542407763032,0,1,1,-7.0092542407763032,0,0,0,0
45,0.0199999865,Running,1,0.89999939873814583,0.89999939873814583,46,45,Advance,0.89999939873814583,-6.9892542542618541,0.89999939873814583,0.89999939873814583,-6.9892542542618541,0,1,1,-6.9892542542618541,0,0,0,0
46,0.0199999865,Running,1,0.919999385252595,0.919999385252595,47,46,Advance,0.919999385252595,-6.969254267747405,0.919999385252595,0.919999385252595,-6.969254267747405,0,1,1,-6.969254267747405,0,0,0,0
47,0.0199999865,Running,1,0.93999937176704407,0.93999937176704407,48,47,Advance,0.93999937176704407,-6.9492542812329559,0.93999937176704407,0.93999937176704407,-6.9492542812329559,0,1,1,-6.9492542812329559,0,0,0,0
48,0.0199999865,Running,1,0.95999935828149319,0.95999935828149319,49,48,Advance,0.95999935828149319,-6.9292542947185067,0.95999935828149319,0.95999935828149319,-6.9292542947185067,0,1,1,-6.9292542947185067,0,0,0,0
49,0.0199999865,Running,1,0.97999934479594231,0.97999934479594231,50,49,Advance,0.97999934479594231,-6.9092543082040576,0.97999934479594231,0.97999934479594231,-6.9092543082040576,0,1,1,-6.9092543082040576,0,0,0,0
50,0.0199999865,Running,1,0.99999933131039143,0.99999933131039143,51,50,Advance,0.99999933131039143,-6.8892543216896085,0.99999933131039143,0.99999933131039143,-6.8892543216896085,0,1,1,-6.8892543216896085,0,0,0,0
51,0.0199999865,Running,1,1.0199993178248405,1.0199993178248405,52,51,Advance,1.0199993178248405,-6.8692543351751594,1.0199993178248405,1.0199993178248405,-6.8692543351751594,0,1,1,-6.8692543351751594,0,0,0,0
52,0.0199999865,Running,1,1.0399993043392897,1.0399993043392897,53,52,Advance,1.0399993043392897,-6.84925434866071,1.0399993043392897,1.0399993043392897,-6.84925434866071,0,1,1,-6.84925434866071,0,0,0,0
53,0.0199999865,Running,1,1.0599992908537388,1.0599992908537388,54,53,Advance,1.0599992908537388,-6.8292543621462611,1.0599992908537388,1.0599992908537388,-6.8292543621462611,0,1,1,-6.8292543621462611,0,0,0,0
54,0.0199999865,Running,1,1.0799992773681879,1.0799992773681879,55,54,Advance,1.0799992773681879,-6.809254375631812,1.0799992773681879,1.0799992773681879,-6.809254375631812,0,1,1,-6.809254375631812,0,0,0,0
55,0.0199999865,Running,1,1.099999263882637,1.099999263882637,56,55,Advance,1.099999263882637,-6.7892543891173638,1.099999263882637,1.099999263882637,-6.7892543891173638,0,1,1,-6.7892543891173638,0,0,0,0
56,0.0199999865,Running,1,1.1199992503970861,1.1199992503970861,57,56,Advance,1.1199992503970861,-6.7692544026029138,1.1199992503970861,1.1199992503970861,-6.7692544026029138,0,1,1,-6.7692544026029138,0,0,0,0
57,0.0199999865,Running,1,1.1399992369115353,1.1399992369115353,58,57,Advance,1.1399992369115353,-6.7492544160884647,1.1399992369115353,1.1399992369115353,-6.7492544160884647,0,1,1,-6.7492544160884647,0,0,0,0
58,0.0199999865,Running,1,1.1599992234259844,1.1599992234259844,59,58,Advance,1.1599992234259844,-6.7292544295740155,1.1599992234259844,1.1599992234259844,-6.7292544295740155,0,1,1,-6.7292544295740155,0,0,0,0
59,0.0199999865,Running,1,1.1799992099404335,1.1799992099404335,60,59,Advance,1.1799992099404335,-6.7092544430595664,1.1799992099404335,1.1799992099404335,-6.7092544430595664,0,1,1,-6.7092544430595664,0,0,0,0
60,0.0199999865,Running,1,1.1999991964548826,1.1999991964548826,61,60,Advance,1.1999991964548826,-6.6892544565451173,1.1999991964548826,1.1999991964548826,-6.6892544565451173,0,1,1,-6.6892544565451173,0,0,0,0
61,0.0199999865,Running,1,1.2199991829693317,1.2199991829693317,62,61,Advance,1.2199991829693317,-6.6692544700306682,1.2199991829693317,1.2199991829693317,-6.6692544700306682,0,1,1,-6.6692544700306682,0,0,0,0
62,0.0199999865,Running,1,1.2399991694837809,1.2399991694837809,63,62,Advance,1.2399991694837809,-6.6492544835162191,1.2399991694837809,1.2399991694837809,-6.6492544835162191,0,1,1,-6.6492544835162191,0,0,0,0
63,0.0199999865,Running,1,1.25999915599823,1.25999915599823,64,63,Advance,1.25999915599823,-6.62925449700177,1.25999915599823,1.25999915599823,-6.62925449700177,0,1,1,-6.62925449700177,0,0,0,0
64,0.0199999865,Running,1,1.2799991425126791,1.2799991425126791,65,64,Advance,1.2799991425126791,-6.6092545104873208,1.2799991425126791,1.2799991425126791,-6.6092545104873208,0,1,1,-6.6092545104873208,0,0,0,0
65,0.0199999865,Running,1,1.2999991290271282,1.2999991290271282,66,65,Advance,1.2999991290271282,-6.5892545239728717,1.2999991290271282,1.2999991290271282,-6.5892545239728717,0,1,1,-6.5892545239728717,0,0,0,0
66,0.0199999865,Running,1,1.3199991155415773,1.3199991155415773,67,66,Advance,1.3199991155415773,-6.5692545374584226,1.3199991155415773,1.3199991155415773,-6.5692545374584226,0,1,1,-6.5692545374584226,0,0,0,0
67,0.0199999865,Running,1,1.3399991020560265,1.3399991020560265,68,67,Advance,1.3399991020560265,-6.5492545509439735,1.3399991020560265,1.3399991020560265,-6.5492545509439735,0,1,1,-6.5492545509439735,0,0,0,0
68,0.0199999865,Running,1,1.3599990885704756,1.3599990885704756,69,68,Advance,1.3599990885704756,-6.5292545644295243,1.3599990885704756,1.3599990885704756,-6.5292545644295243,0,1,1,-6.5292545644295243,0,0,0,0
69,0.0199999865,Running,1,1.3799990750849247,1.3799990750849247,70,69,Advance,1.3799990750849247,-6.5092545779150752,1.3799990750849247,1.3799990750849247,-6.5092545779150752,0,1,1,-6.5092545779150752,0,0,0,0
70,0.0199999865,Running,1,1.3999990615993738,1.3999990615993738,71,70,Advance,1.3999990615993738,-6.4892545914006252,1.3999990615993738,1.3999990615993738,-6.4892545914006252,0,1,1,-6.4892545914006252,0,0,0,0
71,0.0199999865,Running,1,1.4199990481138229,1.4199990481138229,72,71,Advance,1.4199990481138229,-6.469254604886177,1.4199990481138229,1.4199990481138229,-6.469254604886177,0,1,1,-6.469254604886177,0,0,0,0
72,0.0199999865,Running,1,1.4399990346282721,1.4399990346282721,73,72,Advance,1.4399990346282721,-6.4492546183717279,1.4399990346282721,1.4399990346282721,-6.4492546183717279,0,1,1,-6.4492546183717279,0,0,0,0
73,0.0199999865,Running,1,1.4599990211427212,1.4599990211427212,74,73,Advance,1.4599990211427212,-6.4292546318572787,1.4599990211427212,1.4599990211427212,-6.4292546318572787,0,1,1,-6.4292546318572787,0,0,0,0
74,0.0199999865,Running,1,1.4799990076571703,1.4799990076571703,75,74,Advance,1.4799990076571703,-6.40925464534283,1.4799990076571703,1.4799990076571703,-6.40925464534283,0,1,1,-6.40925464534283,0,0,0,0
75,0.0199999865,Running,1,1.4999989941716194,1.4999989941716194,76,75,Advance,1.4999989941716194,-6.3892546588283805,1.4999989941716194,1.4999989941716194,-6.3892546588283805,0,1,1,-6.3892546588283805,0,0,0,0
76,0.0199999865,Running,1,1.5199989806860685,1.5199989806860685,77,76,Advance,1.5199989806860685,-6.3692546723139314,1.5199989806860685,1.5199989806860685,-6.3692546723139314,0,1,1,-6.3692546723139314,0,0,0,0
77,0.0199999865,Running,1,1.5399989672005177,1.5399989672005177,78,77,Advance,1.5399989672005177,-6.3492546857994823,1.5399989672005177,1.5399989672005177,-6.3492546857994823,0,1,1,-6.3492546857994823,0,0,0,0
78,0.0199999865,Running,1,1.5599989537149668,1.5599989537149668,79,78,Advance,1.5599989537149668,-6.3292546992850331,1.5599989537149668,1.5599989537149668,-6.3292546992850331,0,1,1,-6.3292546992850331,0,0,0,0
79,0.0199999865,Running,1,1.5799989402294159,1.5799989402294159,80,79,Advance,1.5799989402294159,-6.309254712770584,1.5799989402294159,1.5799989402294159,-6.309254712770584,0,1,1,-6.309254712770584,0,0,0,0
80,0.0199999865,Running,1,1.599998926743865,1.599998926743865,81,80,Advance,1.599998926743865,-6.2892547262561358,1.599998926743865,1.599998926743865,-6.2892547262561358,0,1,1,-6.2892547262561358,0,0,0,0
81,0.0199999865,Running,1,1.6199989132583141,1.6199989132583141,82,81,Advance,1.6199989132583141,-6.2692547397416858,1.6199989132583141,1.6199989132583141,-6.2692547397416858,0,1,1,-6.2692547397416858,0,0,0,0
82,0.0199999865,Running,1,1.6399988997727633,1.6399988997727633,83,82,Advance,1.6399988997727633,-6.2492547532272367,1.6399988997727633,1.6399988997727633,-6.2492547532272367,0,1,1,-6.2492547532272367,0,0,0,0
83,0.0199999865,Running,1,1.6599988862872124,1.6599988862872124,84,83,Advance,1.6599988862872124,-6.2292547667127875,1.6599988862872124,1.6599988862872124,-6.2292547667127875,0,1,1,-6.2292547667127875,0,0,0,0
84,0.0199999865,Running,1,1.6799988728016615,1.6799988728016615,85,84,Advance,1.6799988728016615,-6.2092547801983384,1.6799988728016615,1.6799988728016615,-6.2092547801983384,0,1,1,-6.2092547801983384,0,0,0,0
85,0.0199999865,Running,1,1.6999988593161106,1.6999988593161106,86,85,Advance,1.6999988593161106,-6.1892547936838893,1.6999988593161106,1.6999988593161106,-6.1892547936838893,0,1,1,-6.1892547936838893,0,0,0,0
86,0.0199999865,Running,1,1.7199988458305597,1.7199988458305597,87,86,Advance,1.7199988458305597,-6.16925480716944,1.7199988458305597,1.7199988458305597,-6.16925480716944,0,1,1,-6.16925480716944,0,0,0,0
87,0.0199999865,Running,1,1.7399988323450089,1.7399988323450089,88,87,Advance,1.7399988323450089,-6.1492548206549911,1.7399988323450089,1.7399988323450089,-6.1492548206549911,0,1,1,-6.1492548206549911,0,0,0,0
88,0.0199999865,Running,1,1.759998818859458,1.759998818859458,89,88,Advance,1.759998818859458,-6.129254834140542,1.759998818859458,1.759998818859458,-6.129254834140542,0,1,1,-6.129254834140542,0,0,0,0
89,0.0199999865,Running,1,1.7799988053739071,1.7799988053739071,90,89,Advance,1.7799988053739071,-6.1092548476260928,1.7799988053739071,1.7799988053739071,-6.1092548476260928,0,1,1,-6.1092548476260928,0,0,0,0
90,0.0199999865,Running,1,1.7999987918883562,1.7999987918883562,91,90,Advance,1.7999987918883562,-6.0892548611116437,1.7999987918883562,1.7999987918883562,-6.0892548611116437,0,1,1,-6.0892548611116437,0,0,0,0
91,0.0199999865,Running,1,1.8199987784028053,1.8199987784028053,92,91,Advance,1.8199987784028053,-6.0692548745971946,1.8199987784028053,1.8199987784028053,-6.0692548745971946,0,1,1,-6.0692548745971946,0,0,0,0
92,0.0199999865,Running,1,1.8399987649172544,1.8399987649172544,93,92,Advance,1.8399987649172544,-6.0492548880827455,1.8399987649172544,1.8399987649172544,-6.0492548880827455,0,1,1,-6.0492548880827455,0,0,0,0
93,0.0199999865,Running,1,1.8599987514317036,1.8599987514317036,94,93,Advance,1.8599987514317036,-6.0292549015682964,1.8599987514317036,1.8599987514317036,-6.0292549015682964,0,1,1,-6.0292549015682964,0,0,0,0
94,0.0199999865,Running,1,1.8799987379461527,1.8799987379461527,95,94,Advance,1.8799987379461527,-6.0092549150538472,1.8799987379461527,1.8799987379461527,-6.0092549150538472,0,1,1,-6.0092549150538472,0,0,0,0
95,0.0199999865,Running,1,1.8999987244606018,1.8999987244606018,96,95,Advance,1.8999987244606018,-5.9892549285393972,1.8999987244606018,1.8999987244606018,-5.9892549285393972,0,1,1,-5.9892549285393972,0,0,0,0
96,0.0199999865,Running,1,1.9199987109750509,1.9199987109750509,97,96,Advance,1.9199987109750509,-5.969254942024949,1.9199987109750509,1.9199987109750509,-5.969254942024949,0,1,1,-5.969254942024949,0,0,0,0
97,0.0199999865,Running,1,1.9399986974895,1.9399986974895,98,97,Advance,1.9399986974895,-5.9492549555105,1.9399986974895,1.9399986974895,-5.9492549555105,0,1,1,-5.9492549555105,0,0,0,0
98,0.0199999865,Running,1,1.9599986840039492,1.9599986840039492,99,98,Advance,1.9599986840039492,-5.9292549689960508,1.9599986840039492,1.9599986840039492,-5.9292549689960508,0,1,1,-5.9292549689960508,0,0,0,0
99,0.0199999865,Running,1,1.9799986705183983,1.9799986705183983,100,99,Advance,1.9799986705183983,-5.9092549824816016,1.9799986705183983,1.9799986705183983,-5.9092549824816016,0,1,1,-5.9092549824816016,0,0,0,0
100,0.0199999865,Running,1,1.9999986570328474,1.9999986570328474,101,100,Advance,1.9999986570328474,-5.8892549959671525,1.9999986570328474,1.9999986570328474,-5.8892549959671525,0,1,1,-5.8892549959671525,0,0,0,0
101,0.0199999865,Running,1,2.0199986435472965,2.0199986435472965,102,101,Advance,2.0199986435472965,-5.8692550094527034,2.0199986435472965,2.0199986435472965,-5.8692550094527034,0,1,1,-5.8692550094527034,0,1,0,0
102,0.0199999865,Running,1,2.0399986300617456,2.0399986300617456,103,102,Advance,2.0399986300617456,-5.8492550229382543,2.0399986300617456,2.0399986300617456,-5.8492550229382543,0,1,1,-5.8492550229382543,0,1,0,0
103,0.0199999865,Running,1,2.0599986165761948,2.0599986165761948,104,103,Advance,2.0599986165761948,-5.8292550364238052,2.0599986165761948,2.0599986165761948,-5.8292550364238052,0,1,1,-5.8292550364238052,0,1,0,0
104,0.0199999865,Running,1,2.0799986030906439,2.0799986030906439,105,104,Advance,2.0799986030906439,-5.809255049909356,2.0799986030906439,2.0799986030906439,-5.809255049909356,0,1,1,-5.809255049909356,0,1,0,0
105,0.0199999865,Running,1,2.099998589605093,2.099998589605093,106,105,Advance,2.099998589605093,-5.7892550633949078,2.099998589605093,2.099998589605093,-5.7892550633949078,0,1,1,-5.7892550633949078,0,1,0,0
106,0.0199999865,Running,1,2.1199985761195421,2.1199985761195421,107,106,Advance,2.1199985761195421,-5.7692550768804578,2.1199985761195421,2.1199985761195421,-5.7692550768804578,0,1,1,-5.7692550768804578,0,1,0,0
107,0.0199999865,Running,1,2.1399985626339912,2.1399985626339912,108,107,Advance,2.1399985626339912,-5.7492550903660087,2.1399985626339912,2.1399985626339912,-5.7492550903660087,0,1,1,-5.7492550903660087,0,1,0,0
108,0.0199999865,Running,1,2.1599985491484404,2.1599985491484404,109,108,Advance,2.1599985491484404,-5.72925510385156,2.1599985491484404,2.1599985491484404,-5.72925510385156,0,1,1,-5.72925510385156,0,1,0,0
109,0.0199999865,Running,1,2.1799985356628895,2.1799985356628895,110,109,Advance,2.1799985356628895,-5.70925511733711,2.1799985356628895,2.1799985356628895,-5.70925511733711,0,1,1,-5.70925511733711,0,1,0,0
110,0.0199999865,Running,1,2.1999985221773386,2.1999985221773386,111,110,Advance,2.1999985221773386,-5.6892551308226613,2.1999985221773386,2.1999985221773386,-5.6892551308226613,0,1,1,-5.6892551308226613,0,1,0,0
111,0.0199999865,Running,1,2.2199985086917877,2.2199985086917877,112,111,Advance,2.2199985086917877,-5.6692551443082122,2.2199985086917877,2.2199985086917877,-5.6692551443082122,0,1,1,-5.6692551443082122,0,1,0,0
112,0.0199999865,Running,1,2.2399984952062368,2.2399984952062368,113,112,Advance,2.2399984952062368,-5.6492551577937631,2.2399984952062368,2.2399984952062368,-5.6492551577937631,0,1,1,-5.6492551577937631,0,1,0,0
113,0.0199999865,Running,1,2.259998481720686,2.259998481720686,114,113,Advance,2.259998481720686,-5.629255171279314,2.259998481720686,2.259998481720686,-5.629255171279314,0,1,1,-5.629255171279314,0,1,0,0
114,0.0199999865,Running,1,2.2799984682351351,2.2799984682351351,115,114,Advance,2.2799984682351351,-5.6092551847648648,2.2799984682351351,2.2799984682351351,-5.6092551847648648,0,1,1,-5.6092551847648648,0,1,0,0
115,0.0199999865,Running,1,2.2999984547495842,2.2999984547495842,116,115,Advance,2.2999984547495842,-5.5892551982504157,2.2999984547495842,2.2999984547495842,-5.5892551982504157,0,1,1,-5.5892551982504157,0,1,0,0
116,0.0199999865,Running,1,2.3199984412640333,2.3199984412640333,117,116,Advance,2.3199984412640333,-5.5692552117359666,2.3199984412640333,2.3199984412640333,-5.5692552117359666,0,1,1,-5.5692552117359666,0,1,0,0
117,0.0199999865,Running,1,2.3399984277784824,2.3399984277784824,118,117,Advance,2.3399984277784824,-5.5492552252215175,2.3399984277784824,2.3399984277784824,-5.5492552252215175,0,1,1,-5.5492552252215175,0,1,0,0
118,0.0199999865,Running,1,2.3599984142929316,2.3599984142929316,119,118,Advance,2.3599984142929316,-5.5292552387070684,2.3599984142929316,2.3599984142929316,-5.5292552387070684,0,1,1,-5.5292552387070684,0,1,0,0
119,0.0199999865,Running,1,2.3799984008073807,2.3799984008073807,120,119,Advance,2.3799984008073807,-5.5092552521926192,2.3799984008073807,2.3799984008073807,-5.5092552521926192,0,1,1,-5.5092552521926192,0,1,0,0
120,0.0199999865,Running,1,2.39999838732183,2.39999838732183,121,120,Advance,2.39999838732183,-5.4892552656781692,2.39999838732183,2.39999838732183,-5.4892552656781692,0,1,1,-5.4892552656781692,0,1,0,0
121,0.0199999865,Running,1,2.4199983738362789,2.4199983738362789,122,121,Advance,2.4199983738362789,-5.469255279163721,2.4199983738362789,2.4199983738362789,-5.469255279163721,0,1,1,-5.469255279163721,0,1,0,0
122,0.0199999865,Running,1,2.439998360350728,2.439998360350728,123,122,Advance,2.439998360350728,-5.4492552926492719,2.439998360350728,2.439998360350728,-5.4492552926492719,0,1,1,-5.4492552926492719,0,1,0,0
123,0.0199999865,Running,1,2.4599983468651772,2.4599983468651772,124,123,Advance,2.4599983468651772,-5.4292553061348228,2.4599983468651772,2.4599983468651772,-5.4292553061348228,0,1,1,-5.4292553061348228,0,1,0,0
124,0.0199999865,Running,1,2.4799983333796263,2.4799983333796263,125,124,Advance,2.4799983333796263,-5.4092553196203736,2.4799983333796263,2.4799983333796263,-5.4092553196203736,0,1,1,-5.4092553196203736,0,1,0,0
125,0.0199999865,Running,1,2.4999983198940754,2.4999983198940754,126,125,Advance,2.4999983198940754,-5.3892553331059245,2.4999983198940754,2.4999983198940754,-5.3892553331059245,0,1,1,-5.3892553331059245,0,1,0,0
126,0.0199999865,Running,1,2.5199983064085245,2.5199983064085245,127,126,Advance,2.5199983064085245,-5.3692553465914754,2.5199983064085245,2.5199983064085245,-5.3692553465914754,0,1,1,-5.3692553465914754,0,1,0,0
127,0.0199999865,Running,1,2.5399982929229736,2.5399982929229736,128,127,Advance,2.5399982929229736,-5.3492553600770263,2.5399982929229736,2.5399982929229736,-5.3492553600770263,0,1,1,-5.3492553600770263,0,1,0,0
128,0.0199999865,Running,1,2.5599982794374228,2.5599982794374228,129,128,Advance,2.5599982794374228,-5.3292553735625772,2.5599982794374228,2.5599982794374228,-5.3292553735625772,0,1,1,-5.3292553735625772,0,1,0,0
129,0.0199999865,Running,1,2.5799982659518719,2.5799982659518719,130,129,Advance,2.5799982659518719,-5.309255387048128,2.5799982659518719,2.5799982659518719,-5.309255387048128,0,1,1,-5.309255387048128,0,1,0,0
130,0.0199999865,Running,1,2.599998252466321,2.599998252466321,131,130,Advance,2.599998252466321,-5.28925540053368,2.599998252466321,2.599998252466321,-5.28925540053368,0,1,1,-5.28925540053368,0,1,0,0
131,0.0199999865,Running,1,2.61999823898077,2.61999823898077,132,131,Advance,2.61999823898077,-5.26925541401923,2.61999823898077,2.61999823898077,-5.26925541401923,0,1,1,-5.26925541401923,0,1,0,0
132,0.0199999865,Running,1,2.6399982254952192,2.6399982254952192,133,132,Advance,2.6399982254952192,-5.2492554275047807,2.6399982254952192,2.6399982254952192,-5.2492554275047807,0,1,1,-5.2492554275047807,0,1,0,0
133,0.0199999865,Running,1,2.6599982120096684,2.6599982120096684,134,133,Advance,2.6599982120096684,-5.2292554409903316,2.6599982120096684,2.6599982120096684,-5.2292554409903316,0,1,1,-5.2292554409903316,0,1,0,0
134,0.0199999865,Running,1,2.6799981985241175,2.6799981985241175,135,134,Advance,2.6799981985241175,-5.2092554544758825,2.6799981985241175,2.6799981985241175,-5.2092554544758825,0,1,1,-5.2092554544758825,0,1,0,0
135,0.0199999865,Running,1,2.6999981850385666,2.6999981850385666,136,135,Advance,2.6999981850385666,-5.1892554679614333,2.6999981850385666,2.6999981850385666,-5.1892554679614333,0,1,1,-5.1892554679614333,0,1,0,0
136,0.0199999865,Running,1,2.7199981715530157,2.7199981715530157,137,136,Advance,2.7199981715530157,-5.1692554814469842,2.7199981715530157,2.7199981715530157,-5.1692554814469842,0,1,1,-5.1692554814469842,0,1,0,0
137,0.0199999865,Running,1,2.7399981580674648,2.7399981580674648,138,137,Advance,2.7399981580674648,-5.1492554949325351,2.7399981580674648,2.7399981580674648,-5.1492554949325351,0,1,1,-5.1492554949325351,0,1,0,0
138,0.0199999865,Running,1,2.7599981445819139,2.7599981445819139,139,138,Advance,2.7599981445819139,-5.129255508418086,2.7599981445819139,2.7599981445819139,-5.129255508418086,0,1,1,-5.129255508418086,0,1,0,0
139,0.0199999865,Running,1,2.7799981310963631,2.7799981310963631,140,139,Advance,2.7799981310963631,-5.1092555219036369,2.7799981310963631,2.7799981310963631,-5.1092555219036369,0,1,1,-5.1092555219036369,0,1,0,0
140,0.0199999865,Running,1,2.7999981176108122,2.7999981176108122,141,140,Advance,2.7999981176108122,-5.0892555353891877,2.7999981176108122,2.7999981176108122,-5.0892555353891877,0,1,1,-5.0892555353891877,0,1,0,0
141,0.0199999865,Running,1,2.8199981041252613,2.8199981041252613,142,141,Advance,2.8199981041252613,-5.0692555488747386,2.8199981041252613,2.8199981041252613,-5.0692555488747386,0,1,1,-5.0692555488747386,0,1,0,0
142,0.0199999865,Running,1,2.8399980906397104,2.8399980906397104,143,142,Advance,2.8399980906397104,-5.0492555623602895,2.8399980906397104,2.8399980906397104,-5.0492555623602895,0,1,1,-5.0492555623602895,0,1,0,0
143,0.0199999865,Running,1,2.8599980771541595,2.8599980771541595,144,143,Advance,2.8599980771541595,-5.02925557584584,2.8599980771541595,2.8599980771541595,-5.02925557584584,0,1,1,-5.02925557584584,0,1,0,0
144,0.0199999865,Running,1,2.8799980636686087,2.8799980636686087,145,144,Advance,2.8799980636686087,-5.0092555893313913,2.8799980636686087,2.8799980636686087,-5.0092555893313913,0,1,1,-5.0092555893313913,0,1,0,0
145,0.0199999865,Running,1,2.8999980501830578,2.8999980501830578,146,145,Advance,2.8999980501830578,-4.9892556028169412,2.8999980501830578,2.8999980501830578,-4.9892556028169412,0,1,1,-4.9892556028169412,0,1,0,0
146,0.0199999865,Running,1,2.9199980366975069,2.9199980366975069,147,146,Advance,2.9199980366975069,-4.969255616302493,2.9199980366975069,2.9199980366975069,-4.969255616302493,0,1,1,-4.969255616302493,0,1,0,0
147,0.0199999865,Running,1,2.939998023211956,2.939998023211956,148,147,Advance,2.939998023211956,-4.9492556297880439,2.939998023211956,2.939998023211956,-4.9492556297880439,0,1,1,-4.9492556297880439,0,1,0,0
148,0.0199999865,Running,1,2.9599980097264051,2.9599980097264051,149,148,Advance,2.9599980097264051,-4.9292556432735948,2.9599980097264051,2.9599980097264051,-4.9292556432735948,0,1,1,-4.9292556432735948,0,1,0,0
149,0.0199999865,Running,1,2.9799979962408543,2.9799979962408543,150,149,Advance,2.9799979962408543,-4.9092556567591457,2.9799979962408543,2.9799979962408543,-4.9092556567591457,0,1,1,-4.9092556567591457,0,1,0,0
150,0.0199999865,Running,1,2.9999979827553034,2.9999979827553034,151,150,Advance,2.9999979827553034,-4.8892556702446965,2.9999979827553034,2.9999979827553034,-4.8892556702446965,0,1,1,-4.8892556702446965,0,1,0,0
151,0.0199999865,Running,1,3.0199979692697525,3.0199979692697525,152,151,Advance,3.0199979692697525,-4.8692556837302474,3.0199979692697525,3.0199979692697525,-4.8692556837302474,0,1,1,-4.8692556837302474,0,1,0,0
152,0.0199999865,Running,1,3.0399979557842016,3.0399979557842016,153,152,Advance,3.0399979557842016,-4.8492556972157983,3.0399979557842016,3.0399979557842016,-4.8492556972157983,0,1,1,-4.8492556972157983,0,1,0,0
153,0.0199999865,Running,1,3.0599979422986507,3.0599979422986507,154,153,Advance,3.0599979422986507,-4.8292557107013492,3.0599979422986507,3.0599979422986507,-4.8292557107013492,0,1,1,-4.8292557107013492,0,1,0,0
154,0.0199999865,Running,1,3.0799979288131,3.0799979288131,155,154,Advance,3.0799979288131,-4.8092557241869,3.0799979288131,3.0799979288131,-4.8092557241869,0,1,1,-4.8092557241869,0,1,0,0
155,0.0199999865,Running,1,3.099997915327549,3.099997915327549,156,155,Advance,3.099997915327549,-4.7892557376724518,3.099997915327549,3.099997915327549,-4.7892557376724518,0,1,1,-4.7892557376724518,0,1,0,0
156,0.0199999865,Running,1,3.1199979018419981,3.1199979018419981,157,156,Advance,3.1199979018419981,-4.7692557511580018,3.1199979018419981,3.1199979018419981,-4.7692557511580018,0,1,1,-4.7692557511580018,0,1,0,0
157,0.0199999865,Running,1,3.1399978883564472,3.1399978883564472,158,157,Advance,3.1399978883564472,-4.7492557646435527,3.1399978883564472,3.1399978883564472,-4.7492557646435527,0,1,1,-4.7492557646435527,0,1,0,0
158,0.0199999865,Running,1,3.1599978748708963,3.1599978748708963,159,158,Advance,3.1599978748708963,-4.7292557781291036,3.1599978748708963,3.1599978748708963,-4.7292557781291036,0,1,1,-4.7292557781291036,0,1,0,0
159,0.0199999865,Running,1,3.1799978613853455,3.1799978613853455,160,159,Advance,3.1799978613853455,-4.7092557916146545,3.1799978613853455,3.1799978613853455,-4.7092557916146545,0,1,1,-4.7092557916146545,0,1,0,0
160,0.0199999865,Running,1,3.1999978478997946,3.1999978478997946,161,160,Advance,3.1999978478997946,-4.6892558051002053,3.1999978478997946,3.1999978478997946,-4.6892558051002053,0,1,1,-4.6892558051002053,0,1,0,0
161,0.0199999865,Running,1,3.2199978344142437,3.2199978344142437,162,161,Advance,3.2199978344142437,-4.6692558185857562,3.2199978344142437,3.2199978344142437,-4.6692558185857562,0,1,1,-4.6692558185857562,0,1,0,0
162,0.0199999865,Running,1,3.2399978209286928,3.2399978209286928,163,162,Advance,3.2399978209286928,-4.6492558320713071,3.2399978209286928,3.2399978209286928,-4.6492558320713071,0,1,1,-4.6492558320713071,0,1,0,0
163,0.0199999865,Running,1,3.2599978074431419,3.2599978074431419,164,163,Advance,3.2599978074431419,-4.629255845556858,3.2599978074431419,3.2599978074431419,-4.629255845556858,0,1,1,-4.629255845556858,0,1,0,0
164,0.0199999865,Running,1,3.2799977939575911,3.2799977939575911,165,164,Advance,3.2799977939575911,-4.6092558590424089,3.2799977939575911,3.2799977939575911,-4.6092558590424089,0,1,1,-4.6092558590424089,0,1,0,0
165,0.0199999865,Running,1,3.29999778047204,3.29999778047204,166,165,Advance,3.29999778047204,-4.58925587252796,3.29999778047204,3.29999778047204,-4.58925587252796,0,1,1,-4.58925587252796,0,1,0,0
166,0.0199999865,Running,1,3.3199977669864893,3.3199977669864893,167,166,Advance,3.3199977669864893,-4.5692558860135106,3.3199977669864893,3.3199977669864893,-4.5692558860135106,0,1,1,-4.5692558860135106,0,1,0,0
167,0.0199999865,Running,1,3.3399977535009384,3.3399977535009384,168,167,Advance,3.3399977535009384,-4.5492558994990615,3.3399977535009384,3.3399977535009384,-4.5492558994990615,0,1,1,-4.5492558994990615,0,1,0,0
168,0.0199999865,Running,1,3.3599977400153875,3.3599977400153875,169,168,Advance,3.3599977400153875,-4.5292559129846124,3.3599977400153875,3.3599977400153875,-4.5292559129846124,0,1,1,-4.5292559129846124,0,1,0,0
169,0.0199999865,Running,1,3.3799977265298367,3.3799977265298367,170,169,Advance,3.3799977265298367,-4.5092559264701633,3.3799977265298367,3.3799977265298367,-4.5092559264701633,0,1,1,-4.5092559264701633,0,1,0,0
170,0.0199999865,Running,1,3.3999977130442858,3.3999977130442858,171,170,Advance,3.3999977130442858,-4.4892559399557133,3.3999977130442858,3.3999977130442858,-4.4892559399557133,0,1,1,-4.4892559399557133,0,1,0,0
171,0.0199999865,Running,1,3.4199976995587349,3.4199976995587349,172,171,Advance,3.4199976995587349,-4.469255953441265,3.4199976995587349,3.4199976995587349,-4.469255953441265,0,1,1,-4.469255953441265,0,1,0,0
172,0.0199999865,Running,1,3.439997686073184,3.439997686073184,173,172,Advance,3.439997686073184,-4.4492559669268159,3.439997686073184,3.439997686073184,-4.4492559669268159,0,1,1,-4.4492559669268159,0,1,0,0
173,0.0199999865,Running,1,3.4599976725876331,3.4599976725876331,174,173,Advance,3.4599976725876331,-4.4292559804123668,3.4599976725876331,3.4599976725876331,-4.4292559804123668,0,1,1,-4.4292559804123668,0,1,0,0
174,0.0199999865,Running,1,3.4799976591020823,3.4799976591020823,175,174,Advance,3.4799976591020823,-4.4092559938979177,3.4799976591020823,3.4799976591020823,-4.4092559938979177,0,1,1,-4.4092559938979177,0,1,0,0
175,0.0199999865,Running,1,3.4999976456165314,3.4999976456165314,176,175,Advance,3.4999976456165314,-4.3892560073834685,3.4999976456165314,3.4999976456165314,-4.3892560073834685,0,1,1,-4.3892560073834685,0,1,0,0
176,0.0199999865,Running,1,3.5199976321309805,3.5199976321309805,177,176,Advance,3.5199976321309805,-4.3692560208690194,3.5199976321309805,3.5199976321309805,-4.3692560208690194,0,1,1,-4.3692560208690194,0,1,0,0
177,0.0199999865,Running,1,3.5399976186454296,3.5399976186454296,178,177,Advance,3.5399976186454296,-4.34925603435457,3.5399976186454296,3.5399976186454296,-4.34925603435457,0,1,1,-4.34925603435457,0,1,0,0
178,0.0199999865,Running,1,3.5599976051598787,3.5599976051598787,179,178,Advance,3.5599976051598787,-4.3292560478401212,3.5599976051598787,3.5599976051598787,-4.3292560478401212,0,1,1,-4.3292560478401212,0,1,0,0
179,0.0199999865,Running,1,3.5799975916743279,3.5799975916743279,180,179,Advance,3.5799975916743279,-4.3092560613256721,3.5799975916743279,3.5799975916743279,-4.3092560613256721,0,1,1,-4.3092560613256721,0,1,0,0
180,0.0199999865,Running,1,3.599997578188777,3.599997578188777,181,180,Advance,3.599997578188777,-4.2892560748112238,3.599997578188777,3.599997578188777,-4.2892560748112238,0,1,1,-4.2892560748112238,0,1,0,0
181,0.0199999865,Running,1,3.6199975647032261,3.6199975647032261,182,181,Advance,3.6199975647032261,-4.2692560882967738,3.6199975647032261,3.6199975647032261,-4.2692560882967738,0,1,1,-4.2692560882967738,0,1,0,0
182,0.0199999865,Running,1,3.6399975512176752,3.6399975512176752,183,182,Advance,3.6399975512176752,-4.2492561017823247,3.6399975512176752,3.6399975512176752,-4.2492561017823247,0,1,1,-4.2492561017823247,0,1,0,0
183,0.0199999865,Running,1,3.6599975377321243,3.6599975377321243,184,183,Advance,3.6599975377321243,-4.2292561152678756,3.6599975377321243,3.6599975377321243,-4.2292561152678756,0,1,1,-4.2292561152678756,0,1,0,0
184,0.0199999865,Running,1,3.6799975242465734,3.6799975242465734,185,184,Advance,3.6799975242465734,-4.2092561287534265,3.6799975242465734,3.6799975242465734,-4.2092561287534265,0,1,1,-4.2092561287534265,0,1,0,0
185,0.0199999865,Running,1,3.6999975107610226,3.6999975107610226,186,185,Advance,3.6999975107610226,-4.1892561512341979,3.6999975107610226,3.6999975107610226,-4.1892561512341979,0,1,1,-4.1892561512341979,0,1,0,0
186,0.0199999865,Running,1,3.7199974972754717,3.7199974972754717,187,186,Advance,3.7199974972754717,-4.1692567925443464,3.7199974972754717,3.7199974972754717,-4.1692567925443464,0,1,1,-4.1692567925443464,0,1,0,0
187,0.0199999865,Running,1,3.7399974837899208,3.7399974837899208,188,187,Advance,3.7399974837899208,-4.1492607667379922,3.7399974837899208,3.7399974837899208,-4.1492607667379922,0,1,1,-4.1492607667379922,0,1,0,0
188,0.0199999865,Running,1,3.75999747030437,3.75999747030437,189,188,Advance,3.75999747030437,-4.1292731184867408,3.75999747030437,3.75999747030437,-4.1292731184867408,0,1,1,-4.1292731184867408,0,1,0,0
189,0.0199999865,Running,1,3.779997456818819,3.779997456818819,190,189,Advance,3.779997456818819,-4.1093009556946214,3.779997456818819,3.779997456818819,-4.1093009556946214,0,1,1,-4.1093009556946214,0,1,0,0
190,0.0199999865,Running,1,3.7999974433332682,3.7999974433332682,191,190,Advance,3.7999974433332682,-4.0893531944346746,3.7999974433332682,3.7999974433332682,-4.0893531944346746,0,1,1,-4.0893531944346746,0,1,0,0
191,0.0199999865,Running,1,3.8199974298477173,3.8199974298477173,192,191,Advance,3.8199974298477173,-4.0694406995551766,3.8199974298477173,3.8199974298477173,-4.0694406995551766,0,1,1,-4.0694406995551766,0,1,0,0
192,0.0199999865,Running,1,3.8399974163621664,3.8399974163621664,193,192,Advance,3.8399974163621664,-4.0495750310904448,3.8399974163621664,3.8399974163621664,-4.0495750310904448,0,1,1,-4.0495750310904448,0,1,0,0
193,0.0199999865,Running,1,3.8599974028766155,3.8599974028766155,194,193,Advance,3.8599974028766155,-4.0297689694922161,3.8599974028766155,3.8599974028766155,-4.0297689694922161,0,1,1,-4.0297689694922161,0,1,0,0
194,0.0199999865,Running,1,3.8799973893910646,3.8799973893910646,195,194,Advance,3.8799973893910646,-4.01003605201902,3.8799973893910646,3.8799973893910646,-4.01003605201902,0,1,1,-4.01003605201902,0,1,0,0
195,0.0199999865,Running,1,3.8999973759055138,3.8999973759055138,196,195,Advance,3.8999973759055138,-3.9903903315858247,3.8999973759055138,3.8999973759055138,-3.9903903315858247,0,1,1,-3.9903903315858247,0,1,0,0
196,0.0199999865,Running,1,3.9199973624199629,3.9199973624199629,197,196,Advance,3.9199973624199629,-3.9708471411952533,3.9199973624199629,3.9199973624199629,-3.9708471411952533,0,1,1,-3.9708471411952533,0,1,0,0
197,0.0199999865,Running,1,3.939997348934412,3.939997348934412,198,197,Advance,3.939997348934412,-3.9514200993644923,3.939997348934412,3.939997348934412,-3.9514200993644923,0,1,1,-3.9514200993644923,0,1,0,0
198,0.0199999865,Running,1,3.9599973354488611,3.9599973354488611,199,198,Advance,3.9599973354488611,-3.9321234099421378,3.9599973354488611,3.9599973354488611,-3.9321234099421378,0,1,1,-3.9321234099421378,0,1,0,0
199,0.0199999865,Running,1,3.9799973219633102,3.9799973219633102,200,199,Advance,3.9799973219633102,-3.912970922309237,3.9799973219633102,3.9799973219633102,-3.912970922309237,0,1,1,-3.912970922309237,0,1,0,0
200,0.0199999865,Running,1,3.9999973084777594,3.9999973084777594,201,200,Advance,3.9999973084777594,-3.8939759623718571,3.9999973084777594,3.9999973084777594,-3.8939759623718571,0,1,1,-3.8939759623718571,0,1,0,0
201,0.0199999865,Running,1,4.0199972949922085,4.0199972949922085,202,201,Advance,4.0199972949922085,-3.8751527587981394,4.0199972949922085,4.0199972949922085,-3.8751527587981394,0,1,1,-3.8751527587981394,0,1,0,0
202,0.0199999865,Running,1,4.0399972815066576,4.0399972815066576,203,202,Advance,4.0399972815066576,-3.856511772839855,4.0399972815066576,4.0399972815066576,-3.856511772839855,0,1,1,-3.856511772839855,0,1,0,0
203,0.0199999865,Running,1,4.0599972680211067,4.0599972680211067,204,203,Advance,4.0599972680211067,-3.8380639191181225,4.0599972680211067,4.0599972680211067,-3.8380639191181225,0,1,1,-3.8380639191181225,0,1,0,0
204,0.0199999865,Running,1,4.0799972545355558,4.0799972545355558,205,204,Advance,4.0799972545355558,-3.8198191264455055,4.0799972545355558,4.0799972545355558,-3.8198191264455055,0,1,1,-3.8198191264455055,0,1,0,0
205,0.0199999865,Running,1,4.099997241050005,4.099997241050005,206,205,Advance,4.099997241050005,-3.8017862836201997,4.099997241050005,4.099997241050005,-3.8017862836201997,0,1,1,-3.8017862836201997,0,1,0,0
206,0.0199999865,Running,1,4.1199972275644541,4.1199972275644541,207,206,Advance,4.1199972275644541,-3.7839751505190722,4.1199972275644541,4.1199972275644541,-3.7839751505190722,0,1,1,-3.7839751505190722,0,1,0,0
207,0.0199999865,Running,1,4.1399972140789032,4.1399972140789032,208,207,Advance,4.1399972140789032,-3.7663905578922048,4.1399972140789032,4.1399972140789032,-3.7663905578922048,0,1,1,-3.7663905578922048,0,1,0,0
208,0.0199999865,Running,1,4.1599972005933523,4.1599972005933523,209,208,Advance,4.1599972005933523,-3.7490380662758014,4.1599972005933523,4.1599972005933523,-3.7490380662758014,0,1,1,-3.7490380662758014,0,1,0,0
209,0.0199999865,Running,1,4.1799971871078014,4.1799971871078014,210,209,Advance,4.1799971871078014,-3.7319221472176047,4.1799971871078014,4.1799971871078014,-3.7319221472176047,0,1,1,-3.7319221472176047,0,1,0,0
210,0.0199999865,Running,1,4.1999971736222506,4.1999971736222506,211,210,Advance,4.1999971736222506,-3.7150462172287666,4.1999971736222506,4.1999971736222506,-3.7150462172287666,0,1,1,-3.7150462172287666,0,1,0,0
211,0.0199999865,Running,1,4.2199971601367,4.2199971601367,212,211,Advance,4.2199971601367,-3.6984147675557768,4.2199971601367,4.2199971601367,-3.6984147675557768,0,1,1,-3.6984147675557768,0,1,0,0
212,0.0199999865,Running,1,4.2399971466511488,4.2399971466511488,213,212,Advance,4.2399971466511488,-3.6820270986814254,4.2399971466511488,4.2399971466511488,-3.6820270986814254,0,1,1,-3.6820270986814254,0,1,0,0
213,0.0199999865,Running,1,4.2599971331655979,4.2599971331655979,214,213,Advance,4.2599971331655979,-3.6658836692070671,4.2599971331655979,4.2599971331655979,-3.6658836692070671,0,1,1,-3.6658836692070671,0,1,0,0
214,0.0199999865,Running,1,4.279997119680047,4.279997119680047,215,214,Advance,4.279997119680047,-3.6499840765609517,4.279997119680047,4.279997119680047,-3.6499840765609517,0,1,1,-3.6499840765609517,0,1,0,0
215,0.0199999865,Running,1,4.2999971061944962,4.2999971061944962,216,215,Advance,4.2999971061944962,-3.6343271254230984,4.2999971061944962,4.2999971061944962,-3.6343271254230984,0,1,1,-3.6343271254230984,0,1,0,0
216,0.0199999865,Running,1,4.3199970927089453,4.3199970927089453,217,216,Advance,4.3199970927089453,-3.6189129338055368,4.3199970927089453,4.3199970927089453,-3.6189129338055368,0,1,1,-3.6189129338055368,0,1,0,0
217,0.0199999865,Running,1,4.3399970792233944,4.3399970792233944,218,217,Advance,4.3399970792233944,-3.6037367739684063,4.3399970792233944,4.3399970792233944,-3.6037367739684063,0,1,1,-3.6037367739684063,0,1,0,0
218,0.0199999865,Running,1,4.3599970657378435,4.3599970657378435,219,218,Advance,4.3599970657378435,-3.5887954197546716,4.3599970657378435,4.3599970657378435,-3.5887954197546716,0,1,1,-3.5887954197546716,0,1,0,0
219,0.0199999865,Running,1,4.3799970522522926,4.3799970522522926,220,219,Advance,4.3799970522522926,-3.574085107053032,4.3799970522522926,4.3799970522522926,-3.574085107053032,0,1,1,-3.574085107053032,0,1,0,0
220,0.0199999865,Running,1,4.3999970387667418,4.3999970387667418,221,220,Advance,4.3999970387667418,-3.5596016001787958,4.3999970387667418,4.3999970387667418,-3.5596016001787958,0,1,1,-3.5596016001787958,0,1,0,0
221,0.0199999865,Running,1,4.4199970252811909,4.4199970252811909,222,221,Advance,4.4199970252811909,-3.5453421095914419,4.4199970252811909,4.4199970252811909,-3.5453421095914419,0,1,1,-3.5453421095914419,0,1,0,0
222,0.0199999865,Running,1,4.43999701179564,4.43999701179564,223,222,Advance,4.43999701179564,-3.5312996363602269,4.43999701179564,4.43999701179564,-3.5312996363602269,0,1,1,-3.5312996363602269,0,1,0,0
223,0.0199999865,Running,1,4.4599969983100891,4.4599969983100891,224,223,Advance,4.4599969983100891,-3.517468836966005,4.4599969983100891,4.4599969983100891,-3.517468836966005,0,1,1,-3.517468836966005,0,1,0,0
224,0.0199999865,Running,1,4.4799969848245382,4.4799969848245382,225,224,Advance,4.4799969848245382,-3.5038441099672624,4.4799969848245382,4.4799969848245382,-3.5038441099672624,0,1,1,-3.5038441099672624,0,1,0,0
225,0.0199999865,Running,1,4.4999969713389874,4.4999969713389874,226,225,Advance,4.4999969713389874,-3.4904196409921382,4.4999969713389874,4.4999969713389874,-3.4904196409921382,0,1,1,-3.4904196409921382,0,1,0,0
226,0.0199999865,Running,1,4.5199969578534365,4.5199969578534365,227,226,Advance,4.5199969578534365,-3.4771910566396729,4.5199969578534365,4.5199969578534365,-3.4771910566396729,0,1,1,-3.4771910566396729,0,1,0,0
227,0.0199999865,Running,1,4.5399969443678856,4.5399969443678856,228,227,Advance,4.5399969443678856,-3.4641504878400822,4.5399969443678856,4.5399969443678856,-3.4641504878400822,0,1,1,-3.4641504878400822,0,1,0,0
228,0.0199999865,Running,1,4.5599969308823347,4.5599969308823347,229,228,Advance,4.5599969308823347,-3.45129169571184,4.5599969308823347,4.5599969308823347,-3.45129169571184,0,1,1,-3.45129169571184,0,1,0,0
229,0.0199999865,Running,1,4.5799969173967838,4.5799969173967838,230,229,Advance,4.5799969173967838,-3.43860837410949,4.5799969173967838,4.5799969173967838,-3.43860837410949,0,1,1,-3.43860837410949,0,1,0,0
230,0.0199999865,Running,1,4.5999969039112329,4.5999969039112329,231,230,Advance,4.5999969039112329,-3.4260941760156491,4.5999969039112329,4.5999969039112329,-3.4260941760156491,0,1,1,-3.4260941760156491,0,1,0,0
231,0.0199999865,Running,1,4.6199968904256821,4.6199968904256821,232,231,Advance,4.6199968904256821,-3.4137440753252868,4.6199968904256821,4.6199968904256821,-3.4137440753252868,0,1,1,-3.4137440753252868,0,1,0,0
232,0.0199999865,Running,1,4.6399968769401312,4.6399968769401312,233,232,Advance,4.6399968769401312,-3.4015502354594878,4.6399968769401312,4.6399968769401312,-3.4015502354594878,0,1,1,-3.4015502354594878,0,1,0,0
233,0.0199999865,Running,1,4.65999686345458,4.65999686345458,234,233,Advance,4.65999686345458,-3.3895063089766544,4.65999686345458,4.65999686345458,-3.3895063089766544,0,1,1,-3.3895063089766544,0,1,0,0
234,0.0199999865,Running,1,4.6799968499690294,4.6799968499690294,235,234,Advance,4.6799968499690294,-3.3776059854461287,4.6799968499690294,4.6799968499690294,-3.3776059854461287,0,1,1,-3.3776059854461287,0,1,0,0
235,0.0199999865,Running,1,4.6999968364834785,4.6999968364834785,236,235,Advance,4.6999968364834785,-3.365843012162598,4.6999968364834785,4.6999968364834785,-3.365843012162598,0,1,1,-3.365843012162598,0,1,0,0
236,0.0199999865,Running,1,4.7199968229979277,4.7199968229979277,237,236,Advance,4.7199968229979277,-3.3542122728375214,4.7199968229979277,4.7199968229979277,-3.3542122728375214,0,1,1,-3.3542122728375214,0,1,0,0
237,0.0199999865,Running,1,4.7399968095123768,4.7399968095123768,238,237,Advance,4.7399968095123768,-3.342706461536431,4.7399968095123768,4.7399968095123768,-3.342706461536431,0,1,1,-3.342706461536431,0,1,0,0
238,0.0199999865,Running,1,4.7599967960268259,4.7599967960268259,239,238,Advance,4.7599967960268259,-3.3313195522501284,4.7599967960268259,4.7599967960268259,-3.3313195522501284,0,1,1,-3.3313195522501284,0,1,0,0
239,0.0199999865,Running,1,4.779996782541275,4.779996782541275,240,239,Advance,4.779996782541275,-3.3200456108866971,4.779996782541275,4.779996782541275,-3.3200456108866971,0,1,1,-3.3200456108866971,0,1,0,0
240,0.0199999865,Running,1,4.7999967690557241,4.7999967690557241,241,240,Advance,4.7999967690557241,-3.3088788062650805,4.7999967690557241,4.7999967690557241,-3.3088788062650805,0,1,1,-3.3088788062650805,0,1,0,0
241,0.0199999865,Running,1,4.8199967555701733,4.8199967555701733,242,241,Advance,4.8199967555701733,-3.2978142353007938,4.8199967555701733,4.8199967555701733,-3.2978142353007938,0,1,1,-3.2978142353007938,0,1,0,0
242,0.0199999865,Running,1,4.8399967420846224,4.8399967420846224,243,242,Advance,4.8399967420846224,-3.2868453565143652,4.8399967420846224,4.8399967420846224,-3.2868453565143652,0,1,1,-3.2868453565143652,0,1,0,0
243,0.0199999865,Running,1,4.8599967285990715,4.8599967285990715,244,243,Advance,4.8599967285990715,-3.2759666737306308,4.8599967285990715,4.8599967285990715,-3.2759666737306308,0,1,1,-3.2759666737306308,0,1,0,0
244,0.0199999865,Running,1,4.8799967151135206,4.8799967151135206,245,244,Advance,4.8799967151135206,-3.2651728100099611,4.8799967151135206,4.8799967151135206,-3.2651728100099611,0,1,1,-3.2651728100099611,0,1,0,0
245,0.0199999865,Running,1,4.89999670162797,4.89999670162797,246,245,Advance,4.89999670162797,-3.2544585139416458,4.89999670162797,4.89999670162797,-3.2544585139416458,0,1,1,-3.2544585139416458,0,1,0,0
246,0.0199999865,Running,1,4.9199966881424189,4.9199966881424189,247,246,Advance,4.9199966881424189,-3.2438192541495603,4.9199966881424189,4.9199966881424189,-3.2438192541495603,0,1,1,-3.2438192541495603,0,1,0,0
247,0.0199999865,Running,1,4.939996674656868,4.939996674656868,248,247,Advance,4.939996674656868,-3.2332493438703049,4.939996674656868,4.939996674656868,-3.2332493438703049,0,1,1,-3.2332493438703049,0,1,0,0
248,0.0199999865,Running,1,4.9599966611713171,4.9599966611713171,249,248,Advance,4.9599966611713171,-3.2227439197480892,4.9599966611713171,4.9599966611713171,-3.2227439197480892,0,1,1,-3.2227439197480892,0,1,0,0
249,0.0199999865,Running,1,4.9799966476857662,4.9799966476857662,250,249,Advance,4.9799966476857662,-3.2122982520099197,4.9799966476857662,4.9799966476857662,-3.2122982520099197,0,1,1,-3.2122982520099197,0,1,0,0
250,0.0199999865,Running,1,4.9999966342002153,4.9999966342002153,251,250,Advance,4.9999966342002153,-3.2019077470865387,4.9999966342002153,4.9999966342002153,-3.2019077470865387,0,1,1,-3.2019077470865387,0,1,0,0
251,0.0199999865,Running,1,5.0199966207146645,5.0199966207146645,252,251,Advance,5.0199966207146645,-3.1915683519633959,5.0199966207146645,5.0199966207146645,-3.1915683519633959,0,1,1,-3.1915683519633959,0,1,0,0
252,0.0199999865,Stopped,1,5.0199966207146645,5.0199966207146645,252,252,Advance,5.0199966207146645,-3.1915683519633959,5.0199966207146645,5.0199966207146645,-3.1915683519633959,0,1,1,-3.1915683519633959,0,1,0,1
253,0.0199999865,Stopped,1,5.0199966207146645,5.0199966207146645,252,253,Advance,5.0199966207146645,-3.1915683519633959,5.0199966207146645,5.0199966207146645,-3.1915683519633959,0,1,1,-3.1915683519633959,0,1,0,1
254,0.0199999865,Stopped,1,5.0199966207146645,5.0199966207146645,252,254,Advance,5.0199966207146645,-3.1915683519633959,5.0199966207146645,5.0199966207146645,-3.1915683519633959,0,1,1,-3.1915683519633959,0,1,0,1
255,0.0199999865,Stopped,1,5.0199966207146645,5.0199966207146645,252,255,Advance,5.0199966207146645,-3.1915683519633959,5.0199966207146645,5.0199966207146645,-3.1915683519633959,0,1,1,-3.1915683519633959,0,1,0,1
256,0.0199999865,Stopped,1,5.0199966207146645,5.0199966207146645,252,256,Advance,5.0199966207146645,-3.1915683519633959,5.0199966207146645,5.0199966207146645,-3.1915683519633959,0,1,1,-3.1915683519633959,0,1,0,1
257,0.0199999865,Stopped,1,5.0199966207146645,5.0199966207146645,252,257,Advance,5.0199966207146645,-3.1915683519633959,5.0199966207146645,5.0199966207146645,-3.1915683519633959,0,1,1,-3.1915683519633959,0,1,0,1
258,0.0199999865,Stopped,1,5.0199966207146645,5.0199966207146645,252,258,Advance,5.0199966207146645,-3.1915683519633959,5.0199966207146645,5.0199966207146645,-3.1915683519633959,0,1,1,-3.1915683519633959,0,1,0,1
259,0.0199999865,Stopped,1,5.0199966207146645,5.0199966207146645,252,259,Advance,5.0199966207146645,-3.1915683519633959,5.0199966207146645,5.0199966207146645,-3.1915683519633959,0,1,1,-3.1915683519633959,0,1,0,1
260,0.0199999865,Stopped,1,5.0199966207146645,5.0199966207146645,252,260,Advance,5.0199966207146645,-3.1915683519633959,5.0199966207146645,5.0199966207146645,-3.1915683519633959,0,1,1,-3.1915683519633959,0,1,0,1
261,0.0199999865,Stopped,1,5.0199966207146645,5.0199966207146645,252,261,Advance,5.0199966207146645,-3.1915683519633959,5.0199966207146645,5.0199966207146645,-3.1915683519633959,0,1,1,-3.1915683519633959,0,1,0,1
262,0.0199999865,Stopped,1,5.0199966207146645,5.0199966207146645,252,262,Advance,5.0199966207146645,-3.1915683519633959,5.0199966207146645,5.0199966207146645,-3.1915683519633959,0,1,1,-3.1915683519633959,0,1,0,1
263,0.0199999865,Stopped,1,5.0199966207146645,5.0199966207146645,252,263,Advance,5.0199966207146645,-3.1915683519633959,5.0199966207146645,5.0199966207146645,-3.1915683519633959,0,1,1,-3.1915683519633959,0,1,0,1
264,0.0199999865,Stopped,1,5.0199966207146645,5.0199966207146645,252,264,Advance,5.0199966207146645,-3.1915683519633959,5.0199966207146645,5.0199966207146645,-3.1915683519633959,0,1,1,-3.1915683519633959,0,1,0,1
265,0.0199999865,Stopped,1,5.0199966207146645,5.0199966207146645,252,265,Advance,5.0199966207146645,-3.1915683519633959,5.0199966207146645,5.0199966207146645,-3.1915683519633959,0,1,1,-3.1915683519633959,0,1,0,1
266,0.0199999865,Stopped,1,5.0199966207146645,5.0199966207146645,252,266,Advance,5.0199966207146645,-3.1915683519633959,5.0199966207146645,5.0199966207146645,-3.1915683519633959,0,1,1,-3.1915683519633959,0,1,0,1
267,0.0199999865,Stopped,1,5.0199966207146645,5.0199966207146645,252,267,Advance,5.0199966207146645,-3.1915683519633959,5.0199966207146645,5.0199966207146645,-3.1915683519633959,0,1,1,-3.1915683519633959,0,1,0,1
268,0.0199999865,Stopped,1,5.0199966207146645,5.0199966207146645,252,268,Advance,5.0199966207146645,-3.1915683519633959,5.0199966207146645,5.0199966207146645,-3.1915683519633959,0,1,1,-3.1915683519633959,0,1,0,1
269,0.0199999865,Stopped,1,5.0199966207146645,5.0199966207146645,252,269,Advance,5.0199966207146645,-3.1915683519633959,5.0199966207146645,5.0199966207146645,-3.1915683519633959,0,1,1,-3.1915683519633959,0,1,0,1
270,0.0199999865,Stopped,1,5.0199966207146645,5.0199966207146645,252,270,Advance,5.0199966207146645,-3.1915683519633959,5.0199966207146645,5.0199966207146645,-3.1915683519633959,0,1,1,-3.1915683519633959,0,1,0,1
271,0.0199999865,Stopped,1,5.0199966207146645,5.0199966207146645,252,271,Advance,5.0199966207146645,-3.1915683519633959,5.0199966207146645,5.0199966207146645,-3.1915683519633959,0,1,1,-3.1915683519633959,0,1,0,1
272,0.0199999865,Running,1,5.0399966072291136,5.0399966072291136,253,272,Advance,5.0399966072291136,-3.1812752796663522,5.0399966072291136,5.0399966072291136,-3.1812752796663522,0,1,1,-3.1812752796663522,0,1,0,2
273,0.0199999865,Running,1,5.0599965937435627,5.0599965937435627,254,273,Advance,5.0599965937435627,-3.17102437125495,5.0599965937435627,5.0599965937435627,-3.17102437125495,0,1,1,-3.17102437125495,0,1,0,2
274,0.0199999865,Running,1,5.0799965802580118,5.0799965802580118,255,274,Advance,5.0799965802580118,-3.1608116173296645,5.0799965802580118,5.0799965802580118,-3.1608116173296645,0,1,1,-3.1608116173296645,0,1,0,2
275,0.0199999865,Running,1,5.0999965667724609,5.0999965667724609,256,275,Advance,5.0999965667724609,-3.1506331650462469,5.0999965667724609,5.0999965667724609,-3.1506331650462469,0,1,1,-3.1506331650462469,0,1,0,2
276,0.0199999865,Running,1,5.11999655328691,5.11999655328691,257,276,Advance,5.11999655328691,-3.1404855515717962,5.11999655328691,5.11999655328691,-3.1404855515717962,0,1,1,-3.1404855515717962,0,1,0,2
277,0.0199999865,Running,1,5.1399965398013592,5.1399965398013592,258,277,Advance,5.1399965398013592,-3.1303649550112915,5.1399965398013592,5.1399965398013592,-3.1303649550112915,0,1,1,-3.1303649550112915,0,1,0,2
278,0.0199999865,Running,1,5.1599965263158083,5.1599965263158083,259,278,Advance,5.1599965263158083,-3.120268024228753,5.1599965263158083,5.1599965263158083,-3.120268024228753,0,1,1,-3.120268024228753,0,1,0,2
279,0.0199999865,Running,1,5.1799965128302574,5.1799965128302574,260,279,Advance,5.1799965128302574,-3.1101915856057478,5.1799965128302574,5.1799965128302574,-3.1101915856057478,0,1,1,-3.1101915856057478,0,1,0,2
280,0.0199999865,Running,1,5.1999964993447065,5.1999964993447065,261,280,Advance,5.1999964993447065,-3.1001326525378703,5.1999964993447065,5.1999964993447065,-3.1001326525378703,0,1,1,-3.1001326525378703,0,1,0,2
281,0.0199999865,Running,1,5.2199964858591557,5.2199964858591557,262,281,Advance,5.2199964858591557,-3.0900885375264666,5.2199964858591557,5.2199964858591557,-3.0900885375264666,0,1,1,-3.0900885375264666,0,1,0,2
282,0.0199999865,Running,1,5.2399964723736048,5.2399964723736048,263,282,Advance,5.2399964723736048,-3.0800565056770326,5.2399964723736048,5.2399964723736048,-3.0800565056770326,0,1,1,-3.0800565056770326,0,1,0,2
283,0.0199999865,Running,1,5.2599964588880539,5.2599964588880539,264,283,Advance,5.2599964588880539,-3.0700341904466182,5.2599964588880539,5.2599964588880539,-3.0700341904466182,0,1,1,-3.0700341904466182,0,1,0,2
284,0.0199999865,Running,1,5.279996445402503,5.279996445402503,265,284,Advance,5.279996445402503,-3.0600194511976828,5.279996445402503,5.279996445402503,-3.0600194511976828,0,1,1,-3.0600194511976828,0,1,0,2
285,0.0199999865,Running,1,5.2999964319169521,5.2999964319169521,266,285,Advance,5.2999964319169521,-3.0500103843290307,5.2999964319169521,5.2999964319169521,-3.0500103843290307,0,1,1,-3.0500103843290307,0,1,0,2
286,0.0199999865,Running,1,5.3199964184314013,5.3199964184314013,267,286,Advance,5.3199964184314013,-3.0400053585444176,5.3199964184314013,5.3199964184314013,-3.0400053585444176,0,1,1,-3.0400053585444176,0,1,0,2
287,0.0199999865,Running,1,5.33999640494585,5.33999640494585,268,287,Advance,5.33999640494585,-3.0300029425036219,5.33999640494585,5.33999640494585,-3.0300029425036219,0,1,1,-3.0300029425036219,0,1,0,2
288,0.0199999865,Running,1,5.3599963914602995,5.3599963914602995,269,288,Advance,5.3599963914602995,-3.0200020342490892,5.3599963914602995,5.3599963914602995,-3.0200020342490892,0,1,1,-3.0200020342490892,0,1,0,2
289,0.0199999865,Running,1,5.3799963779747486,5.3799963779747486,270,289,Advance,5.3799963779747486,-3.0100018255213188,5.3799963779747486,5.3799963779747486,-3.0100018255213188,0,1,1,-3.0100018255213188,0,1,0,2
290,0.0199999865,Running,1,5.3999963644891977,5.3999963644891977,271,290,Advance,5.3999963644891977,-3.0000018177558374,5.3999963644891977,5.3999963644891977,-3.0000018177558374,0,1,1,-3.0000018177558374,0,1,0,2
291,0.0199999865,Running,1,5.4199963510036469,5.4199963510036469,272,291,Advance,5.4199963510036469,-2.9900018249981768,5.4199963510036469,5.4199963510036469,-2.9900018249981768,0,1,1,-2.9900018249981768,0,1,0,2
292,0.0199999865,Running,1,5.439996337518096,5.439996337518096,273,292,Advance,5.439996337518096,-2.9800018315405126,5.439996337518096,5.439996337518096,-2.9800018315405126,0,1,1,-2.9800018315405126,0,1,0,2
293,0.0199999865,Running,1,5.4599963240325451,5.4599963240325451,274,293,Advance,5.4599963240325451,-2.9700018382841686,5.4599963240325451,5.4599963240325451,-2.9700018382841686,0,1,1,-2.9700018382841686,0,1,0,2
294,0.0199999865,Running,1,5.4799963105469942,5.4799963105469942,275,294,Advance,5.4799963105469942,-2.9600018452265031,5.4799963105469942,5.4799963105469942,-2.9600018452265031,0,1,1,-2.9600018452265031,0,1,0,2
295,0.0199999865,Running,1,5.4999962970614433,5.4999962970614433,276,295,Advance,5.4999962970614433,-2.950001851469723,5.4999962970614433,5.4999962970614433,-2.950001851469723,0,1,1,-2.950001851469723,0,1,0,2
296,0.0199999865,Running,1,5.5199962835758924,5.5199962835758924,277,296,Advance,5.5199962835758924,-2.9400018587120536,5.5199962835758924,5.5199962835758924,-2.9400018587120536,0,1,1,-2.9400018587120536,0,1,0,2
297,0.0199999865,Running,1,5.5399962700903416,5.5399962700903416,278,297,Advance,5.5399962700903416,-2.9300018652543818,5.5399962700903416,5.5399962700903416,-2.9300018652543818,0,1,1,-2.9300018652543818,0,1,0,2
298,0.0199999865,Running,1,5.5599962566047907,5.5599962566047907,279,298,Advance,5.5599962566047907,-2.9200018719980538,5.5599962566047907,5.5599962566047907,-2.9200018719980538,0,1,1,-2.9200018719980538,0,1,0,2
299,0.0199999865,Running,1,5.57999624311924,5.57999624311924,280,299,Advance,5.57999624311924,-2.91000187894038,5.57999624311924,5.57999624311924,-2.91000187894038,0,1,1,-2.91000187894038,0,1,0,2
300,0.0199999865,Running,1,5.5999962296336889,5.5999962296336889,281,300,Advance,5.5999962296336889,-2.9000018851836078,5.5999962296336889,5.5999962296336889,-2.9000018851836078,0,1,1,-2.9000018851836078,0,1,0,2
301,0.0199999865,Running,1,5.619996216148138,5.619996216148138,282,301,Advance,5.619996216148138,-2.8900018924259312,5.619996216148138,5.619996216148138,-2.8900018924259312,0,1,1,-2.8900018924259312,0,1,0,2
302,0.0199999865,Running,1,5.6399962026625872,5.6399962026625872,283,302,Advance,5.6399962026625872,-2.8800018989682505,5.6399962026625872,5.6399962026625872,-2.8800018989682505,0,1,1,-2.8800018989682505,0,1,0,2
303,0.0199999865,Running,1,5.6599961891770363,5.6599961891770363,284,303,Advance,5.6599961891770363,-2.870001905711939,5.6599961891770363,5.6599961891770363,-2.870001905711939,0,1,1,-2.870001905711939,0,1,0,2
304,0.0199999865,Running,1,5.6799961756914854,5.6799961756914854,285,304,Advance,5.6799961756914854,-2.8600019126542571,5.6799961756914854,5.6799961756914854,-2.8600019126542571,0,1,1,-2.8600019126542571,0,1,0,2
305,0.0199999865,Running,1,5.6999961622059345,5.6999961622059345,286,305,Advance,5.6999961622059345,-2.8500019188974934,5.6999961622059345,5.6999961622059345,-2.8500019188974934,0,1,1,-2.8500019188974934,0,1,0,2
306,0.0199999865,Running,1,5.7199961487203836,5.7199961487203836,287,306,Advance,5.7199961487203836,-2.840001926139808,5.7199961487203836,5.7199961487203836,-2.840001926139808,0,1,1,-2.840001926139808,0,1,0,2
307,0.0199999865,Running,1,5.7399961352348328,5.7399961352348328,288,307,Advance,5.7399961352348328,-2.8300019326821197,5.7399961352348328,5.7399961352348328,-2.8300019326821197,0,1,1,-2.8300019326821197,0,1,0,2
308,0.0199999865,Running,1,5.7599961217492819,5.7599961217492819,289,308,Advance,5.7599961217492819,-2.8200019394258247,5.7599961217492819,5.7599961217492819,-2.8200019394258247,0,1,1,-2.8200019394258247,0,1,0,2
309,0.0199999865,Running,1,5.779996108263731,5.779996108263731,290,309,Advance,5.779996108263731,-2.8100019463681347,5.779996108263731,5.779996108263731,-2.8100019463681347,0,1,1,-2.8100019463681347,0,1,0,2
310,0.0199999865,Running,1,5.79999609477818,5.79999609477818,291,310,Advance,5.79999609477818,-2.8000019526113782,5.79999609477818,5.79999609477818,-2.8000019526113782,0,1,1,-2.8000019526113782,0,1,0,2
311,0.0199999865,Running,1,5.8199960812926292,5.8199960812926292,292,311,Advance,5.8199960812926292,-2.7900019598536856,5.8199960812926292,5.8199960812926292,-2.7900019598536856,0,1,1,-2.7900019598536856,0,1,0,2
312,0.0199999865,Running,1,5.8399960678070784,5.8399960678070784,293,312,Advance,5.8399960678070784,-2.780001966395989,5.8399960678070784,5.8399960678070784,-2.780001966395989,0,1,1,-2.780001966395989,0,1,0,2
313,0.0199999865,Running,1,5.8599960543215275,5.8599960543215275,294,313,Advance,5.8599960543215275,-2.77000197313971,5.8599960543215275,5.8599960543215275,-2.77000197313971,0,1,1,-2.77000197313971,0,1,0,2
314,0.0199999865,Running,1,5.8799960408359766,5.8799960408359766,295,314,Advance,5.8799960408359766,-2.7600019800820115,5.8799960408359766,5.8799960408359766,-2.7600019800820115,0,1,1,-2.7600019800820115,0,1,0,2
315,0.0199999865,Running,1,5.8999960273504257,5.8999960273504257,296,315,Advance,5.8999960273504257,-2.7500019863252638,5.8999960273504257,5.8999960273504257,-2.7500019863252638,0,1,1,-2.7500019863252638,0,1,0,2
316,0.0199999865,Running,1,5.9199960138648748,5.9199960138648748,297,316,Advance,5.9199960138648748,-2.7400019935675628,5.9199960138648748,5.9199960138648748,-2.7400019935675628,0,1,1,-2.7400019935675628,0,1,0,2
317,0.0199999865,Running,1,5.939996000379324,5.939996000379324,298,317,Advance,5.939996000379324,-2.7300020001098582,5.939996000379324,5.939996000379324,-2.7300020001098582,0,1,1,-2.7300020001098582,0,1,0,2
318,0.0199999865,Running,1,5.9599959868937731,5.9599959868937731,299,318,Advance,5.9599959868937731,-2.7200020068535951,5.9599959868937731,5.9599959868937731,-2.7200020068535951,0,1,1,-2.7200020068535951,0,1,0,2
319,0.0199999865,Running,1,5.9799959734082222,5.9799959734082222,300,319,Advance,5.9799959734082222,-2.7100020137958891,5.9799959734082222,5.9799959734082222,-2.7100020137958891,0,1,1,-2.7100020137958891,0,1,0,2
320,0.0199999865,Running,1,5.9999959599226713,5.9999959599226713,301,320,Advance,5.9999959599226713,-2.7000020200391495,5.9999959599226713,5.9999959599226713,-2.7000020200391495,0,1,1,-2.7000020200391495,0,1,0,2
321,0.0199999865,Running,1,6.01999594643712,6.01999594643712,302,321,Advance,6.01999594643712,-2.6900020272814396,6.01999594643712,6.01999594643712,-2.6900020272814396,0,1,1,-2.6900020272814396,0,1,0,2
322,0.0199999865,Running,1,6.03999593295157,6.03999593295157,303,322,Advance,6.03999593295157,-2.6800020338237274,6.03999593295157,6.03999593295157,-2.6800020338237274,0,1,1,-2.6800020338237274,0,1,0,2
323,0.0199999865,Running,1,6.0599959194660187,6.0599959194660187,304,323,Advance,6.0599959194660187,-2.6700020405674807,6.0599959194660187,6.0599959194660187,-2.6700020405674807,0,1,1,-2.6700020405674807,0,1,0,2
324,0.0199999865,Running,1,6.0799959059804678,6.0799959059804678,305,324,Advance,6.0799959059804678,-2.6600020475097659,6.0799959059804678,6.0799959059804678,-2.6600020475097659,0,1,1,-2.6600020475097659,0,1,0,2
325,0.0199999865,Running,1,6.0999958924949169,6.0999958924949169,306,325,Advance,6.0999958924949169,-2.6500020537530342,6.0999958924949169,6.0999958924949169,-2.6500020537530342,0,1,1,-2.6500020537530342,0,1,0,2
326,0.0199999865,Running,1,6.119995879009366,6.119995879009366,307,326,Advance,6.119995879009366,-2.6400020609953172,6.119995879009366,6.119995879009366,-2.6400020609953172,0,1,1,-2.6400020609953172,0,1,0,2
327,0.0199999865,Running,1,6.1399958655238152,6.1399958655238152,308,327,Advance,6.1399958655238152,-2.6300020675375961,6.1399958655238152,6.1399958655238152,-2.6300020675375961,0,1,1,-2.6300020675375961,0,1,0,2
328,0.0199999865,Running,1,6.1599958520382643,6.1599958520382643,309,328,Advance,6.1599958520382643,-2.6200020742813654,6.1599958520382643,6.1599958520382643,-2.6200020742813654,0,1,1,-2.6200020742813654,0,1,0,2
329,0.0199999865,Running,1,6.1799958385527134,6.1799958385527134,310,329,Advance,6.1799958385527134,-2.6100020812236431,6.1799958385527134,6.1799958385527134,-2.6100020812236431,0,1,1,-2.6100020812236431,0,1,0,2
330,0.0199999865,Running,1,6.1999958250671625,6.1999958250671625,311,330,Advance,6.1999958250671625,-2.60000208746692,6.1999958250671625,6.1999958250671625,-2.60000208746692,0,1,1,-2.60000208746692,0,1,0,2
331,0.0199999865,Running,1,6.2199958115816116,6.2199958115816116,312,331,Advance,6.2199958115816116,-2.590002094709194,6.2199958115816116,6.2199958115816116,-2.590002094709194,0,1,1,-2.590002094709194,0,1,0,2
332,0.0199999865,Running,1,6.2399957980960608,6.2399957980960608,313,332,Advance,6.2399957980960608,-2.5800021012514653,6.2399957980960608,6.2399957980960608,-2.5800021012514653,0,1,1,-2.5800021012514653,0,1,0,2
333,0.0199999865,Running,1,6.25999578461051,6.25999578461051,314,333,Advance,6.25999578461051,-2.5700021079952511,6.25999578461051,6.25999578461051,-2.5700021079952511,0,1,1,-2.5700021079952511,0,1,0,2
334,0.0199999865,Running,1,6.279995771124959,6.279995771124959,315,334,Advance,6.279995771124959,-2.5600021149375207,6.279995771124959,6.279995771124959,-2.5600021149375207,0,1,1,-2.5600021149375207,0,1,0,2
335,0.0199999865,Running,1,6.2999957576394081,6.2999957576394081,316,335,Advance,6.2999957576394081,-2.5500021211808046,6.2999957576394081,6.2999957576394081,-2.5500021211808046,0,1,1,-2.5500021211808046,0,1,0,2
336,0.0199999865,Running,1,6.3199957441538572,6.3199957441538572,317,336,Advance,6.3199957441538572,-2.5400021284230716,6.3199957441538572,6.3199957441538572,-2.5400021284230716,0,1,1,-2.5400021284230716,0,1,0,2
337,0.0199999865,Running,1,6.3399957306683064,6.3399957306683064,318,337,Advance,6.3399957306683064,-2.5300021349653345,6.3399957306683064,6.3399957306683064,-2.5300021349653345,0,1,1,-2.5300021349653345,0,1,0,2
338,0.0199999865,Running,1,6.3599957171827555,6.3599957171827555,319,338,Advance,6.3599957171827555,-2.5200021417091363,6.3599957171827555,6.3599957171827555,-2.5200021417091363,0,1,1,-2.5200021417091363,0,1,0,2
339,0.0199999865,Running,1,6.3799957036972046,6.3799957036972046,320,339,Advance,6.3799957036972046,-2.5100021486513975,6.3799957036972046,6.3799957036972046,-2.5100021486513975,0,1,1,-2.5100021486513975,0,1,0,2
340,0.0199999865,Running,1,6.3999956902116537,6.3999956902116537,321,340,Advance,6.3999956902116537,-2.5000021548946907,6.3999956902116537,6.3999956902116537,-2.5000021548946907,0,1,1,-2.5000021548946907,0,1,0,2
341,0.0199999865,Running,1,6.4199956767261028,6.4199956767261028,322,341,Advance,6.4199956767261028,-2.4900021621369488,6.4199956767261028,6.4199956767261028,-2.4900021621369488,0,1,1,-2.4900021621369488,0,1,0,2
342,0.0199999865,Running,1,6.4399956632405519,6.4399956632405519,323,342,Advance,6.4399956632405519,-2.4800021686792033,6.4399956632405519,6.4399956632405519,-2.4800021686792033,0,1,1,-2.4800021686792033,0,1,0,2
343,0.0199999865,Running,1,6.4599956497550011,6.4599956497550011,324,343,Advance,6.4599956497550011,-2.4700021754230215,6.4599956497550011,6.4599956497550011,-2.4700021754230215,0,1,1,-2.4700021754230215,0,1,0,2
344,0.0199999865,Running,1,6.47999563626945,6.47999563626945,325,344,Advance,6.47999563626945,-2.4600021823652751,6.47999563626945,6.47999563626945,-2.4600021823652751,0,1,1,-2.4600021823652751,0,1,0,2
345,0.0199999865,Running,1,6.4999956227838993,6.4999956227838993,326,345,Advance,6.4999956227838993,-2.4500021886085759,6.4999956227838993,6.4999956227838993,-2.4500021886085759,0,1,1,-2.4500021886085759,0,1,0,2
346,0.0199999865,Running,1,6.5199956092983484,6.5199956092983484,327,346,Advance,6.5199956092983484,-2.4400021958508256,6.5199956092983484,6.5199956092983484,-2.4400021958508256,0,1,1,-2.4400021958508256,0,1,0,2
347,0.0199999865,Running,1,6.5399955958127975,6.5399955958127975,328,347,Advance,6.5399955958127975,-2.4300022023930725,6.5399955958127975,6.5399955958127975,-2.4300022023930725,0,1,1,-2.4300022023930725,0,1,0,2
348,0.0199999865,Running,1,6.5599955823272467,6.5599955823272467,329,348,Advance,6.5599955823272467,-2.4200022091369071,6.5599955823272467,6.5599955823272467,-2.4200022091369071,0,1,1,-2.4200022091369071,0,1,0,2
349,0.0199999865,Running,1,6.5799955688416958,6.5799955688416958,330,349,Advance,6.5799955688416958,-2.4100022160791519,6.5799955688416958,6.5799955688416958,-2.4100022160791519,0,1,1,-2.4100022160791519,0,1,0,2
350,0.0199999865,Running,1,6.5999955553561449,6.5999955553561449,331,350,Advance,6.5999955553561449,-2.4000022223224606,6.5999955553561449,6.5999955553561449,-2.4000022223224606,0,1,1,-2.4000022223224606,0,1,0,2
351,0.0199999865,Running,1,6.619995541870594,6.619995541870594,332,351,Advance,6.619995541870594,-2.3900022295647032,6.619995541870594,6.619995541870594,-2.3900022295647032,0,1,1,-2.3900022295647032,0,1,0,2
352,0.0199999865,Running,1,6.6399955283850431,6.6399955283850431,333,352,Advance,6.6399955283850431,-2.3800022361069417,6.6399955283850431,6.6399955283850431,-2.3800022361069417,0,1,1,-2.3800022361069417,0,1,0,2
353,0.0199999865,Running,1,6.6599955148994923,6.6599955148994923,334,353,Advance,6.6599955148994923,-2.3700022428507919,6.6599955148994923,6.6599955148994923,-2.3700022428507919,0,1,1,-2.3700022428507919,0,1,0,2
354,0.0199999865,Running,1,6.6799955014139414,6.6799955014139414,335,354,Advance,6.6799955014139414,-2.3600022497930291,6.6799955014139414,6.6799955014139414,-2.3600022497930291,0,1,1,-2.3600022497930291,0,1,0,2
355,0.0199999865,Running,1,6.6999954879283905,6.6999954879283905,336,355,Advance,6.6999954879283905,-2.3500022560363463,6.6999954879283905,6.6999954879283905,-2.3500022560363463,0,1,1,-2.3500022560363463,0,1,0,2
356,0.0199999865,Running,1,6.71999547444284,6.71999547444284,337,356,Advance,6.71999547444284,-2.34000226327858,6.71999547444284,6.71999547444284,-2.34000226327858,0,1,1,-2.34000226327858,0,1,0,2
357,0.0199999865,Running,1,6.7399954609572887,6.7399954609572887,338,357,Advance,6.7399954609572887,-2.3300022698208105,6.7399954609572887,6.7399954609572887,-2.3300022698208105,0,1,1,-2.3300022698208105,0,1,0,2
358,0.0199999865,Running,1,6.7599954474717379,6.7599954474717379,339,358,Advance,6.7599954474717379,-2.3200022765646775,6.7599954474717379,6.7599954474717379,-2.3200022765646775,0,1,1,-2.3200022765646775,0,1,0,2
359,0.0199999865,Running,1,6.779995433986187,6.779995433986187,340,359,Advance,6.779995433986187,-2.3100022835069067,6.779995433986187,6.779995433986187,-2.3100022835069067,0,1,1,-2.3100022835069067,0,1,0,2
360,0.0199999865,Running,1,6.7999954205006361,6.7999954205006361,341,360,Advance,6.7999954205006361,-2.300002289750231,6.7999954205006361,6.7999954205006361,-2.300002289750231,0,1,1,-2.300002289750231,0,1,0,2
361,0.0199999865,Running,1,6.8199954070150852,6.8199954070150852,342,361,Advance,6.8199954070150852,-2.2900022969924576,6.8199954070150852,6.8199954070150852,-2.2900022969924576,0,1,1,-2.2900022969924576,0,1,0,2
362,0.0199999865,Running,1,6.8399953935295343,6.8399953935295343,343,362,Advance,6.8399953935295343,-2.28000230353468,6.8399953935295343,6.8399953935295343,-2.28000230353468,0,1,1,-2.28000230353468,0,1,0,2
363,0.0199999865,Running,1,6.8599953800439835,6.8599953800439835,344,363,Advance,6.8599953800439835,-2.2700023102785627,6.8599953800439835,6.8599953800439835,-2.2700023102785627,0,1,1,-2.2700023102785627,0,1,0,2
364,0.0199999865,Running,1,6.8799953665584326,6.8799953665584326,345,364,Advance,6.8799953665584326,-2.2600023172207835,6.8799953665584326,6.8799953665584326,-2.2600023172207835,0,1,1,-2.2600023172207835,0,1,0,2
365,0.0199999865,Running,1,6.8999953530728817,6.8999953530728817,346,365,Advance,6.8999953530728817,-2.2500023234641171,6.8999953530728817,6.8999953530728817,-2.2500023234641171,0,1,1,-2.2500023234641171,0,1,0,2
366,0.0199999865,Running,1,6.9199953395873308,6.9199953395873308,347,366,Advance,6.9199953395873308,-2.2400023307063348,6.9199953395873308,6.9199953395873308,-2.2400023307063348,0,1,1,-2.2400023307063348,0,1,0,2
367,0.0199999865,Running,1,6.93999532610178,6.93999532610178,348,367,Advance,6.93999532610178,-2.2300023372485489,6.93999532610178,6.93999532610178,-2.2300023372485489,0,1,1,-2.2300023372485489,0,1,0,2
368,0.0199999865,Running,1,6.9599953126162291,6.9599953126162291,349,368,Advance,6.9599953126162291,-2.2200023439924479,6.9599953126162291,6.9599953126162291,-2.2200023439924479,0,1,1,-2.2200023439924479,0,1,0,2
369,0.0199999865,Running,1,6.9799952991306782,6.9799952991306782,350,369,Advance,6.9799952991306782,-2.2100023509346611,6.9799952991306782,6.9799952991306782,-2.2100023509346611,0,1,1,-2.2100023509346611,0,1,0,2
370,0.0199999865,Running,1,6.9999952856451273,6.9999952856451273,351,370,Advance,6.9999952856451273,-2.2000023571780023,6.9999952856451273,6.9999952856451273,-2.2000023571780023,0,1,1,-2.2000023571780023,0,1,0,2
371,0.0199999865,Running,1,7.0199952721595764,7.0199952721595764,352,371,Advance,7.0199952721595764,-2.1900023644202116,7.0199952721595764,7.0199952721595764,-2.1900023644202116,0,1,1,-2.1900023644202116,0,1,0,2
372,0.0199999865,Running,1,7.0399952586740255,7.0399952586740255,353,372,Advance,7.0399952586740255,-2.1800023709624181,7.0399952586740255,7.0399952586740255,-2.1800023709624181,0,1,1,-2.1800023709624181,0,1,0,2
373,0.0199999865,Running,1,7.0599952451884747,7.0599952451884747,354,373,Advance,7.0599952451884747,-2.1700023777063335,7.0599952451884747,7.0599952451884747,-2.1700023777063335,0,1,1,-2.1700023777063335,0,1,0,2
374,0.0199999865,Running,1,7.0799952317029238,7.0799952317029238,355,374,Advance,7.0799952317029238,-2.1600023846485379,7.0799952317029238,7.0799952317029238,-2.1600023846485379,0,1,1,-2.1600023846485379,0,1,0,2
375,0.0199999865,Running,1,7.0999952182173729,7.0999952182173729,356,375,Advance,7.0999952182173729,-2.150002390891887,7.0999952182173729,7.0999952182173729,-2.150002390891887,0,1,1,-2.150002390891887,0,1,0,2
376,0.0199999865,Running,1,7.119995204731822,7.119995204731822,357,376,Advance,7.119995204731822,-2.1400023981340892,7.119995204731822,7.119995204731822,-2.1400023981340892,0,1,1,-2.1400023981340892,0,1,0,2
377,0.0199999865,Running,1,7.1399951912462711,7.1399951912462711,358,377,Advance,7.1399951912462711,-2.1300024046762873,7.1399951912462711,7.1399951912462711,-2.1300024046762873,0,1,1,-2.1300024046762873,0,1,0,2
378,0.0199999865,Running,1,7.15999517776072,7.15999517776072,359,378,Advance,7.15999517776072,-2.1200024114202183,7.15999517776072,7.15999517776072,-2.1200024114202183,0,1,1,-2.1200024114202183,0,1,0,2
379,0.0199999865,Running,1,7.1799951642751694,7.1799951642751694,360,379,Advance,7.1799951642751694,-2.1100024183624151,7.1799951642751694,7.1799951642751694,-2.1100024183624151,0,1,1,-2.1100024183624151,0,1,0,2
380,0.0199999865,Running,1,7.1999951507896185,7.1999951507896185,361,380,Advance,7.1999951507896185,-2.1000024246057727,7.1999951507896185,7.1999951507896185,-2.1000024246057727,0,1,1,-2.1000024246057727,0,1,0,2
381,0.0199999865,Running,1,7.2199951373040676,7.2199951373040676,362,381,Advance,7.2199951373040676,-2.090002431847966,7.2199951373040676,7.2199951373040676,-2.090002431847966,0,1,1,-2.090002431847966,0,1,0,2
382,0.0199999865,Running,1,7.2399951238185167,7.2399951238185167,363,382,Advance,7.2399951238185167,-2.0800024383901561,7.2399951238185167,7.2399951238185167,-2.0800024383901561,0,1,1,-2.0800024383901561,0,1,0,2
383,0.0199999865,Running,1,7.2599951103329659,7.2599951103329659,364,383,Advance,7.2599951103329659,-2.0700024451341039,7.2599951103329659,7.2599951103329659,-2.0700024451341039,0,1,1,-2.0700024451341039,0,1,0,2
384,0.0199999865,Running,1,7.279995096847415,7.279995096847415,365,384,Advance,7.279995096847415,-2.0600024520762927,7.279995096847415,7.279995096847415,-2.0600024520762927,0,1,1,-2.0600024520762927,0,1,0,2
385,0.0199999865,Running,1,7.2999950833618641,7.2999950833618641,366,385,Advance,7.2999950833618641,-2.0500024583196579,7.2999950833618641,7.2999950833618641,-2.0500024583196579,0,1,1,-2.0500024583196579,0,1,0,2
386,0.0199999865,Running,1,7.3199950698763132,7.3199950698763132,367,386,Advance,7.3199950698763132,-2.0400024655618436,7.3199950698763132,7.3199950698763132,-2.0400024655618436,0,1,1,-2.0400024655618436,0,1,0,2
387,0.0199999865,Running,1,7.3399950563907623,7.3399950563907623,368,387,Advance,7.3399950563907623,-2.0300024721040257,7.3399950563907623,7.3399950563907623,-2.0300024721040257,0,1,1,-2.0300024721040257,0,1,0,2
388,0.0199999865,Running,1,7.3599950429052114,7.3599950429052114,369,388,Advance,7.3599950429052114,-2.0200024788479891,7.3599950429052114,7.3599950429052114,-2.0200024788479891,0,1,1,-2.0200024788479891,0,1,0,2
389,0.0199999865,Running,1,7.3799950294196606,7.3799950294196606,370,389,Advance,7.3799950294196606,-2.0100024857901695,7.3799950294196606,7.3799950294196606,-2.0100024857901695,0,1,1,-2.0100024857901695,0,1,0,2
390,0.0199999865,Running,1,7.39999501593411,7.39999501593411,371,390,Advance,7.39999501593411,-2.0000024920335435,7.39999501593411,7.39999501593411,-2.0000024920335435,0,1,1,-2.0000024920335435,0,1,0,2
391,0.0199999865,Running,1,7.4199950024485588,7.4199950024485588,372,391,Advance,7.4199950024485588,-1.9900024992757206,7.4199950024485588,7.4199950024485588,-1.9900024992757206,0,1,1,-1.9900024992757206,0,1,0,2
392,0.0199999865,Running,1,7.4399949889630079,7.4399949889630079,373,392,Advance,7.4399949889630079,-1.9800025058178947,7.4399949889630079,7.4399949889630079,-1.9800025058178947,0,1,1,-1.9800025058178947,0,1,0,2
393,0.0199999865,Running,1,7.459994975477457,7.459994975477457,374,393,Advance,7.459994975477457,-1.9700025125618743,7.459994975477457,7.459994975477457,-1.9700025125618743,0,1,1,-1.9700025125618743,0,1,0,2
394,0.0199999865,Running,1,7.4799949619919062,7.4799949619919062,375,394,Advance,7.4799949619919062,-1.9600025195040471,7.4799949619919062,7.4799949619919062,-1.9600025195040471,0,1,1,-1.9600025195040471,0,1,0,2
395,0.0199999865,Running,1,7.4999949485063553,7.4999949485063553,376,395,Advance,7.4999949485063553,-1.9500025257474285,7.4999949485063553,7.4999949485063553,-1.9500025257474285,0,1,1,-1.9500025257474285,0,1,0,2
396,0.0199999865,Running,1,7.5199949350208044,7.5199949350208044,377,396,Advance,7.5199949350208044,-1.9400025329895976,7.5199949350208044,7.5199949350208044,-1.9400025329895976,0,1,1,-1.9400025329895976,0,1,0,2
397,0.0199999865,Running,1,7.5399949215352535,7.5399949215352535,378,397,Advance,7.5399949215352535,-1.9300025395317639,7.5399949215352535,7.5399949215352535,-1.9300025395317639,0,1,1,-1.9300025395317639,0,1,0,2
398,0.0199999865,Running,1,7.5599949080497026,7.5599949080497026,379,398,Advance,7.5599949080497026,-1.9200025462757597,7.5599949080497026,7.5599949080497026,-1.9200025462757597,0,1,1,-1.9200025462757597,0,1,0,2
399,0.0199999865,Running,1,7.5799948945641518,7.5799948945641518,380,399,Advance,7.5799948945641518,-1.9100025532179241,7.5799948945641518,7.5799948945641518,-1.9100025532179241,0,1,1,-1.9100025532179241,0,1,0,2
400,0.0199999865,Running,1,7.5999948810786009,7.5999948810786009,381,400,Advance,7.5999948810786009,-1.9000025594613135,7.5999948810786009,7.5999948810786009,-1.9000025594613135,0,1,1,-1.9000025594613135,0,1,0,2
401,0.0199999865,Running,1,7.61999486759305,7.61999486759305,382,401,Advance,7.61999486759305,-1.890002566703475,7.61999486759305,7.61999486759305,-1.890002566703475,0,1,1,-1.890002566703475,0,1,0,2
402,0.0199999865,Running,1,7.6399948541074991,7.6399948541074991,383,402,Advance,7.6399948541074991,-1.8800025732456329,7.6399948541074991,7.6399948541074991,-1.8800025732456329,0,1,1,-1.8800025732456329,0,1,0,2
403,0.0199999865,Running,1,7.6599948406219482,7.6599948406219482,384,403,Advance,7.6599948406219482,-1.8700025799896449,7.6599948406219482,7.6599948406219482,-1.8700025799896449,0,1,1,-1.8700025799896449,0,1,0,2
404,0.0199999865,Running,1,7.6799948271363974,7.6799948271363974,385,404,Advance,7.6799948271363974,-1.8600025869318011,7.6799948271363974,7.6799948271363974,-1.8600025869318011,0,1,1,-1.8600025869318011,0,1,0,2
405,0.0199999865,Running,1,7.6999948136508465,7.6999948136508465,386,405,Advance,7.6999948136508465,-1.8500025931751993,7.6999948136508465,7.6999948136508465,-1.8500025931751993,0,1,1,-1.8500025931751993,0,1,0,2
406,0.0199999865,Running,1,7.7199948001652956,7.7199948001652956,387,406,Advance,7.7199948001652956,-1.8400026004173522,7.7199948001652956,7.7199948001652956,-1.8400026004173522,0,1,1,-1.8400026004173522,0,1,0,2
407,0.0199999865,Running,1,7.7399947866797447,7.7399947866797447,388,407,Advance,7.7399947866797447,-1.8300026069595019,7.7399947866797447,7.7399947866797447,-1.8300026069595019,0,1,1,-1.8300026069595019,0,1,0,2
408,0.0199999865,Running,1,7.7599947731941938,7.7599947731941938,389,408,Advance,7.7599947731941938,-1.8200026137035306,7.7599947731941938,7.7599947731941938,-1.8200026137035306,0,1,1,-1.8200026137035306,0,1,0,2
409,0.0199999865,Running,1,7.779994759708643,7.779994759708643,390,409,Advance,7.779994759708643,-1.8100026206456785,7.779994759708643,7.779994759708643,-1.8100026206456785,0,1,1,-1.8100026206456785,0,1,0,2
410,0.0199999865,Running,1,7.7999947462230921,7.7999947462230921,391,410,Advance,7.7999947462230921,-1.8000026268890843,7.7999947462230921,7.7999947462230921,-1.8000026268890843,0,1,1,-1.8000026268890843,0,1,0,2
411,0.0199999865,Running,1,7.8199947327375412,7.8199947327375412,392,411,Advance,7.8199947327375412,-1.7900026341312296,7.8199947327375412,7.8199947327375412,-1.7900026341312296,0,1,1,-1.7900026341312296,0,1,0,2
412,0.0199999865,Running,1,7.83999471925199,7.83999471925199,393,412,Advance,7.83999471925199,-1.7800026406733711,7.83999471925199,7.83999471925199,-1.7800026406733711,0,1,1,-1.7800026406733711,0,1,0,2
413,0.0199999865,Running,1,7.8599947057664394,7.8599947057664394,394,413,Advance,7.8599947057664394,-1.7700026474174155,7.8599947057664394,7.8599947057664394,-1.7700026474174155,0,1,1,-1.7700026474174155,0,1,0,2
414,0.0199999865,Running,1,7.8799946922808886,7.8799946922808886,395,414,Advance,7.8799946922808886,-1.7600026543595557,7.8799946922808886,7.8799946922808886,-1.7600026543595557,0,1,1,-1.7600026543595557,0,1,0,2
415,0.0199999865,Running,1,7.8999946787953377,7.8999946787953377,396,415,Advance,7.8999946787953377,-1.75000266060297,7.8999946787953377,7.8999946787953377,-1.75000266060297,0,1,1,-1.75000266060297,0,1,0,2
416,0.0199999865,Running,1,7.9199946653097868,7.9199946653097868,397,416,Advance,7.9199946653097868,-1.7400026678451066,7.9199946653097868,7.9199946653097868,-1.7400026678451066,0,1,1,-1.7400026678451066,0,1,0,2
417,0.0199999865,Running,1,7.9399946518242359,7.9399946518242359,398,417,Advance,7.9399946518242359,-1.7300026743872403,7.9399946518242359,7.9399946518242359,-1.7300026743872403,0,1,1,-1.7300026743872403,0,1,0,2
418,0.0199999865,Running,1,7.959994638338685,7.959994638338685,399,418,Advance,7.959994638338685,-1.7200026811313007,7.959994638338685,7.959994638338685,-1.7200026811313007,0,1,1,-1.7200026811313007,0,1,0,2
419,0.0199999865,Running,1,7.9799946248531342,7.9799946248531342,400,419,Advance,7.9799946248531342,-1.7100026880734331,7.9799946248531342,7.9799946248531342,-1.7100026880734331,0,1,1,-1.7100026880734331,0,1,0,2
420,0.0199999865,Running,1,7.9999946113675833,7.9999946113675833,401,420,Advance,7.9999946113675833,-1.7000026943168549,7.9999946113675833,7.9999946113675833,-1.7000026943168549,0,1,1,-1.7000026943168549,0,1,0,2
421,0.0199999865,Running,1,8.0199945978820324,8.0199945978820324,402,421,Advance,8.0199945978820324,-1.690002701558984,8.0199945978820324,8.0199945978820324,-1.690002701558984,0,1,1,-1.690002701558984,0,1,0,2
422,0.0199999865,Running,1,8.0399945843964815,8.0399945843964815,403,422,Advance,8.0399945843964815,-1.6800027081011091,8.0399945843964815,8.0399945843964815,-1.6800027081011091,0,1,1,-1.6800027081011091,0,1,0,2
423,0.0199999865,Running,1,8.05999457091093,8.05999457091093,404,423,Advance,8.05999457091093,-1.6700027148451861,8.05999457091093,8.05999457091093,-1.6700027148451861,0,1,1,-1.6700027148451861,0,1,0,2
424,0.0199999865,Running,1,8.07999455742538,8.07999455742538,405,424,Advance,8.07999455742538,-1.6600027217873106,8.07999455742538,8.07999455742538,-1.6600027217873106,0,1,1,-1.6600027217873106,0,1,0,2
425,0.0199999865,Running,1,8.0999945439398289,8.0999945439398289,406,425,Advance,8.0999945439398289,-1.65000272803074,8.0999945439398289,8.0999945439398289,-1.65000272803074,0,1,1,-1.65000272803074,0,1,0,2
426,0.0199999865,Running,1,8.119994530454278,8.119994530454278,407,426,Advance,8.119994530454278,-1.640002735272861,8.119994530454278,8.119994530454278,-1.640002735272861,0,1,1,-1.640002735272861,0,1,0,2
427,0.0199999865,Running,1,8.1399945169687271,8.1399945169687271,408,427,Advance,8.1399945169687271,-1.6300027418149785,8.1399945169687271,8.1399945169687271,-1.6300027418149785,0,1,1,-1.6300027418149785,0,1,0,2
428,0.0199999865,Running,1,8.1599945034831762,8.1599945034831762,409,428,Advance,8.1599945034831762,-1.6200027485590713,8.1599945034831762,8.1599945034831762,-1.6200027485590713,0,1,1,-1.6200027485590713,0,1,0,2
429,0.0199999865,Running,1,8.1799944899976254,8.1799944899976254,410,429,Advance,8.1799944899976254,-1.6100027555011875,8.1799944899976254,8.1799944899976254,-1.6100027555011875,0,1,1,-1.6100027555011875,0,1,0,2
430,0.0199999865,Running,1,8.1999944765120745,8.1999944765120745,411,430,Advance,8.1999944765120745,-1.6000027617446253,8.1999944765120745,8.1999944765120745,-1.6000027617446253,0,1,1,-1.6000027617446253,0,1,0,2
431,0.0199999865,Running,1,8.2199944630265236,8.2199944630265236,412,431,Advance,8.2199944630265236,-1.5900027689867382,8.2199944630265236,8.2199944630265236,-1.5900027689867382,0,1,1,-1.5900027689867382,0,1,0,2
432,0.0199999865,Running,1,8.2399944495409727,8.2399944495409727,413,432,Advance,8.2399944495409727,-1.5800027755288479,8.2399944495409727,8.2399944495409727,-1.5800027755288479,0,1,1,-1.5800027755288479,0,1,0,2
433,0.0199999865,Running,1,8.2599944360554218,8.2599944360554218,414,433,Advance,8.2599944360554218,-1.5700027822729565,8.2599944360554218,8.2599944360554218,-1.5700027822729565,0,1,1,-1.5700027822729565,0,1,0,2
434,0.0199999865,Running,1,8.2799944225698709,8.2799944225698709,415,434,Advance,8.2799944225698709,-1.5600027892150645,8.2799944225698709,8.2799944225698709,-1.5600027892150645,0,1,1,-1.5600027892150645,0,1,0,2
435,0.0199999865,Running,1,8.29999440908432,8.29999440908432,416,435,Advance,8.29999440908432,-1.5500027954585114,8.29999440908432,8.29999440908432,-1.5500027954585114,0,1,1,-1.5500027954585114,0,1,0,2
436,0.0199999865,Running,1,8.31999439559877,8.31999439559877,417,436,Advance,8.31999439559877,-1.5400028027006152,8.31999439559877,8.31999439559877,-1.5400028027006152,0,1,1,-1.5400028027006152,0,1,0,2
437,0.0199999865,Running,1,8.3399943821132183,8.3399943821132183,418,437,Advance,8.3399943821132183,-1.5300028092427167,8.3399943821132183,8.3399943821132183,-1.5300028092427167,0,1,1,-1.5300028092427167,0,1,0,2
438,0.0199999865,Running,1,8.3599943686276674,8.3599943686276674,419,438,Advance,8.3599943686276674,-1.5200028159868419,8.3599943686276674,8.3599943686276674,-1.5200028159868419,0,1,1,-1.5200028159868419,0,1,0,2
439,0.0199999865,Running,1,8.3799943551421165,8.3799943551421165,420,439,Advance,8.3799943551421165,-1.5100028229289417,8.3799943551421165,8.3799943551421165,-1.5100028229289417,0,1,1,-1.5100028229289417,0,1,0,2
440,0.0199999865,Running,1,8.3999943416565657,8.3999943416565657,421,440,Advance,8.3999943416565657,-1.5000028291723964,8.3999943416565657,8.3999943416565657,-1.5000028291723964,0,1,1,-1.5000028291723964,0,1,0,2
441,0.0199999865,Running,1,8.4199943281710148,8.4199943281710148,422,441,Advance,8.4199943281710148,-1.4900028364144922,8.4199943281710148,8.4199943281710148,-1.4900028364144922,0,1,1,-1.4900028364144922,0,1,0,2
442,0.0199999865,Running,1,8.01999998651445,8.01999998651445,424,442,Advance,8.01999998651445,-1.6900000072427757,8.01999998651445,8.01999998651445,-1.6900000072427757,0,1,1,-1.6900000072427757,0,1,0,3
443,0.0199999865,Running,1,8.0399999730288982,8.0399999730288982,425,443,Advance,8.0399999730288982,-1.6800000137855473,8.0399999730288982,8.0399999730288982,-1.6800000137855473,0,1,1,-1.6800000137855473,0,1,0,3
444,0.0199999865,Running,1,8.0599999595433474,8.0599999595433474,426,444,Advance,8.0599999595433474,-1.6700000205283312,8.0599999595433474,8.0599999595433474,-1.6700000205283312,0,1,1,-1.6700000205283312,0,1,0,3
445,0.0199999865,Running,1,8.0799999460577965,8.0799999460577965,427,445,Advance,8.0799999460577965,-1.6600000274711022,8.0799999460577965,8.0799999460577965,-1.6600000274711022,0,1,1,-1.6600000274711022,0,1,0,3
446,0.0199999865,Running,1,8.0999999325722456,8.0999999325722456,428,446,Advance,8.0999999325722456,-1.6500000337138849,8.0999999325722456,8.0999999325722456,-1.6500000337138849,0,1,1,-1.6500000337138849,0,1,0,3
447,0.0199999865,Running,1,8.1199999190866947,8.1199999190866947,429,447,Advance,8.1199999190866947,-1.6400000409566526,8.1199999190866947,8.1199999190866947,-1.6400000409566526,0,1,1,-1.6400000409566526,0,1,0,3
448,0.0199999865,Running,1,8.1399999056011438,8.1399999056011438,430,448,Advance,8.1399999056011438,-1.630000047499417,8.1399999056011438,8.1399999056011438,-1.630000047499417,0,1,1,-1.630000047499417,0,1,0,3
449,0.0199999865,Running,1,8.159999892115593,8.159999892115593,431,449,Advance,8.159999892115593,-1.6200000542422164,8.159999892115593,8.159999892115593,-1.6200000542422164,0,1,1,-1.6200000542422164,0,1,0,3
450,0.0199999865,Running,1,8.1799998786300421,8.1799998786300421,432,450,Advance,8.1799998786300421,-1.6100000611849792,8.1799998786300421,8.1799998786300421,-1.6100000611849792,0,1,1,-1.6100000611849792,0,1,0,3
451,0.0199999865,Running,1,8.1999998651444912,8.1999998651444912,433,451,Advance,8.1999998651444912,-1.6000000674277703,8.1999998651444912,8.1999998651444912,-1.6000000674277703,0,1,1,-1.6000000674277703,0,1,0,3
452,0.0199999865,Running,1,8.21999985165894,8.21999985165894,434,452,Advance,8.21999985165894,-1.5900000746705298,8.21999985165894,8.21999985165894,-1.5900000746705298,0,1,1,-1.5900000746705298,0,1,0,3
453,0.0199999865,Running,1,8.23999983817339,8.23999983817339,435,453,Advance,8.23999983817339,-1.5800000812132862,8.23999983817339,8.23999983817339,-1.5800000812132862,0,1,1,-1.5800000812132862,0,1,0,3
454,0.0199999865,Running,1,8.2599998246878386,8.2599998246878386,436,454,Advance,8.2599998246878386,-1.5700000879561016,8.2599998246878386,8.2599998246878386,-1.5700000879561016,0,1,1,-1.5700000879561016,0,1,0,3
455,0.0199999865,Running,1,8.2799998112022877,8.2799998112022877,437,455,Advance,8.2799998112022877,-1.5600000948988562,8.2799998112022877,8.2799998112022877,-1.5600000948988562,0,1,1,-1.5600000948988562,0,1,0,3
456,0.0199999865,Running,1,8.2999997977167368,8.2999997977167368,438,456,Advance,8.2999997977167368,-1.5500001011416562,8.2999997977167368,8.2999997977167368,-1.5500001011416562,0,1,1,-1.5500001011416562,0,1,0,3
457,0.0199999865,Running,1,8.3199997842311859,8.3199997842311859,439,457,Advance,8.3199997842311859,-1.5400001083844068,8.3199997842311859,8.3199997842311859,-1.5400001083844068,0,1,1,-1.5400001083844068,0,1,0,3
458,0.0199999865,Running,1,8.339999770745635,8.339999770745635,440,458,Advance,8.339999770745635,-1.5300001149271549,8.339999770745635,8.339999770745635,-1.5300001149271549,0,1,1,-1.5300001149271549,0,1,0,3
459,0.0199999865,Running,1,8.3599997572600842,8.3599997572600842,441,459,Advance,8.3599997572600842,-1.520000121669987,8.3599997572600842,8.3599997572600842,-1.520000121669987,0,1,1,-1.520000121669987,0,1,0,3
460,0.0199999865,Running,1,8.3799997437745333,8.3799997437745333,442,460,Advance,8.3799997437745333,-1.5100001286127334,8.3799997437745333,8.3799997437745333,-1.5100001286127334,0,1,1,-1.5100001286127334,0,1,0,3
461,0.0199999865,Running,1,8.3999997302889824,8.3999997302889824,443,461,Advance,8.3999997302889824,-1.5000001348555414,8.3999997302889824,8.3999997302889824,-1.5000001348555414,0,1,1,-1.5000001348555414,0,1,0,3
462,0.0199999865,Running,1,8.4199997168034315,8.4199997168034315,444,462,Advance,8.4199997168034315,-1.4900001420982838,8.4199997168034315,8.4199997168034315,-1.4900001420982838,0,1,1,-1.4900001420982838,0,1,0,3
463,0.0199999865,Running,1,8.43999970331788,8.43999970331788,445,463,Advance,8.43999970331788,-1.4800001486410241,8.43999970331788,8.43999970331788,-1.4800001486410241,0,1,1,-1.4800001486410241,0,1,0,3
464,0.0199999865,Running,1,8.45999968983233,8.45999968983233,446,464,Advance,8.45999968983233,-1.4700001553838726,8.45999968983233,8.45999968983233,-1.4700001553838726,0,1,1,-1.4700001553838726,0,1,0,3
465,0.0199999865,Running,1,8.4799996763467789,8.4799996763467789,447,465,Advance,8.4799996763467789,-1.4600001623266103,8.4799996763467789,8.4799996763467789,-1.4600001623266103,0,1,1,-1.4600001623266103,0,1,0,3
466,0.0199999865,Running,1,8.499999662861228,8.499999662861228,448,466,Advance,8.499999662861228,-1.4500001685694264,8.499999662861228,8.499999662861228,-1.4500001685694264,0,1,1,-1.4500001685694264,0,1,0,3
467,0.0199999865,Running,1,8.5199996493756771,8.5199996493756771,449,467,Advance,8.5199996493756771,-1.4400001758121617,8.5199996493756771,8.5199996493756771,-1.4400001758121617,0,1,1,-1.4400001758121617,0,1,0,3
468,0.0199999865,Running,1,8.5399996358901262,8.5399996358901262,450,468,Advance,8.5399996358901262,-1.4300001823548929,8.5399996358901262,8.5399996358901262,-1.4300001823548929,0,1,1,-1.4300001823548929,0,1,0,3
469,0.0199999865,Running,1,8.5599996224045753,8.5599996224045753,451,469,Advance,8.5599996224045753,-1.4200001890977576,8.5599996224045753,8.5599996224045753,-1.4200001890977576,0,1,1,-1.4200001890977576,0,1,0,3
470,0.0199999865,Running,1,8.5799996089190245,8.5799996089190245,452,470,Advance,8.5799996089190245,-1.4100001960404882,8.5799996089190245,8.5799996089190245,-1.4100001960404882,0,1,1,-1.4100001960404882,0,1,0,3
471,0.0199999865,Running,1,8.5999995954334736,8.5999995954334736,453,471,Advance,8.5999995954334736,-1.4000002022833116,8.5999995954334736,8.5999995954334736,-1.4000002022833116,0,1,1,-1.4000002022833116,0,1,0,3
472,0.0199999865,Running,1,8.6199995819479227,8.6199995819479227,454,472,Advance,8.6199995819479227,-1.3900002095260386,8.6199995819479227,8.6199995819479227,-1.3900002095260386,0,1,1,-1.3900002095260386,0,1,0,3
473,0.0199999865,Running,1,8.6399995684623718,8.6399995684623718,455,473,Advance,8.6399995684623718,-1.3800002160687623,8.6399995684623718,8.6399995684623718,-1.3800002160687623,0,1,1,-1.3800002160687623,0,1,0,3
474,0.0199999865,Running,1,8.6599995549768209,8.6599995549768209,456,474,Advance,8.6599995549768209,-1.3700002228116428,8.6599995549768209,8.6599995549768209,-1.3700002228116428,0,1,1,-1.3700002228116428,0,1,0,3
475,0.0199999865,Running,1,8.67999954149127,8.67999954149127,457,475,Advance,8.67999954149127,-1.3600002297543652,8.67999954149127,8.67999954149127,-1.3600002297543652,0,1,1,-1.3600002297543652,0,1,0,3
476,0.0199999865,Running,1,8.69999952800572,8.69999952800572,458,476,Advance,8.69999952800572,-1.3500002359971968,8.69999952800572,8.69999952800572,-1.3500002359971968,0,1,1,-1.3500002359971968,0,1,0,3
477,0.0199999865,Running,1,8.7199995145201683,8.7199995145201683,459,477,Advance,8.7199995145201683,-1.3400002432399158,8.7199995145201683,8.7199995145201683,-1.3400002432399158,0,1,1,-1.3400002432399158,0,1,0,3
478,0.0199999865,Running,1,8.7399995010346174,8.7399995010346174,460,478,Advance,8.7399995010346174,-1.3300002497826318,8.7399995010346174,8.7399995010346174,-1.3300002497826318,0,1,1,-1.3300002497826318,0,1,0,3
479,0.0199999865,Running,1,8.7599994875490665,8.7599994875490665,461,479,Advance,8.7599994875490665,-1.320000256525528,8.7599994875490665,8.7599994875490665,-1.320000256525528,0,1,1,-1.320000256525528,0,1,0,3
480,0.0199999865,Running,1,8.7799994740635157,8.7799994740635157,462,480,Advance,8.7799994740635157,-1.3100002634682422,8.7799994740635157,8.7799994740635157,-1.3100002634682422,0,1,1,-1.3100002634682422,0,1,0,3
481,0.0199999865,Running,1,8.7999994605779648,8.7999994605779648,463,481,Advance,8.7999994605779648,-1.3000002697110828,8.7999994605779648,8.7999994605779648,-1.3000002697110828,0,1,1,-1.3000002697110828,0,1,0,3
482,0.0199999865,Running,1,8.8199994470924139,8.8199994470924139,464,482,Advance,8.8199994470924139,-1.2900002769537928,8.8199994470924139,8.8199994470924139,-1.2900002769537928,0,1,1,-1.2900002769537928,0,1,0,3
483,0.0199999865,Running,1,8.839999433606863,8.839999433606863,465,483,Advance,8.839999433606863,-1.2800002834965005,8.839999433606863,8.839999433606863,-1.2800002834965005,0,1,1,-1.2800002834965005,0,1,0,3
484,0.0199999865,Running,1,8.8599994201213121,8.8599994201213121,466,484,Advance,8.8599994201213121,-1.2700002902394134,8.8599994201213121,8.8599994201213121,-1.2700002902394134,0,1,1,-1.2700002902394134,0,1,0,3
485,0.0199999865,Running,1,8.8799994066357613,8.8799994066357613,467,485,Advance,8.8799994066357613,-1.2600002971821194,8.8799994066357613,8.8799994066357613,-1.2600002971821194,0,1,1,-1.2600002971821194,0,1,0,3
486,0.0199999865,Running,1,8.89999939315021,8.89999939315021,468,486,Advance,8.89999939315021,-1.2500003034249678,8.89999939315021,8.89999939315021,-1.2500003034249678,0,1,1,-1.2500003034249678,0,1,0,3
487,0.0199999865,Running,1,8.91999937966466,8.91999937966466,469,487,Advance,8.91999937966466,-1.2400003106676698,8.91999937966466,8.91999937966466,-1.2400003106676698,0,1,1,-1.2400003106676698,0,1,0,3
488,0.0199999865,Running,1,8.9399993661791086,8.9399993661791086,470,488,Advance,8.9399993661791086,-1.2300003172103695,8.9399993661791086,8.9399993661791086,-1.2300003172103695,0,1,1,-1.2300003172103695,0,1,0,3
489,0.0199999865,Running,1,8.9599993526935577,8.9599993526935577,471,489,Advance,8.9599993526935577,-1.220000323953299,8.9599993526935577,8.9599993526935577,-1.220000323953299,0,1,1,-1.220000323953299,0,1,0,3
490,0.0199999865,Running,1,8.9799993392080069,8.9799993392080069,472,490,Advance,8.9799993392080069,-1.2100003308959963,8.9799993392080069,8.9799993392080069,-1.2100003308959963,0,1,1,-1.2100003308959963,0,1,0,3
491,0.0199999865,Running,1,8.999999325722456,8.999999325722456,473,491,Advance,8.999999325722456,-1.2000003371388528,8.999999325722456,8.999999325722456,-1.2000003371388528,0,1,1,-1.2000003371388528,0,1,0,3
492,0.0199999865,Running,1,9.0199993122369051,9.0199993122369051,474,492,Advance,9.0199993122369051,-1.1900003443815477,9.0199993122369051,9.0199993122369051,-1.1900003443815477,0,1,1,-1.1900003443815477,0,1,0,3
493,0.0199999865,Running,1,9.0399992987513542,9.0399992987513542,475,493,Advance,9.0399992987513542,-1.1800003509242385,9.0399992987513542,9.0399992987513542,-1.1800003509242385,0,1,1,-1.1800003509242385,0,1,0,3
494,0.0199999865,Running,1,9.0599992852658033,9.0599992852658033,476,494,Advance,9.0599992852658033,-1.170000357667184,9.0599992852658033,9.0599992852658033,-1.170000357667184,0,1,1,-1.170000357667184,0,1,0,3
495,0.0199999865,Running,1,9.0799992717802525,9.0799992717802525,477,495,Advance,9.0799992717802525,-1.1600003646098742,9.0799992717802525,9.0799992717802525,-1.1600003646098742,0,1,1,-1.1600003646098742,0,1,0,3
496,0.0199999865,Running,1,9.0999992582947016,9.0999992582947016,478,496,Advance,9.0999992582947016,-1.150000370852738,9.0999992582947016,9.0999992582947016,-1.150000370852738,0,1,1,-1.150000370852738,0,1,0,3
497,0.0199999865,Running,1,9.11999924480915,9.11999924480915,479,497,Advance,9.11999924480915,-1.1400003780954246,9.11999924480915,9.11999924480915,-1.1400003780954246,0,1,1,-1.1400003780954246,0,1,0,3
498,0.0199999865,Running,1,9.1399992313236,9.1399992313236,480,498,Advance,9.1399992313236,-1.1300003846381079,9.1399992313236,9.1399992313236,-1.1300003846381079,0,1,1,-1.1300003846381079,0,1,0,3
499,0.0199999865,Running,1,9.1599992178380489,9.1599992178380489,481,499,Advance,9.1599992178380489,-1.1200003913810692,9.1599992178380489,9.1599992178380489,-1.1200003913810692,0,1,1,-1.1200003913810692,0,1,0,3
500,0.0199999865,Running,1,9.1799992043524981,9.1799992043524981,482,500,Advance,9.1799992043524981,-1.1100003983237512,9.1799992043524981,9.1799992043524981,-1.1100003983237512,0,1,1,-1.1100003983237512,0,1,0,3
501,0.0199999865,Running,1,9.1999991908669472,9.1999991908669472,483,501,Advance,9.1999991908669472,-1.1000004045666232,9.1999991908669472,9.1999991908669472,-1.1000004045666232,0,1,1,-1.1000004045666232,0,1,0,3
502,0.0199999865,Running,1,9.2199991773813963,9.2199991773813963,484,502,Advance,9.2199991773813963,-1.0900004118093019,9.2199991773813963,9.2199991773813963,-1.0900004118093019,0,1,1,-1.0900004118093019,0,1,0,3
503,0.0199999865,Running,1,9.2399991638958454,9.2399991638958454,485,503,Advance,9.2399991638958454,-1.0800004183519771,9.2399991638958454,9.2399991638958454,-1.0800004183519771,0,1,1,-1.0800004183519771,0,1,0,3
504,0.0199999865,Running,1,9.2599991504102945,9.2599991504102945,486,504,Advance,9.2599991504102945,-1.0700004250949544,9.2599991504102945,9.2599991504102945,-1.0700004250949544,0,1,1,-1.0700004250949544,0,1,0,3
505,0.0199999865,Running,1,9.2799991369247437,9.2799991369247437,487,505,Advance,9.2799991369247437,-1.0600004320376282,9.2799991369247437,9.2799991369247437,-1.0600004320376282,0,1,1,-1.0600004320376282,0,1,0,3
506,0.0199999865,Running,1,9.2999991234391928,9.2999991234391928,488,506,Advance,9.2999991234391928,-1.0500004382805093,9.2999991234391928,9.2999991234391928,-1.0500004382805093,0,1,1,-1.0500004382805093,0,1,0,3
507,0.0199999865,Running,1,9.3199991099536419,9.3199991099536419,489,507,Advance,9.3199991099536419,-1.0400004455231788,9.3199991099536419,9.3199991099536419,-1.0400004455231788,0,1,1,-1.0400004455231788,0,1,0,3
508,0.0199999865,Running,1,9.339999096468091,9.339999096468091,490,508,Advance,9.339999096468091,-1.0300004520658461,9.339999096468091,9.339999096468091,-1.0300004520658461,0,1,1,-1.0300004520658461,0,1,0,3
509,0.0199999865,Running,1,9.35999908298254,9.35999908298254,491,509,Advance,9.35999908298254,-1.0200004588088398,9.35999908298254,9.35999908298254,-1.0200004588088398,0,1,1,-1.0200004588088398,0,1,0,3
510,0.0199999865,Running,1,9.37999906949699,9.37999906949699,492,510,Advance,9.37999906949699,-1.0100004657515054,9.37999906949699,9.37999906949699,-1.0100004657515054,0,1,1,-1.0100004657515054,0,1,0,3
511,0.0199999865,Running,1,9.3999990560114384,9.3999990560114384,493,511,Advance,9.3999990560114384,-1.0000004719943942,9.3999990560114384,9.3999990560114384,-1.0000004719943942,0,1,1,-1.0000004719943942,0,1,0,3
512,0.0199999865,Running,1,9.4199990425258875,9.4199990425258875,494,512,Advance,9.4199990425258875,-0.99000047923705581,9.4199990425258875,9.4199990425258875,-0.99000047923705581,0,1,1,-0.99000047923705581,0,1,0,3
513,0.0199999865,Running,1,9.4399990290403366,9.4399990290403366,495,513,Advance,9.4399990290403366,-0.9800004857797151,9.4399990290403366,9.4399990290403366,-0.9800004857797151,0,1,1,-0.9800004857797151,0,1,0,3
514,0.0199999865,Running,1,9.4599990155547857,9.4599990155547857,496,514,Advance,9.4599990155547857,-0.97000049252272547,9.4599990155547857,9.4599990155547857,-0.97000049252272547,0,1,1,-0.97000049252272547,0,1,0,3
515,0.0199999865,Running,1,9.4799990020692348,9.4799990020692348,497,515,Advance,9.4799990020692348,-0.96000049946538224,9.4799990020692348,9.4799990020692348,-0.96000049946538224,0,1,1,-0.96000049946538224,0,1,0,3
516,0.0199999865,Running,1,9.499998988583684,9.499998988583684,498,516,Advance,9.499998988583684,-0.95000050570827932,9.499998988583684,9.499998988583684,-0.95000050570827932,0,1,1,-0.95000050570827932,0,1,0,3
517,0.0199999865,Running,1,9.5199989750981331,9.5199989750981331,499,517,Advance,9.5199989750981331,-0.94000051295093379,9.5199989750981331,9.5199989750981331,-0.94000051295093379,0,1,1,-0.94000051295093379,0,1,0,3
518,0.0199999865,Running,1,9.5399989616125822,9.5399989616125822,500,518,Advance,9.5399989616125822,-0.930000519493584,9.5399989616125822,9.5399989616125822,-0.930000519493584,0,1,1,-0.930000519493584,0,1,0,3
519,0.0199999865,Running,1,9.5599989481270313,9.5599989481270313,501,519,Advance,9.5599989481270313,-0.92000052623661055,9.5599989481270313,9.5599989481270313,-0.92000052623661055,0,1,1,-0.92000052623661055,0,1,0,3
520,0.0199999865,Running,1,9.57999893464148,9.57999893464148,502,520,Advance,9.57999893464148,-0.91000053317926022,9.57999893464148,9.57999893464148,-0.91000053317926022,0,1,1,-0.91000053317926022,0,1,0,3
521,0.0199999865,Running,1,9.59999892115593,9.59999892115593,503,521,Advance,9.59999892115593,-0.90000053942216451,9.59999892115593,9.59999892115593,-0.90000053942216451,0,1,1,-0.90000053942216451,0,1,0,3
522,0.0199999865,Running,1,9.6199989076703787,9.6199989076703787,504,522,Advance,9.6199989076703787,-0.89000054666481077,9.6199989076703787,9.6199989076703787,-0.89000054666481077,0,1,1,-0.89000054666481077,0,1,0,3
523,0.0199999865,Running,1,9.6399988941848278,9.6399988941848278,505,523,Advance,9.6399988941848278,-0.88000055320745352,9.6399988941848278,9.6399988941848278,-0.88000055320745352,0,1,1,-0.88000055320745352,0,1,0,3
524,0.0199999865,Running,1,9.6599988806992769,9.6599988806992769,506,524,Advance,9.6599988806992769,-0.87000055995049574,9.6599988806992769,9.6599988806992769,-0.87000055995049574,0,1,1,-0.87000055995049574,0,1,0,3
525,0.0199999865,Running,1,9.679998867213726,9.679998867213726,507,525,Advance,9.679998867213726,-0.8600005668931372,9.679998867213726,9.679998867213726,-0.8600005668931372,0,1,1,-0.8600005668931372,0,1,0,3
526,0.0199999865,Running,1,9.6999988537281752,9.6999988537281752,508,526,Advance,9.6999988537281752,-0.8500005731360496,9.6999988537281752,9.6999988537281752,-0.8500005731360496,0,1,1,-0.8500005731360496,0,1,0,3
527,0.0199999865,Running,1,9.7199988402426243,9.7199988402426243,509,527,Advance,9.7199988402426243,-0.84000058037868774,9.7199988402426243,9.7199988402426243,-0.84000058037868774,0,1,1,-0.84000058037868774,0,1,0,3
528,0.0199999865,Running,1,9.7399988267570734,9.7399988267570734,510,528,Advance,9.7399988267570734,-0.83000058692132272,9.7399988267570734,9.7399988267570734,-0.83000058692132272,0,1,1,-0.83000058692132272,0,1,0,3
529,0.0199999865,Running,1,9.7599988132715225,9.7599988132715225,511,529,Advance,9.7599988132715225,-0.82000059366438083,9.7599988132715225,9.7599988132715225,-0.82000059366438083,0,1,1,-0.82000059366438083,0,1,0,3
530,0.0199999865,Running,1,9.7799987997859716,9.7799987997859716,512,530,Advance,9.7799987997859716,-0.81000060060701429,9.7799987997859716,9.7799987997859716,-0.81000060060701429,0,1,1,-0.81000060060701429,0,1,0,3
531,0.0199999865,Running,1,9.79999878630042,9.79999878630042,513,531,Advance,9.79999878630042,-0.80000060684993568,9.79999878630042,9.79999878630042,-0.80000060684993568,0,1,1,-0.80000060684993568,0,1,0,3
532,0.0199999865,Running,1,9.81999877281487,9.81999877281487,514,532,Advance,9.81999877281487,-0.79000061409256483,9.81999877281487,9.81999877281487,-0.79000061409256483,0,1,1,-0.79000061409256483,0,1,0,3
533,0.0199999865,Running,1,9.839998759329319,9.839998759329319,515,533,Advance,9.839998759329319,-0.78000062063519171,9.839998759329319,9.839998759329319,-0.78000062063519171,0,1,1,-0.78000062063519171,0,1,0,3
534,0.0199999865,Running,1,9.8599987458437681,9.8599987458437681,516,534,Advance,9.8599987458437681,-0.77000062737826636,9.8599987458437681,9.8599987458437681,-0.77000062737826636,0,1,1,-0.77000062737826636,0,1,0,3
535,0.0199999865,Running,1,9.8799987323582172,9.8799987323582172,517,535,Advance,9.8799987323582172,-0.76000063432089127,9.8799987323582172,9.8799987323582172,-0.76000063432089127,0,1,1,-0.76000063432089127,0,1,0,3
536,0.0199999865,Running,1,9.8999987188726664,9.8999987188726664,518,536,Advance,9.8999987188726664,-0.75000064056382076,9.8999987188726664,9.8999987188726664,-0.75000064056382076,0,1,1,-0.75000064056382076,0,1,0,3
537,0.0199999865,Running,1,9.9199987053871155,9.9199987053871155,519,537,Advance,9.9199987053871155,-0.74000064780644181,9.9199987053871155,9.9199987053871155,-0.74000064780644181,0,1,1,-0.74000064780644181,0,1,0,3
538,0.0199999865,Running,1,9.9399986919015646,9.9399986919015646,520,538,Advance,9.9399986919015646,-0.73000065434906058,9.9399986919015646,9.9399986919015646,-0.73000065434906058,0,1,1,-0.73000065434906058,0,1,0,3
539,0.0199999865,Running,1,9.9599986784160137,9.9599986784160137,521,539,Advance,9.9599986784160137,-0.720000661092152,9.9599986784160137,9.9599986784160137,-0.720000661092152,0,1,1,-0.720000661092152,0,1,0,3
540,0.0199999865,Running,1,9.9799986649304628,9.9799986649304628,522,540,Advance,9.9799986649304628,-0.71000066803476825,9.9799986649304628,9.9799986649304628,-0.71000066803476825,0,1,1,-0.71000066803476825,0,1,0,3
541,0.0199999865,Running,1,9.999998651444912,9.999998651444912,523,541,Advance,9.999998651444912,-0.70000067427770585,9.999998651444912,9.999998651444912,-0.70000067427770585,0,1,1,-0.70000067427770585,0,1,0,3
542,0.0199999865,Running,1,10.019998637959361,10.019998637959361,524,542,Advance,10.019998637959361,-0.69000068152031979,10.019998637959361,10.019998637959361,-0.69000068152031979,0,1,1,-0.69000068152031979,0,1,0,3
543,0.0199999865,Running,1,10.03999862447381,10.03999862447381,525,543,Advance,10.03999862447381,-0.68000068806292957,10.03999862447381,10.03999862447381,-0.68000068806292957,0,1,1,-0.68000068806292957,0,1,0,3
544,0.0199999865,Running,1,10.059998610988259,10.059998610988259,526,544,Advance,10.059998610988259,-0.67000069480603708,10.059998610988259,10.059998610988259,-0.67000069480603708,0,1,1,-0.67000069480603708,0,1,0,3
545,0.0199999865,Running,1,10.079998597502708,10.079998597502708,527,545,Advance,10.079998597502708,-0.66000070174864622,10.079998597502708,10.079998597502708,-0.66000070174864622,0,1,1,-0.66000070174864622,0,1,0,3
546,0.0199999865,Running,1,10.099998584017158,10.099998584017158,528,546,Advance,10.099998584017158,-0.65000070799159093,10.099998584017158,10.099998584017158,-0.65000070799159093,0,1,1,-0.65000070799159093,0,1,0,3
547,0.0199999865,Running,1,10.119998570531607,10.119998570531607,529,547,Advance,10.119998570531607,-0.64000071523419677,10.119998570531607,10.119998570531607,-0.64000071523419677,0,1,1,-0.64000071523419677,0,1,0,3
548,0.0199999865,Running,1,10.139998557046056,10.139998557046056,530,548,Advance,10.139998557046056,-0.630000721776799,10.139998557046056,10.139998557046056,-0.630000721776799,0,1,1,-0.630000721776799,0,1,0,3
549,0.0199999865,Running,1,10.159998543560505,10.159998543560505,531,549,Advance,10.159998543560505,-0.62000072851992216,10.159998543560505,10.159998543560505,-0.62000072851992216,0,1,1,-0.62000072851992216,0,1,0,3
550,0.0199999865,Running,1,10.179998530074954,10.179998530074954,532,550,Advance,10.179998530074954,-0.6100007354625232,10.179998530074954,10.179998530074954,-0.6100007354625232,0,1,1,-0.6100007354625232,0,1,0,3
551,0.0199999865,Running,1,10.199998516589403,10.199998516589403,533,551,Advance,10.199998516589403,-0.600000741705476,10.199998516589403,10.199998516589403,-0.600000741705476,0,1,1,-0.600000741705476,0,1,0,3
552,0.0199999865,Running,1,10.219998503103852,10.219998503103852,534,552,Advance,10.219998503103852,-0.59000074894807375,10.219998503103852,10.219998503103852,-0.59000074894807375,0,1,1,-0.59000074894807375,0,1,0,3
553,0.0199999865,Running,1,10.239998489618301,10.239998489618301,535,553,Advance,10.239998489618301,-0.58000075549066832,10.239998489618301,10.239998489618301,-0.58000075549066832,0,1,1,-0.58000075549066832,0,1,0,3
554,0.0199999865,Running,1,10.259998476132751,10.259998476132751,536,554,Advance,10.259998476132751,-0.57000076223380725,10.259998476132751,10.259998476132751,-0.57000076223380725,0,1,1,-0.57000076223380725,0,1,0,3
555,0.0199999865,Running,1,10.2799984626472,10.2799984626472,537,555,Advance,10.2799984626472,-0.56000076917640029,10.2799984626472,10.2799984626472,-0.56000076917640029,0,1,1,-0.56000076917640029,0,1,0,3
556,0.0199999865,Running,1,10.299998449161649,10.299998449161649,538,556,Advance,10.299998449161649,-0.5500007754193621,10.299998449161649,10.299998449161649,-0.5500007754193621,0,1,1,-0.5500007754193621,0,1,0,3
557,0.0199999865,Running,1,10.319998435676098,10.319998435676098,539,557,Advance,10.319998435676098,-0.54000078266195084,10.319998435676098,10.319998435676098,-0.54000078266195084,0,1,1,-0.54000078266195084,0,1,0,3
558,0.0199999865,Running,1,10.339998422190547,10.339998422190547,540,558,Advance,10.339998422190547,-0.5300007892045373,10.339998422190547,10.339998422190547,-0.5300007892045373,0,1,1,-0.5300007892045373,0,1,0,3
559,0.0199999865,Running,1,10.359998408704996,10.359998408704996,541,559,Advance,10.359998408704996,-0.52000079594769277,10.359998408704996,10.359998408704996,-0.52000079594769277,0,1,1,-0.52000079594769277,0,1,0,3
560,0.0199999865,Running,1,10.379998395219445,10.379998395219445,542,560,Advance,10.379998395219445,-0.51000080289027727,10.379998395219445,10.379998395219445,-0.51000080289027727,0,1,1,-0.51000080289027727,0,1,0,3
561,0.0199999865,Running,1,10.399998381733894,10.399998381733894,543,561,Advance,10.399998381733894,-0.50000080913324718,10.399998381733894,10.399998381733894,-0.50000080913324718,0,1,1,-0.50000080913324718,0,1,0,3
562,0.0199999865,Running,1,10.419998368248343,10.419998368248343,544,562,Advance,10.419998368248343,-0.49000081637582787,10.419998368248343,10.419998368248343,-0.49000081637582787,0,1,1,-0.49000081637582787,0,1,0,3
563,0.0199999865,Running,1,10.439998354762793,10.439998354762793,545,563,Advance,10.439998354762793,-0.48000082291840618,10.439998354762793,10.439998354762793,-0.48000082291840618,0,1,1,-0.48000082291840618,0,1,0,3
564,0.0199999865,Running,1,10.459998341277242,10.459998341277242,546,564,Advance,10.459998341277242,-0.47000082966157841,10.459998341277242,10.459998341277242,-0.47000082966157841,0,1,1,-0.47000082966157841,0,1,0,3
565,0.0199999865,Running,1,10.479998327791691,10.479998327791691,547,565,Advance,10.479998327791691,-0.46000083660415425,10.479998327791691,10.479998327791691,-0.46000083660415425,0,1,1,-0.46000083660415425,0,1,0,3
566,0.0199999865,Running,1,10.49999831430614,10.49999831430614,548,566,Advance,10.49999831430614,-0.45000084284713232,10.49999831430614,10.49999831430614,-0.45000084284713232,0,1,1,-0.45000084284713232,0,1,0,3
567,0.0199999865,Running,1,10.519998300820589,10.519998300820589,549,567,Advance,10.519998300820589,-0.4400008500897058,10.519998300820589,10.519998300820589,-0.4400008500897058,0,1,1,-0.4400008500897058,0,1,0,3
568,0.0199999865,Running,1,10.539998287335038,10.539998287335038,550,568,Advance,10.539998287335038,-0.43000085663227511,10.539998287335038,10.539998287335038,-0.43000085663227511,0,1,1,-0.43000085663227511,0,1,0,3
569,0.0199999865,Running,1,10.559998273849487,10.559998273849487,551,569,Advance,10.559998273849487,-0.42000086337546355,10.559998273849487,10.559998273849487,-0.42000086337546355,0,1,1,-0.42000086337546355,0,1,0,3
570,0.0199999865,Running,1,10.579998260363936,10.579998260363936,552,570,Advance,10.579998260363936,-0.41000087031803217,10.579998260363936,10.579998260363936,-0.41000087031803217,0,1,1,-0.41000087031803217,0,1,0,3
571,0.0199999865,Running,1,10.599998246878386,10.599998246878386,553,571,Advance,10.599998246878386,-0.40000087656101746,10.599998246878386,10.599998246878386,-0.40000087656101746,0,1,1,-0.40000087656101746,0,1,0,3
572,0.0199999865,Running,1,10.619998233392835,10.619998233392835,554,572,Advance,10.619998233392835,-0.39000088380358283,10.619998233392835,10.619998233392835,-0.39000088380358283,0,1,1,-0.39000088380358283,0,1,0,3
573,0.0199999865,Running,1,10.639998219907284,10.639998219907284,555,573,Advance,10.639998219907284,-0.38000089034614459,10.639998219907284,10.639998219907284,-0.38000089034614459,0,1,1,-0.38000089034614459,0,1,0,3
574,0.0199999865,Running,1,10.659998206421733,10.659998206421733,556,574,Advance,10.659998206421733,-0.37000089708934863,10.659998206421733,10.659998206421733,-0.37000089708934863,0,1,1,-0.37000089708934863,0,1,0,3
575,0.0199999865,Running,1,10.679998192936182,10.679998192936182,557,575,Advance,10.679998192936182,-0.36000090403190921,10.679998192936182,10.679998192936182,-0.36000090403190921,0,1,1,-0.36000090403190921,0,1,0,3
576,0.0199999865,Running,1,10.699998179450631,10.699998179450631,558,576,Advance,10.699998179450631,-0.35000091027490254,10.699998179450631,10.699998179450631,-0.35000091027490254,0,1,1,-0.35000091027490254,0,1,0,3
577,0.0199999865,Running,1,10.71999816596508,10.71999816596508,559,577,Advance,10.71999816596508,-0.34000091751745981,10.71999816596508,10.71999816596508,-0.34000091751745981,0,1,1,-0.34000091751745981,0,1,0,3
578,0.0199999865,Running,1,10.739998152479529,10.739998152479529,560,578,Advance,10.739998152479529,-0.33000092406001391,10.739998152479529,10.739998152479529,-0.33000092406001391,0,1,1,-0.33000092406001391,0,1,0,3
579,0.0199999865,Running,1,10.759998138993979,10.759998138993979,561,579,Advance,10.759998138993979,-0.32000093080323377,10.759998138993979,10.759998138993979,-0.32000093080323377,0,1,1,-0.32000093080323377,0,1,0,3
580,0.0199999865,Running,1,10.779998125508428,10.779998125508428,562,580,Advance,10.779998125508428,-0.31000093774578624,10.779998125508428,10.779998125508428,-0.31000093774578624,0,1,1,-0.31000093774578624,0,1,0,3
581,0.0199999865,Running,1,10.799998112022877,10.799998112022877,563,581,Advance,10.799998112022877,-0.30000094398878852,10.799998112022877,10.799998112022877,-0.30000094398878852,0,1,1,-0.30000094398878852,0,1,0,3
582,0.0199999865,Running,1,10.819998098537326,10.819998098537326,564,582,Advance,10.819998098537326,-0.29000375933958134,10.819998098537326,10.819998098537326,-0.29000375933958134,0,1,1,-0.29000375933958134,0,1,0,3
583,0.0199999865,Running,1,10.839998085051775,10.839998085051775,565,583,Advance,10.839998085051775,-0.28002297291408906,10.839998085051775,10.839998085051775,-0.28002297291408906,0,1,1,-0.28002297291408906,0,1,0,3
584,0.0199999865,Running,1,10.859998071566224,10.859998071566224,566,584,Advance,10.859998071566224,-0.27007433022877819,10.859998071566224,10.859998071566224,-0.27007433022877819,0,1,1,-0.27007433022877819,0,1,0,3
585,0.0199999865,Running,1,10.879998058080673,10.879998058080673,567,585,Advance,10.879998058080673,-0.26017302850506441,10.879998058080673,10.879998058080673,-0.26017302850506441,0,1,1,-0.26017302850506441,0,1,0,3
586,0.0199999865,Running,1,10.899998044595122,10.899998044595122,568,586,Advance,10.899998044595122,-0.2503337142330157,10.899998044595122,10.899998044595122,-0.2503337142330157,0,1,1,-0.2503337142330157,0,1,0,3
587,0.0199999865,Running,1,10.919998031109571,10.919998031109571,569,587,Advance,10.919998031109571,-0.24057126773272944,10.919998031109571,10.919998031109571,-0.24057126773272944,0,1,1,-0.24057126773272944,0,1,0,3
588,0.0199999865,Running,1,3.0199999865144491,3.0199999865144491,574,588,Advance,3.0199999865144491,-4.8692536664855508,3.0199999865144491,3.0199999865144491,-4.8692536664855508,0,1,1,-4.8692536664855508,0,1,2,4
589,0.0199999865,Running,1,3.0399999730288982,3.0399999730288982,575,589,Advance,3.0399999730288982,-4.8492536799711017,3.0399999730288982,3.0399999730288982,-4.8492536799711017,0,1,1,-4.8492536799711017,0,1,2,4
590,0.0199999865,Running,1,3.0599999595433474,3.0599999595433474,576,590,Advance,3.0599999595433474,-4.8292536934566526,3.0599999595433474,3.0599999595433474,-4.8292536934566526,0,1,1,-4.8292536934566526,0,1,2,4
591,0.0199999865,Running,1,3.0799999460577965,3.0799999460577965,577,591,Advance,3.0799999460577965,-4.8092537069422034,3.0799999460577965,3.0799999460577965,-4.8092537069422034,0,1,1,-4.8092537069422034,0,1,2,4
592,0.0199999865,Running,1,3.0999999325722456,3.0999999325722456,578,592,Advance,3.0999999325722456,-4.7892537204277552,3.0999999325722456,3.0999999325722456,-4.7892537204277552,0,1,1,-4.7892537204277552,0,1,2,4
593,0.0199999865,Running,1,3.1199999190866947,3.1199999190866947,579,593,Advance,3.1199999190866947,-4.7692537339133052,3.1199999190866947,3.1199999190866947,-4.7692537339133052,0,1,1,-4.7692537339133052,0,1,2,4
594,0.0199999865,Running,1,3.1399999056011438,3.1399999056011438,580,594,Advance,3.1399999056011438,-4.7492537473988561,3.1399999056011438,3.1399999056011438,-4.7492537473988561,0,1,1,-4.7492537473988561,0,1,2,4
595,0.0199999865,Running,1,3.159999892115593,3.159999892115593,581,595,Advance,3.159999892115593,-4.729253760884407,3.159999892115593,3.159999892115593,-4.729253760884407,0,1,1,-4.729253760884407,0,1,2,4
596,0.0199999865,Running,1,3.1799998786300421,3.1799998786300421,582,596,Advance,3.1799998786300421,-4.7092537743699578,3.1799998786300421,3.1799998786300421,-4.7092537743699578,0,1,1,-4.7092537743699578,0,1,2,4
597,0.0199999865,Running,1,3.1999998651444912,3.1999998651444912,583,597,Advance,3.1999998651444912,-4.6892537878555087,3.1999998651444912,3.1999998651444912,-4.6892537878555087,0,1,1,-4.6892537878555087,0,1,2,4
598,0.0199999865,Running,1,3.2199998516589403,3.2199998516589403,584,598,Advance,3.2199998516589403,-4.66925380134106,3.2199998516589403,3.2199998516589403,-4.66925380134106,0,1,1,-4.66925380134106,0,1,2,4
599,0.0199999865,Running,1,3.2399998381733894,3.2399998381733894,585,599,Advance,3.2399998381733894,-4.6492538148266105,3.2399998381733894,3.2399998381733894,-4.6492538148266105,0,1,1,-4.6492538148266105,0,1,2,4
600,0.0199999865,Running,1,3.2599998246878386,3.2599998246878386,586,600,Advance,3.2599998246878386,-4.6292538283121614,3.2599998246878386,3.2599998246878386,-4.6292538283121614,0,1,1,-4.6292538283121614,0,1,2,4
601,0.0199999865,Running,1,3.2799998112022877,3.2799998112022877,587,601,Advance,3.2799998112022877,-4.6092538417977122,3.2799998112022877,3.2799998112022877,-4.6092538417977122,0,1,1,-4.6092538417977122,0,1,2,4
602,0.0199999865,Running,1,3.2999997977167368,3.2999997977167368,588,602,Advance,3.2999997977167368,-4.5892538552832631,3.2999997977167368,3.2999997977167368,-4.5892538552832631,0,1,1,-4.5892538552832631,0,1,2,4
603,0.0199999865,Running,1,3.3199997842311859,3.3199997842311859,589,603,Advance,3.3199997842311859,-4.569253868768814,3.3199997842311859,3.3199997842311859,-4.569253868768814,0,1,1,-4.569253868768814,0,1,2,4
604,0.0199999865,Running,1,3.339999770745635,3.339999770745635,590,604,Advance,3.339999770745635,-4.5492538822543649,3.339999770745635,3.339999770745635,-4.5492538822543649,0,1,1,-4.5492538822543649,0,1,2,4
605,0.0199999865,Running,1,3.3599997572600842,3.3599997572600842,591,605,Advance,3.3599997572600842,-4.5292538957399158,3.3599997572600842,3.3599997572600842,-4.5292538957399158,0,1,1,-4.5292538957399158,0,1,2,4
606,0.0199999865,Running,1,3.3799997437745333,3.3799997437745333,592,606,Advance,3.3799997437745333,-4.5092539092254666,3.3799997437745333,3.3799997437745333,-4.5092539092254666,0,1,1,-4.5092539092254666,0,1,2,4
607,0.0199999865,Running,1,3.3999997302889824,3.3999997302889824,593,607,Advance,3.3999997302889824,-4.4892539227110166,3.3999997302889824,3.3999997302889824,-4.4892539227110166,0,1,1,-4.4892539227110166,0,1,2,4
608,0.0199999865,Running,1,3.4199997168034315,3.4199997168034315,594,608,Advance,3.4199997168034315,-4.4692539361965684,3.4199997168034315,3.4199997168034315,-4.4692539361965684,0,1,1,-4.4692539361965684,0,1,2,4
609,0.0199999865,Running,1,3.4399997033178806,3.4399997033178806,595,609,Advance,3.4399997033178806,-4.4492539496821193,3.4399997033178806,3.4399997033178806,-4.4492539496821193,0,1,1,-4.4492539496821193,0,1,2,4
610,0.0199999865,Running,1,3.4599996898323298,3.4599996898323298,596,610,Advance,3.4599996898323298,-4.42925396316767,3.4599996898323298,3.4599996898323298,-4.42925396316767,0,1,1,-4.42925396316767,0,1,2,4
611,0.0199999865,Running,1,3.4799996763467789,3.4799996763467789,597,611,Advance,3.4799996763467789,-4.4092539766532211,3.4799996763467789,3.4799996763467789,-4.4092539766532211,0,1,1,-4.4092539766532211,0,1,2,4
612,0.0199999865,Running,1,3.499999662861228,3.499999662861228,598,612,Advance,3.499999662861228,-4.3892539901387719,3.499999662861228,3.499999662861228,-4.3892539901387719,0,1,1,-4.3892539901387719,0,1,2,4
613,0.0199999865,Running,1,3.5199996493756771,3.5199996493756771,599,613,Advance,3.5199996493756771,-4.3692540036243228,3.5199996493756771,3.5199996493756771,-4.3692540036243228,0,1,1,-4.3692540036243228,0,1,2,4
614,0.0199999865,Running,1,3.5399996358901262,3.5399996358901262,600,614,Advance,3.5399996358901262,-4.3492540171098737,3.5399996358901262,3.5399996358901262,-4.3492540171098737,0,1,1,-4.3492540171098737,0,1,2,4
615,0.0199999865,Running,1,3.5599996224045753,3.5599996224045753,601,615,Advance,3.5599996224045753,-4.3292540305954246,3.5599996224045753,3.5599996224045753,-4.3292540305954246,0,1,1,-4.3292540305954246,0,1,2,4
616,0.0199999865,Running,1,3.5799996089190245,3.5799996089190245,602,616,Advance,3.5799996089190245,-4.3092540440809755,3.5799996089190245,3.5799996089190245,-4.3092540440809755,0,1,1,-4.3092540440809755,0,1,2,4
617,0.0199999865,Running,1,3.5999995954334736,3.5999995954334736,603,617,Advance,3.5999995954334736,-4.2892540575665272,3.5999995954334736,3.5999995954334736,-4.2892540575665272,0,1,1,-4.2892540575665272,0,1,2,4
618,0.0199999865,Running,1,3.6199995819479227,3.6199995819479227,604,618,Advance,3.6199995819479227,-4.2692540710520772,3.6199995819479227,3.6199995819479227,-4.2692540710520772,0,1,1,-4.2692540710520772,0,1,2,4
619,0.0199999865,Running,1,3.6399995684623718,3.6399995684623718,605,619,Advance,3.6399995684623718,-4.2492540845376281,3.6399995684623718,3.6399995684623718,-4.2492540845376281,0,1,1,-4.2492540845376281,0,1,2,4
620,0.0199999865,Running,1,3.6599995549768209,3.6599995549768209,606,620,Advance,3.6599995549768209,-4.229254098023179,3.6599995549768209,3.6599995549768209,-4.229254098023179,0,1,1,-4.229254098023179,0,1,2,4
621,0.0199999865,Running,1,3.67999954149127,3.67999954149127,607,621,Advance,3.67999954149127,-4.20925411150873,3.67999954149127,3.67999954149127,-4.20925411150873,0,1,1,-4.20925411150873,0,1,2,4
622,0.0199999865,Running,1,3.6999995280057192,3.6999995280057192,608,622,Advance,3.6999995280057192,-4.1892541339933747,3.6999995280057192,3.6999995280057192,-4.1892541339933747,0,1,1,-4.1892541339933747,0,1,2,4
623,0.0199999865,Running,1,3.7199995145201683,3.7199995145201683,609,623,Advance,3.7199995145201683,-4.169254775444891,3.7199995145201683,3.7199995145201683,-4.169254775444891,0,1,1,-4.169254775444891,0,1,2,4
624,0.0199999865,Running,1,3.7399995010346174,3.7399995010346174,610,624,Advance,3.7399995010346174,-4.1492587501923914,3.7399995010346174,3.7399995010346174,-4.1492587501923914,0,1,1,-4.1492587501923914,0,1,2,4
625,0.0199999865,Running,1,3.7599994875490665,3.7599994875490665,611,625,Advance,3.7599994875490665,-4.1292711031631066,3.7599994875490665,3.7599994875490665,-4.1292711031631066,0,1,1,-4.1292711031631066,0,1,2,4
626,0.0199999865,Running,1,3.7799994740635157,3.7799994740635157,612,626,Advance,3.7799994740635157,-4.1092989424842532,3.7799994740635157,3.7799994740635157,-4.1092989424842532,0,1,1,-4.1092989424842532,0,1,2,4
627,0.0199999865,Running,1,3.7999994605779648,3.7999994605779648,613,627,Advance,3.7999994605779648,-4.0893511836851824,3.7999994605779648,3.7999994605779648,-4.0893511836851824,0,1,1,-4.0893511836851824,0,1,2,4
628,0.0199999865,Running,1,3.8199994470924139,3.8199994470924139,614,628,Advance,3.8199994470924139,-4.06943869298332,3.8199994470924139,3.8199994470924139,-4.06943869298332,0,1,1,-4.06943869298332,0,1,2,4
629,0.0199999865,Running,1,3.839999433606863,3.839999433606863,615,629,Advance,3.839999433606863,-4.0495730300435762,3.839999433606863,3.839999433606863,-4.0495730300435762,0,1,1,-4.0495730300435762,0,1,2,4
630,0.0199999865,Running,1,3.8599994201213121,3.8599994201213121,616,630,Advance,3.8599994201213121,-4.0297669754198493,3.8599994201213121,3.8599994201213121,-4.0297669754198493,0,1,1,-4.0297669754198493,0,1,2,4
631,0.0199999865,Running,1,3.8799994066357613,3.8799994066357613,617,631,Advance,3.8799994066357613,-4.0100340664452307,3.8799994066357613,3.8799994066357613,-4.0100340664452307,0,1,1,-4.0100340664452307,0,1,2,4
632,0.0199999865,Running,1,3.8999993931502104,3.8999993931502104,618,632,Advance,3.8999993931502104,-3.9903883539378628,3.8999993931502104,3.8999993931502104,-3.9903883539378628,0,1,1,-3.9903883539378628,0,1,2,4
633,0.0199999865,Running,1,3.9199993796646595,3.9199993796646595,619,633,Advance,3.9199993796646595,-3.9708451748790541,3.9199993796646595,3.9199993796646595,-3.9708451748790541,0,1,1,-3.9708451748790541,0,1,2,4
634,0.0199999865,Running,1,3.9399993661791086,3.9399993661791086,620,634,Advance,3.9399993661791086,-3.9514181459568705,3.9399993661791086,3.9399993661791086,-3.9514181459568705,0,1,1,-3.9514181459568705,0,1,2,4
635,0.0199999865,Running,1,3.9599993526935577,3.9599993526935577,621,635,Advance,3.9599993526935577,-3.9321214709908974,3.9599993526935577,3.9599993526935577,-3.9321214709908974,0,1,1,-3.9321214709908974,0,1,2,4
636,0.0199999865,Running,1,3.9799993392080069,3.9799993392080069,622,636,Advance,3.9799993392080069,-3.9129689993103893,3.9799993392080069,3.9799993392080069,-3.9129689993103893,0,1,1,-3.9129689993103893,0,1,2,4
637,0.0199999865,Running,1,3.999999325722456,3.999999325722456,623,637,Advance,3.999999325722456,-3.8939740531651297,3.999999325722456,3.999999325722456,-3.8939740531651297,0,1,1,-3.8939740531651297,0,1,2,4
638,0.0199999865,Running,1,4.0199993122369051,4.0199993122369051,624,638,Advance,4.0199993122369051,-3.8751508680482609,4.0199993122369051,4.0199993122369051,-3.8751508680482609,0,1,1,-3.8751508680482609,0,1,2,4
639,0.0199999865,Running,1,4.0399992987513542,4.0399992987513542,625,639,Advance,4.0399992987513542,-3.8565099018069788,4.0399992987513542,4.0399992987513542,-3.8565099018069788,0,1,1,-3.8565099018069788,0,1,2,4
640,0.0199999865,Running,1,4.0599992852658033,4.0599992852658033,626,640,Advance,4.0599992852658033,-3.8380620689525919,4.0599992852658033,4.0599992852658033,-3.8380620689525919,0,1,1,-3.8380620689525919,0,1,2,4
641,0.0199999865,Running,1,4.0799992717802525,4.0799992717802525,627,641,Advance,4.0799992717802525,-3.819817298180034,4.0799992717802525,4.0799992717802525,-3.819817298180034,0,1,1,-3.819817298180034,0,1,2,4
642,0.0199999865,Running,1,4.0999992582947016,4.0999992582947016,628,642,Advance,4.0999992582947016,-3.8017844735360269,4.0999992582947016,4.0999992582947016,-3.8017844735360269,0,1,1,-3.8017844735360269,0,1,2,4
643,0.0199999865,Running,1,4.1199992448091507,4.1199992448091507,629,643,Advance,4.1199992448091507,-3.7839733638817918,4.1199992448091507,4.1199992448091507,-3.7839733638817918,0,1,1,-3.7839733638817918,0,1,2,4
644,0.0199999865,Running,1,4.1399992313236,4.1399992313236,630,644,Advance,4.1399992313236,-3.766388795383373,4.1399992313236,4.1399992313236,-3.766388795383373,0,1,1,-3.766388795383373,0,1,2,4
645,0.0199999865,Running,1,4.1599992178380489,4.1599992178380489,631,645,Advance,4.1599992178380489,-3.7490363284488439,4.1599992178380489,4.1599992178380489,-3.7490363284488439,0,1,1,-3.7490363284488439,0,1,2,4
646,0.0199999865,Running,1,4.1799992043524981,4.1799992043524981,632,646,Advance,4.1799992043524981,-3.7319204345034787,4.1799992043524981,4.1799992043524981,-3.7319204345034787,0,1,1,-3.7319204345034787,0,1,2,4
647,0.0199999865,Running,1,4.1999991908669472,4.1999991908669472,633,647,Advance,4.1999991908669472,-3.7150445248333837,4.1999991908669472,4.1999991908669472,-3.7150445248333837,0,1,1,-3.7150445248333837,0,1,2,4
648,0.0199999865,Running,1,4.2199991773813963,4.2199991773813963,634,648,Advance,4.2199991773813963,-3.6984131007476919,4.2199991773813963,4.2199991773813963,-3.6984131007476919,0,1,1,-3.6984131007476919,0,1,2,4
649,0.0199999865,Running,1,4.2399991638958454,4.2399991638958454,635,649,Advance,4.2399991638958454,-3.6820254575684332,4.2399991638958454,4.2399991638958454,-3.6820254575684332,0,1,1,-3.6820254575684332,0,1,2,4
650,0.0199999865,Running,1,4.2599991504102945,4.2599991504102945,636,650,Advance,4.2599991504102945,-3.6658820537931245,4.2599991504102945,4.2599991504102945,-3.6658820537931245,0,1,1,-3.6658820537931245,0,1,2,4
651,0.0199999865,Running,1,4.2799991369247437,4.2799991369247437,637,651,Advance,4.2799991369247437,-3.6499824867541752,4.2799991369247437,4.2799991369247437,-3.6499824867541752,0,1,1,-3.6499824867541752,0,1,2,4
652,0.0199999865,Running,1,4.2999991234391928,4.2999991234391928,638,652,Advance,4.2999991234391928,-3.6343255559771559,4.2999991234391928,4.2999991234391928,-3.6343255559771559,0,1,1,-3.6343255559771559,0,1,2,4
653,0.0199999865,Running,1,4.3199991099536419,4.3199991099536419,639,653,Advance,4.3199991099536419,-3.6189113895857541,4.3199991099536419,4.3199991099536419,-3.6189113895857541,0,1,1,-3.6189113895857541,0,1,2,4
654,0.0199999865,Running,1,4.339999096468091,4.339999096468091,640,654,Advance,4.339999096468091,-3.603735254656478,4.339999096468091,4.339999096468091,-3.603735254656478,0,1,1,-3.603735254656478,0,1,2,4
655,0.0199999865,Running,1,4.35999908298254,4.35999908298254,641,655,Advance,4.35999908298254,-3.5887939249663039,4.35999908298254,4.35999908298254,-3.5887939249663039,0,1,1,-3.5887939249663039,0,1,2,4
656,0.0199999865,Running,1,4.3799990694969893,4.3799990694969893,642,656,Advance,4.3799990694969893,-3.5740836363453696,4.3799990694969893,4.3799990694969893,-3.5740836363453696,0,1,1,-3.5740836363453696,0,1,2,4
657,0.0199999865,Running,1,4.3999990560114384,4.3999990560114384,643,657,Advance,4.3999990560114384,-3.5596001483819437,4.3999990560114384,4.3999990560114384,-3.5596001483819437,0,1,1,-3.5596001483819437,0,1,2,4
658,0.0199999865,Running,1,4.4199990425258875,4.4199990425258875,644,658,Advance,4.4199990425258875,-3.5453406809535051,4.4199990425258875,4.4199990425258875,-3.5453406809535051,0,1,1,-3.5453406809535051,0,1,2,4
659,0.0199999865,Running,1,4.4399990290403366,4.4399990290403366,645,659,Advance,4.4399990290403366,-3.5312982303120606,4.4399990290403366,4.4399990290403366,-3.5312982303120606,0,1,1,-3.5312982303120606,0,1,2,4
660,0.0199999865,Running,1,4.4599990155547857,4.4599990155547857,646,660,Advance,4.4599990155547857,-3.517467452904997,4.4599990155547857,4.4599990155547857,-3.517467452904997,0,1,1,-3.517467452904997,0,1,2,4
661,0.0199999865,Running,1,4.4799990020692348,4.4799990020692348,647,661,Advance,4.4799990020692348,-3.5038427472641898,4.4799990020692348,4.4799990020692348,-3.5038427472641898,0,1,1,-3.5038427472641898,0,1,2,4
662,0.0199999865,Running,1,4.499998988583684,4.499998988583684,648,662,Advance,4.499998988583684,-3.4904182949069686,4.499998988583684,4.499998988583684,-3.4904182949069686,0,1,1,-3.4904182949069686,0,1,2,4
663,0.0199999865,Running,1,4.5199989750981331,4.5199989750981331,649,663,Advance,4.5199989750981331,-3.4771897307258235,4.5199989750981331,4.5199989750981331,-3.4771897307258235,0,1,1,-3.4771897307258235,0,1,2,4
664,0.0199999865,Running,1,4.5399989616125822,4.5399989616125822,650,664,Advance,4.5399989616125822,-3.4641491814174907,4.5399989616125822,4.5399989616125822,-3.4641491814174907,0,1,1,-3.4641491814174907,0,1,2,4
665,0.0199999865,Running,1,4.5599989481270313,4.5599989481270313,651,665,Advance,4.5599989481270313,-3.45129040809029,4.5599989481270313,4.5599989481270313,-3.45129040809029,0,1,1,-3.45129040809029,0,1,2,4
666,0.0199999865,Running,1,4.5799989346414804,4.5799989346414804,652,666,Advance,4.5799989346414804,-3.4386071045910338,4.5799989346414804,4.5799989346414804,-3.4386071045910338,0,1,1,-3.4386071045910338,0,1,2,4
667,0.0199999865,Running,1,4.59999892115593,4.59999892115593,653,667,Advance,4.59999892115593,-3.4260929204760338,4.59999892115593,4.59999892115593,-3.4260929204760338,0,1,1,-3.4260929204760338,0,1,2,4
668,0.0199999865,Running,1,4.6199989076703787,4.6199989076703787,654,668,Advance,4.6199989076703787,-3.4137428366271068,4.6199989076703787,4.6199989076703787,-3.4137428366271068,0,1,1,-3.4137428366271068,0,1,2,4
669,0.0199999865,Running,1,4.6399988941848278,4.6399988941848278,655,669,Advance,4.6399988941848278,-3.4015490129032728,4.6399988941848278,4.6399988941848278,-3.4015490129032728,0,1,1,-3.4015490129032728,0,1,2,4
670,0.0199999865,Running,1,4.6599988806992769,4.6599988806992769,656,670,Advance,4.6599988806992769,-3.3895051018654323,4.6599988806992769,4.6599988806992769,-3.3895051018654323,0,1,1,-3.3895051018654323,0,1,2,4
671,0.0199999865,Running,1,4.679998867213726,4.679998867213726,657,671,Advance,4.679998867213726,-3.3776047930882624,4.679998867213726,4.679998867213726,-3.3776047930882624,0,1,1,-3.3776047930882624,0,1,2,4
672,0.0199999865,Running,1,4.6999988537281752,4.6999988537281752,658,672,Advance,4.6999988537281752,-3.3658418311144978,4.6999988537281752,4.6999988537281752,-3.3658418311144978,0,1,1,-3.3658418311144978,0,1,2,4
673,0.0199999865,Running,1,4.7199988402426243,4.7199988402426243,659,673,Advance,4.7199988402426243,-3.3542111053169443,4.7199988402426243,4.7199988402426243,-3.3542111053169443,0,1,1,-3.3542111053169443,0,1,2,4
674,0.0199999865,Running,1,4.7399988267570734,4.7399988267570734,660,674,Advance,4.7399988267570734,-3.3427053068738894,4.7399988267570734,4.7399988267570734,-3.3427053068738894,0,1,1,-3.3427053068738894,0,1,2,4
675,0.0199999865,Running,1,4.7599988132715225,4.7599988132715225,661,675,Advance,4.7599988132715225,-3.3313184097878819,4.7599988132715225,4.7599988132715225,-3.3313184097878819,0,1,1,-3.3313184097878819,0,1,2,4
676,0.0199999865,Running,1,4.7799987997859716,4.7799987997859716,662,676,Advance,4.7799987997859716,-3.3200444799771804,4.7799987997859716,4.7799987997859716,-3.3200444799771804,0,1,1,-3.3200444799771804,0,1,2,4
677,0.0199999865,Running,1,4.7999987863004208,4.7999987863004208,663,677,Advance,4.7999987863004208,-3.3088776841400476,4.7999987863004208,4.7999987863004208,-3.3088776841400476,0,1,1,-3.3088776841400476,0,1,2,4
678,0.0199999865,Running,1,4.81999877281487,4.81999877281487,664,678,Advance,4.81999877281487,-3.297813123593675,4.81999877281487,4.81999877281487,-3.297813123593675,0,1,1,-3.297813123593675,0,1,2,4
679,0.0199999865,Running,1,4.839998759329319,4.839998759329319,665,679,Advance,4.839998759329319,-3.286844254613742,4.839998759329319,4.839998759329319,-3.286844254613742,0,1,1,-3.286844254613742,0,1,2,4
680,0.0199999865,Running,1,4.8599987458437681,4.8599987458437681,666,680,Advance,4.8599987458437681,-3.2759655810378412,4.8599987458437681,4.8599987458437681,-3.2759655810378412,0,1,1,-3.2759655810378412,0,1,2,4
681,0.0199999865,Running,1,4.8799987323582172,4.8799987323582172,667,681,Advance,4.8799987323582172,-3.2651717259399056,4.8799987323582172,4.8799987323582172,-3.2651717259399056,0,1,1,-3.2651717259399056,0,1,2,4
682,0.0199999865,Running,1,4.8999987188726664,4.8999987188726664,668,682,Advance,4.8999987188726664,-3.2544574363593086,4.8999987188726664,4.8999987188726664,-3.2544574363593086,0,1,1,-3.2544574363593086,0,1,2,4
683,0.0199999865,Running,1,4.9199987053871155,4.9199987053871155,669,683,Advance,4.9199987053871155,-3.2438181841747222,4.9199987053871155,4.9199987053871155,-3.2438181841747222,0,1,1,-3.2438181841747222,0,1,2,4
684,0.0199999865,Running,1,4.9399986919015646,4.9399986919015646,670,684,Advance,4.9399986919015646,-3.2332482809588226,4.9399986919015646,4.9399986919015646,-3.2332482809588226,0,1,1,-3.2332482809588226,0,1,2,4
685,0.0199999865,Running,1,4.9599986784160137,4.9599986784160137,671,685,Advance,4.9599986784160137,-3.2227428633724795,4.9599986784160137,4.9599986784160137,-3.2227428633724795,0,1,1,-3.2227428633724795,0,1,2,4
686,0.0199999865,Running,1,4.9799986649304628,4.9799986649304628,672,686,Advance,4.9799986649304628,-3.2122972016572269,4.9799986649304628,4.9799986649304628,-3.2122972016572269,0,1,1,-3.2122972016572269,0,1,2,4
687,0.0199999865,Running,1,4.999998651444912,4.999998651444912,673,687,Advance,4.999998651444912,-3.2019067011935,4.999998651444912,4.999998651444912,-3.2019067011935,0,1,1,-3.2019067011935,0,1,2,4
688,0.0199999865,Running,1,5.0199986379593611,5.0199986379593611,674,688,Advance,5.0199986379593611,-3.1915673112111755,5.0199986379593611,5.0199986379593611,-3.1915673112111755,0,1,1,-3.1915673112111755,0,1,2,4
689,0.0199999865,Running,1,5.03999862447381,5.03999862447381,675,689,Advance,5.03999862447381,-3.1812742435877728,5.03999862447381,5.03999862447381,-3.1812742435877728,0,1,1,-3.1812742435877728,0,1,2,4
690,0.0199999865,Running,1,5.0599986109882593,5.0599986109882593,676,690,Advance,5.0599986109882593,-3.1710233394004805,5.0599986109882593,5.0599986109882593,-3.1710233394004805,0,1,1,-3.1710233394004805,0,1,2,4
691,0.0199999865,Running,1,5.0799985975027084,5.0799985975027084,677,691,Advance,5.0799985975027084,-3.1608105892667222,5.0799985975027084,5.0799985975027084,-3.1608105892667222,0,1,1,-3.1608105892667222,0,1,2,4
692,0.0199999865,Running,1,5.0999985840171576,5.0999985840171576,678,692,Advance,5.0999985840171576,-3.1506321397179669,5.0999985840171576,5.0999985840171576,-3.1506321397179669,0,1,1,-3.1506321397179669,0,1,2,4
693,0.0199999865,Running,1,5.1199985705316067,5.1199985705316067,679,693,Advance,5.1199985705316067,-3.1404845293030275,5.1199985705316067,5.1199985705316067,-3.1404845293030275,0,1,1,-3.1404845293030275,0,1,2,4
694,0.0199999865,Running,1,5.1399985570460558,5.1399985570460558,680,694,Advance,5.1399985570460558,-3.1303639354224759,5.1399985570460558,5.1399985570460558,-3.1303639354224759,0,1,1,-3.1303639354224759,0,1,2,4
695,0.0199999865,Running,1,5.1599985435605049,5.1599985435605049,681,695,Advance,5.1599985435605049,-3.1202670069608982,5.1599985435605049,5.1599985435605049,-3.1202670069608982,0,1,1,-3.1202670069608982,0,1,2,4
696,0.0199999865,Running,1,5.179998530074954,5.179998530074954,682,696,Advance,5.179998530074954,-3.1101905703192285,5.179998530074954,5.179998530074954,-3.1101905703192285,0,1,1,-3.1101905703192285,0,1,2,4
697,0.0199999865,Running,1,5.1999985165894032,5.1999985165894032,683,697,Advance,5.1999985165894032,-3.1001316386081519,5.1999985165894032,5.1999985165894032,-3.1001316386081519,0,1,1,-3.1001316386081519,0,1,2,4
698,0.0199999865,Running,1,5.2199985031038523,5.2199985031038523,684,698,Advance,5.2199985031038523,-3.0900875250256821,5.2199985031038523,5.2199985031038523,-3.0900875250256821,0,1,1,-3.0900875250256821,0,1,2,4
699,0.0199999865,Running,1,5.2399984896183014,5.2399984896183014,685,699,Advance,5.2399984896183014,-3.0800554943306779,5.2399984896183014,5.2399984896183014,-3.0800554943306779,0,1,1,-3.0800554943306779,0,1,2,4
700,0.0199999865,Running,1,5.2599984761327505,5.2599984761327505,686,700,Advance,5.2599984761327505,-3.070033180006571,5.2599984761327505,5.2599984761327505,-3.070033180006571,0,1,1,-3.070033180006571,0,1,2,4
701,0.0199999865,Running,1,5.2799984626472,5.2799984626472,687,701,Advance,5.2799984626472,-3.060018441440997,5.2799984626472,5.2799984626472,-3.060018441440997,0,1,1,-3.060018441440997,0,1,2,4
702,0.0199999865,Running,1,5.2999984491616488,5.2999984491616488,688,702,Advance,5.2999984491616488,-3.0500093749787798,5.2999984491616488,5.2999984491616488,-3.0500093749787798,0,1,1,-3.0500093749787798,0,1,2,4
703,0.0199999865,Running,1,5.3199984356760979,5.3199984356760979,689,703,Advance,5.3199984356760979,-3.0400043495502507,5.3199984356760979,5.3199984356760979,-3.0400043495502507,0,1,1,-3.0400043495502507,0,1,2,4
704,0.0199999865,Running,1,5.339998422190547,5.339998422190547,690,704,Advance,5.339998422190547,-3.030001933726107,5.339998422190547,5.339998422190547,-3.030001933726107,0,1,1,-3.030001933726107,0,1,2,4
705,0.0199999865,Running,1,5.3599984087049961,5.3599984087049961,691,705,Advance,5.3599984087049961,-3.0200010255824425,5.3599984087049961,5.3599984087049961,-3.0200010255824425,0,1,1,-3.0200010255824425,0,1,2,4
706,0.0199999865,Running,1,5.3799983952194452,5.3799983952194452,692,706,Advance,5.3799983952194452,-3.010000816894129,5.3799983952194452,5.3799983952194452,-3.010000816894129,0,1,1,-3.010000816894129,0,1,2,4
707,0.0199999865,Running,1,5.3999983817338943,5.3999983817338943,693,707,Advance,5.3999983817338943,-3.0000008091332471,5.3999983817338943,5.3999983817338943,-3.0000008091332471,0,1,1,-3.0000008091332471,0,1,2,4
708,0.0199999865,Running,1,5.4199983682483435,5.4199983682483435,694,708,Advance,5.4199983682483435,-2.9900008163758285,5.4199983682483435,5.4199983682483435,-2.9900008163758285,0,1,1,-2.9900008163758285,0,1,2,4
709,0.0199999865,Running,1,5.4399983547627926,5.4399983547627926,695,709,Advance,5.4399983547627926,-2.9800008229184063,5.4399983547627926,5.4399983547627926,-2.9800008229184063,0,1,1,-2.9800008229184063,0,1,2,4
710,0.0199999865,Running,1,5.4599983412772417,5.4599983412772417,696,710,Advance,5.4599983412772417,-2.9700008296615783,5.4599983412772417,5.4599983412772417,-2.9700008296615783,0,1,1,-2.9700008296615783,0,1,2,4
711,0.0199999865,Running,1,5.4799983277916908,5.4799983277916908,697,711,Advance,5.4799983277916908,-2.9600008366041548,5.4799983277916908,5.4799983277916908,-2.9600008366041548,0,1,1,-2.9600008366041548,0,1,2,4
712,0.0199999865,Running,1,5.49999831430614,5.49999831430614,698,712,Advance,5.49999831430614,-2.9500008428471327,5.49999831430614,5.49999831430614,-2.9500008428471327,0,1,1,-2.9500008428471327,0,1,2,4
713,0.0199999865,Running,1,5.5199983008205891,5.5199983008205891,699,713,Advance,5.5199983008205891,-2.9400008500897052,5.5199983008205891,5.5199983008205891,-2.9400008500897052,0,1,1,-2.9400008500897052,0,1,2,4
714,0.0199999865,Running,1,5.5399982873350382,5.5399982873350382,700,714,Advance,5.5399982873350382,-2.9300008566322755,5.5399982873350382,5.5399982873350382,-2.9300008566322755,0,1,1,-2.9300008566322755,0,1,2,4
715,0.0199999865,Running,1,5.5599982738494873,5.5599982738494873,701,715,Advance,5.5599982738494873,-2.9200008633754635,5.5599982738494873,5.5599982738494873,-2.9200008633754635,0,1,1,-2.9200008633754635,0,1,2,4
716,0.0199999865,Running,1,5.5799982603639364,5.5799982603639364,702,716,Advance,5.5799982603639364,-2.9100008703180316,5.5799982603639364,5.5799982603639364,-2.9100008703180316,0,1,1,-2.9100008703180316,0,1,2,4
717,0.0199999865,Running,1,5.5999982468783855,5.5999982468783855,703,717,Advance,5.5999982468783855,-2.9000008765610175,5.5999982468783855,5.5999982468783855,-2.9000008765610175,0,1,1,-2.9000008765610175,0,1,2,4
718,0.0199999865,Running,1,5.6199982333928347,5.6199982333928347,704,718,Advance,5.6199982333928347,-2.8900008838035829,5.6199982333928347,5.6199982333928347,-2.8900008838035829,0,1,1,-2.8900008838035829,0,1,2,4
719,0.0199999865,Running,1,5.6399982199072838,5.6399982199072838,705,719,Advance,5.6399982199072838,-2.8800008903461443,5.6399982199072838,5.6399982199072838,-2.8800008903461443,0,1,1,-2.8800008903461443,0,1,2,4
720,0.0199999865,Running,1,5.6599982064217329,5.6599982064217329,706,720,Advance,5.6599982064217329,-2.8700008970893487,5.6599982064217329,5.6599982064217329,-2.8700008970893487,0,1,1,-2.8700008970893487,0,1,2,4
721,0.0199999865,Running,1,5.679998192936182,5.679998192936182,707,721,Advance,5.679998192936182,-2.8600009040319088,5.679998192936182,5.679998192936182,-2.8600009040319088,0,1,1,-2.8600009040319088,0,1,2,4
722,0.0199999865,Running,1,5.6999981794506311,5.6999981794506311,708,722,Advance,5.6999981794506311,-2.8500009102749031,5.6999981794506311,5.6999981794506311,-2.8500009102749031,0,1,1,-2.8500009102749031,0,1,2,4
723,0.0199999865,Running,1,5.71999816596508,5.71999816596508,709,723,Advance,5.71999816596508,-2.8400009175174596,5.71999816596508,5.71999816596508,-2.8400009175174596,0,1,1,-2.8400009175174596,0,1,2,4
724,0.0199999865,Running,1,5.7399981524795294,5.7399981524795294,710,724,Advance,5.7399981524795294,-2.8300009240600135,5.7399981524795294,5.7399981524795294,-2.8300009240600135,0,1,1,-2.8300009240600135,0,1,2,4
725,0.0199999865,Running,1,5.7599981389939785,5.7599981389939785,711,725,Advance,5.7599981389939785,-2.8200009308032343,5.7599981389939785,5.7599981389939785,-2.8200009308032343,0,1,1,-2.8200009308032343,0,1,2,4
726,0.0199999865,Running,1,5.7799981255084276,5.7799981255084276,712,726,Advance,5.7799981255084276,-2.8100009377457864,5.7799981255084276,5.7799981255084276,-2.8100009377457864,0,1,1,-2.8100009377457864,0,1,2,4
727,0.0199999865,Running,1,5.7999981120228767,5.7999981120228767,713,727,Advance,5.7999981120228767,-2.8000009439887878,5.7999981120228767,5.7999981120228767,-2.8000009439887878,0,1,1,-2.8000009439887878,0,1,2,4
728,0.0199999865,Running,1,5.8199980985373259,5.8199980985373259,714,728,Advance,5.8199980985373259,-2.7900009512313373,5.8199980985373259,5.8199980985373259,-2.7900009512313373,0,1,1,-2.7900009512313373,0,1,2,4
729,0.0199999865,Running,1,5.839998085051775,5.839998085051775,715,729,Advance,5.839998085051775,-2.7800009577738827,5.839998085051775,5.839998085051775,-2.7800009577738827,0,1,1,-2.7800009577738827,0,1,2,4
730,0.0199999865,Running,1,5.8599980715662241,5.8599980715662241,716,730,Advance,5.8599980715662241,-2.7700009645171195,5.8599980715662241,5.8599980715662241,-2.7700009645171195,0,1,1,-2.7700009645171195,0,1,2,4
731,0.0199999865,Running,1,5.8799980580806732,5.8799980580806732,717,731,Advance,5.8799980580806732,-2.7600009714596632,5.8799980580806732,5.8799980580806732,-2.7600009714596632,0,1,1,-2.7600009714596632,0,1,2,4
732,0.0199999865,Running,1,5.8999980445951223,5.8999980445951223,718,732,Advance,5.8999980445951223,-2.7500009777026735,5.8999980445951223,5.8999980445951223,-2.7500009777026735,0,1,1,-2.7500009777026735,0,1,2,4
733,0.0199999865,Running,1,5.9199980311095715,5.9199980311095715,719,733,Advance,5.9199980311095715,-2.7400009849452145,5.9199980311095715,5.9199980311095715,-2.7400009849452145,0,1,1,-2.7400009849452145,0,1,2,4
734,0.0199999865,Running,1,5.9399980176240206,5.9399980176240206,720,734,Advance,5.9399980176240206,-2.7300009914877519,5.9399980176240206,5.9399980176240206,-2.7300009914877519,0,1,1,-2.7300009914877519,0,1,2,4
735,0.0199999865,Running,1,5.95999800413847,5.95999800413847,721,735,Advance,5.95999800413847,-2.7200009982310047,5.95999800413847,5.95999800413847,-2.7200009982310047,0,1,1,-2.7200009982310047,0,1,2,4
736,0.0199999865,Running,1,5.9799979906529188,5.9799979906529188,722,736,Advance,5.9799979906529188,-2.7100010051735408,5.9799979906529188,5.9799979906529188,-2.7100010051735408,0,1,1,-2.7100010051735408,0,1,2,4
737,0.0199999865,Running,1,5.9999979771673679,5.9999979771673679,723,737,Advance,5.9999979771673679,-2.7000010114165591,5.9999979771673679,5.9999979771673679,-2.7000010114165591,0,1,1,-2.7000010114165591,0,1,2,4
738,0.0199999865,Running,1,6.0199979636818171,6.0199979636818171,724,738,Advance,6.0199979636818171,-2.6900010186590912,6.0199979636818171,6.0199979636818171,-2.6900010186590912,0,1,1,-2.6900010186590912,0,1,2,4
739,0.0199999865,Running,0,6.0399979501962662,6.0399979501962662,725,738,Advance,6.0399979501962662,-2.6800010252016211,6.0399979501962662,6.0399979501962662,-2.6800010252016211,0,1,1,-2.6900010186590912,1,1,2,5
740,0.0199999865,Running,0,6.0599979367107153,6.0599979367107153,726,738,Advance,6.0599979367107153,-2.67000103194489,6.0599979367107153,6.0599979367107153,-2.67000103194489,0,1,1,-2.6800010252016211,1,1,2,5
741,0.0199999865,Running,0,6.0799979232251644,6.0799979232251644,727,738,Advance,6.0799979232251644,-2.6600010388874176,6.0799979232251644,6.0799979232251644,-2.6600010388874176,0,1,1,-2.67000103194489,1,1,2,5
742,0.0199999865,Running,0,6.0999979097396135,6.0999979097396135,728,738,Advance,6.0999979097396135,-2.6500010451304439,6.0999979097396135,6.0999979097396135,-2.6500010451304439,0,1,1,-2.6600010388874176,1,1,2,5
743,0.0199999865,Running,0,6.1199978962540627,6.1199978962540627,729,738,Advance,6.1199978962540627,-2.6400010523729689,6.1199978962540627,6.1199978962540627,-2.6400010523729689,0,1,1,-2.6500010451304439,1,1,2,5
744,0.0199999865,Running,0,6.1399978827685118,6.1399978827685118,730,738,Advance,6.1399978827685118,-2.63000105891549,6.1399978827685118,6.1399978827685118,-2.63000105891549,0,1,1,-2.6400010523729689,1,1,2,5
745,0.0199999865,Running,0,6.1599978692829609,6.1599978692829609,731,738,Advance,6.1599978692829609,-2.6200010656587751,6.1599978692829609,6.1599978692829609,-2.6200010656587751,0,1,1,-2.63000105891549,1,1,2,5
746,0.0199999865,Running,0,6.17999785579741,6.17999785579741,732,738,Advance,6.17999785579741,-2.6100010726012948,6.17999785579741,6.17999785579741,-2.6100010726012948,0,1,1,-2.6200010656587751,1,1,2,5
747,0.0199999865,Running,0,6.1999978423118591,6.1999978423118591,733,738,Advance,6.1999978423118591,-2.6000010788443295,6.1999978423118591,6.1999978423118591,-2.6000010788443295,0,1,1,-2.6100010726012948,1,1,2,5
748,0.0199999865,Running,0,6.2199978288263083,6.2199978288263083,734,738,Advance,6.2199978288263083,-2.5900010860868456,6.2199978288263083,6.2199978288263083,-2.5900010860868456,0,1,1,-2.6000010788443295,1,1,2,5
749,0.0199999865,Running,0,6.2399978153407574,6.2399978153407574,735,738,Advance,6.2399978153407574,-2.5800010926293591,6.2399978153407574,6.2399978153407574,-2.5800010926293591,0,1,1,-2.5900010860868456,1,1,2,5
750,0.0199999865,Running,0,6.2599978018552065,6.2599978018552065,736,738,Advance,6.2599978018552065,-2.5700010993726607,6.2599978018552065,6.2599978018552065,-2.5700010993726607,0,1,1,-2.5800010926293591,1,1,2,5
751,0.0199999865,Running,0,6.2799977883696556,6.2799977883696556,737,738,Advance,6.2799977883696556,-2.5600011063151724,6.2799977883696556,6.2799977883696556,-2.5600011063151724,0,1,1,-2.5700010993726607,1,1,2,5
752,0.0199999865,Running,0,6.2999977748841047,6.2999977748841047,738,738,Advance,6.2999977748841047,-2.5500011125582143,6.2999977748841047,6.2999977748841047,-2.5500011125582143,0,1,1,-2.5600011063151724,1,1,2,5
753,0.0199999865,Running,0,6.3199977613985538,6.3199977613985538,739,738,Advance,6.3199977613985538,-2.5400011198007233,6.3199977613985538,6.3199977613985538,-2.5400011198007233,0,1,1,-2.5500011125582143,1,1,2,5
754,0.0199999865,Running,0,6.339997747913003,6.339997747913003,740,738,Advance,6.339997747913003,-2.5300011263432283,6.339997747913003,6.339997747913003,-2.5300011263432283,0,1,1,-2.5400011198007233,1,1,2,5
755,0.0199999865,Running,0,6.3599977344274521,6.3599977344274521,741,738,Advance,6.3599977344274521,-2.5200011330865459,6.3599977344274521,6.3599977344274521,-2.5200011330865459,0,1,1,-2.5300011263432283,1,1,2,5
756,0.0199999865,Running,0,6.3799977209419012,6.3799977209419012,742,738,Advance,6.3799977209419012,-2.5100011400290492,6.3799977209419012,6.3799977209419012,-2.5100011400290492,0,1,1,-2.5200011330865459,1,1,2,5
757,0.0199999865,Running,0,6.39999770745635,6.39999770745635,743,738,Advance,6.39999770745635,-2.5000011462721,6.39999770745635,6.39999770745635,-2.5000011462721,0,1,1,-2.5100011400290492,1,1,2,5
758,0.0199999865,Running,0,6.4199976939707994,6.4199976939707994,744,738,Advance,6.4199976939707994,-2.4900011535146005,6.4199976939707994,6.4199976939707994,-2.4900011535146005,0,1,1,-2.5000011462721,1,1,2,5
759,0.0199999865,Running,0,6.4399976804852486,6.4399976804852486,745,738,Advance,6.4399976804852486,-2.4800011600570975,6.4399976804852486,6.4399976804852486,-2.4800011600570975,0,1,1,-2.4900011535146005,1,1,2,5
760,0.0199999865,Running,0,6.4599976669996977,6.4599976669996977,746,738,Advance,6.4599976669996977,-2.4700011668004311,6.4599976669996977,6.4599976669996977,-2.4700011668004311,0,1,1,-2.4800011600570975,1,1,2,5
761,0.0199999865,Running,0,6.4799976535141468,6.4799976535141468,747,738,Advance,6.4799976535141468,-2.4600011737429268,6.4799976535141468,6.4799976535141468,-2.4600011737429268,0,1,1,-2.4700011668004311,1,1,2,5
762,0.0199999865,Running,0,6.4999976400285959,6.4999976400285959,748,738,Advance,6.4999976400285959,-2.4500011799859855,6.4999976400285959,6.4999976400285959,-2.4500011799859855,0,1,1,-2.4600011737429268,1,1,2,5
763,0.0199999865,Running,0,6.519997626543045,6.519997626543045,749,738,Advance,6.519997626543045,-2.4400011872284773,6.519997626543045,6.519997626543045,-2.4400011872284773,0,1,1,-2.4500011799859855,1,1,2,5
764,0.0199999865,Running,0,6.5399976130574942,6.5399976130574942,750,738,Advance,6.5399976130574942,-2.4300011937709667,6.5399976130574942,6.5399976130574942,-2.4300011937709667,0,1,1,-2.4400011872284773,1,1,2,5
765,0.0199999865,Running,0,6.5599975995719433,6.5599975995719433,751,738,Advance,6.5599975995719433,-2.4200012005143168,6.5599975995719433,6.5599975995719433,-2.4200012005143168,0,1,1,-2.4300011937709667,1,1,2,5
766,0.0199999865,Running,0,6.5799975860863924,6.5799975860863924,752,738,Advance,6.5799975860863924,-2.4100012074568036,6.5799975860863924,6.5799975860863924,-2.4100012074568036,0,1,1,-2.4200012005143168,1,1,2,5
767,0.0199999865,Running,0,6.5999975726008415,6.5999975726008415,753,738,Advance,6.5999975726008415,-2.4000012136998703,6.5999975726008415,6.5999975726008415,-2.4000012136998703,0,1,1,-2.4100012074568036,1,1,2,5
768,0.0199999865,Running,0,6.6199975591152906,6.6199975591152906,754,738,Advance,6.6199975591152906,-2.3900012209423549,6.6199975591152906,6.6199975591152906,-2.3900012209423549,0,1,1,-2.4000012136998703,1,1,2,5
769,0.0199999865,Running,0,6.63999754562974,6.63999754562974,755,738,Advance,6.63999754562974,-2.3800012274848354,6.63999754562974,6.63999754562974,-2.3800012274848354,0,1,1,-2.3900012209423549,1,1,2,5
770,0.0199999865,Running,0,6.6599975321441889,6.6599975321441889,756,738,Advance,6.6599975321441889,-2.3700012342282015,6.6599975321441889,6.6599975321441889,-2.3700012342282015,0,1,1,-2.3800012274848354,1,1,2,5
771,0.0199999865,Running,0,6.679997518658638,6.679997518658638,757,738,Advance,6.679997518658638,-2.3600012411706808,6.679997518658638,6.679997518658638,-2.3600012411706808,0,1,1,-2.3700012342282015,1,1,2,5
772,0.0199999865,Running,0,6.6999975051730871,6.6999975051730871,758,738,Advance,6.6999975051730871,-2.3500012474137559,6.6999975051730871,6.6999975051730871,-2.3500012474137559,0,1,1,-2.3600012411706808,1,1,2,5
773,0.0199999865,Running,0,6.7199974916875362,6.7199974916875362,759,738,Advance,6.7199974916875362,-2.3400012546562317,6.7199974916875362,6.7199974916875362,-2.3400012546562317,0,1,1,-2.3500012474137559,1,1,2,5
774,0.0199999865,Running,0,6.7399974782019854,6.7399974782019854,760,738,Advance,6.7399974782019854,-2.3300012611987047,6.7399974782019854,6.7399974782019854,-2.3300012611987047,0,1,1,-2.3400012546562317,1,1,2,5
775,0.0199999865,Running,0,6.7599974647164345,6.7599974647164345,761,738,Advance,6.7599974647164345,-2.3200012679420872,6.7599974647164345,6.7599974647164345,-2.3200012679420872,0,1,1,-2.3300012611987047,1,1,2,5
776,0.0199999865,Running,0,6.7799974512308836,6.7799974512308836,762,738,Advance,6.7799974512308836,-2.3100012748845584,6.7799974512308836,6.7799974512308836,-2.3100012748845584,0,1,1,-2.3200012679420872,1,1,2,5
777,0.0199999865,Running,0,6.7999974377453327,6.7999974377453327,763,738,Advance,6.7999974377453327,-2.3000012811276407,6.7999974377453327,6.7999974377453327,-2.3000012811276407,0,1,1,-2.3100012748845584,1,1,2,5
778,0.0199999865,Running,0,6.8199974242597818,6.8199974242597818,764,738,Advance,6.8199974242597818,-2.2900012883701093,6.8199974242597818,6.8199974242597818,-2.2900012883701093,0,1,1,-2.3000012811276407,1,1,2,5
779,0.0199999865,Running,0,6.839997410774231,6.839997410774231,765,738,Advance,6.839997410774231,-2.2800012949125739,6.839997410774231,6.839997410774231,-2.2800012949125739,0,1,1,-2.2900012883701093,1,1,2,5
780,0.0199999865,Running,0,6.85999739728868,6.85999739728868,766,738,Advance,6.85999739728868,-2.2700013016559724,6.85999739728868,6.85999739728868,-2.2700013016559724,0,1,1,-2.2800012949125739,1,1,2,5
781,0.0199999865,Running,0,6.8799973838031292,6.8799973838031292,767,738,Advance,6.8799973838031292,-2.2600013085984352,6.8799973838031292,6.8799973838031292,-2.2600013085984352,0,1,1,-2.2700013016559724,1,1,2,5
782,0.0199999865,Running,0,6.8999973703175783,6.8999973703175783,768,738,Advance,6.8999973703175783,-2.2500013148415268,6.8999973703175783,6.8999973703175783,-2.2500013148415268,0,1,1,-2.2600013085984352,1,1,2,5
783,0.0199999865,Running,0,6.9199973568320274,6.9199973568320274,769,738,Advance,6.9199973568320274,-2.2400013220839865,6.9199973568320274,6.9199973568320274,-2.2400013220839865,0,1,1,-2.2500013148415268,1,1,2,5
784,0.0199999865,Running,0,6.9399973433464766,6.9399973433464766,770,738,Advance,6.9399973433464766,-2.2300013286264426,6.9399973433464766,6.9399973433464766,-2.2300013286264426,0,1,1,-2.2400013220839865,1,1,2,5
785,0.0199999865,Running,0,6.9599973298609257,6.9599973298609257,771,738,Advance,6.9599973298609257,-2.2200013353698576,6.9599973298609257,6.9599973298609257,-2.2200013353698576,0,1,1,-2.2300013286264426,1,1,2,5
786,0.0199999865,Running,0,6.9799973163753748,6.9799973163753748,772,738,Advance,6.9799973163753748,-2.2100013423123128,6.9799973163753748,6.9799973163753748,-2.2100013423123128,0,1,1,-2.2200013353698576,1,1,2,5
787,0.0199999865,Running,0,6.9999973028898239,6.9999973028898239,773,738,Advance,6.9999973028898239,-2.200001348555412,6.9999973028898239,6.9999973028898239,-2.200001348555412,0,1,1,-2.2100013423123128,1,1,2,5
788,0.0199999865,Running,0,7.019997289404273,7.019997289404273,774,738,Advance,7.019997289404273,-2.1900013557978633,7.019997289404273,7.019997289404273,-2.1900013557978633,0,1,1,-2.200001348555412,1,1,2,5
789,0.0199999865,Running,0,7.0399972759187222,7.0399972759187222,775,738,Advance,7.0399972759187222,-2.1800013623403118,7.0399972759187222,7.0399972759187222,-2.1800013623403118,0,1,1,-2.1900013557978633,1,1,2,5
790,0.0199999865,Running,0,7.0599972624331713,7.0599972624331713,776,738,Advance,7.0599972624331713,-2.1700013690837432,7.0599972624331713,7.0599972624331713,-2.1700013690837432,0,1,1,-2.1800013623403118,1,1,2,5
791,0.0199999865,Running,0,7.07999724894762,7.07999724894762,777,738,Advance,7.07999724894762,-2.1600013760261896,7.07999724894762,7.07999724894762,-2.1600013760261896,0,1,1,-2.1700013690837432,1,1,2,5
792,0.0199999865,Running,0,7.0999972354620695,7.0999972354620695,778,738,Advance,7.0999972354620695,-2.1500013822692967,7.0999972354620695,7.0999972354620695,-2.1500013822692967,0,1,1,-2.1600013760261896,1,1,2,5
793,0.0199999865,Running,0,7.1199972219765186,7.1199972219765186,779,738,Advance,7.1199972219765186,-2.1400013895117409,7.1199972219765186,7.1199972219765186,-2.1400013895117409,0,1,1,-2.1500013822692967,1,1,2,5
794,0.0199999865,Running,0,7.1399972084909678,7.1399972084909678,780,738,Advance,7.1399972084909678,-2.130001396054181,7.1399972084909678,7.1399972084909678,-2.130001396054181,0,1,1,-2.1400013895117409,1,1,2,5
795,0.0199999865,Running,0,7.1599971950054169,7.1599971950054169,781,738,Advance,7.1599971950054169,-2.1200014027976279,7.1599971950054169,7.1599971950054169,-2.1200014027976279,0,1,1,-2.130001396054181,1,1,2,5
796,0.0199999865,Running,0,7.179997181519866,7.179997181519866,782,738,Advance,7.179997181519866,-2.1100014097400668,7.179997181519866,7.179997181519866,-2.1100014097400668,0,1,1,-2.1200014027976279,1,1,2,5
797,0.0199999865,Running,0,7.1999971680343151,7.1999971680343151,783,738,Advance,7.1999971680343151,-2.1000014159831824,7.1999971680343151,7.1999971680343151,-2.1000014159831824,0,1,1,-2.1100014097400668,1,1,2,5
798,0.0199999865,Running,0,7.2199971545487642,7.2199971545487642,784,738,Advance,7.2199971545487642,-2.0900014232256177,7.2199971545487642,7.2199971545487642,-2.0900014232256177,0,1,1,-2.1000014159831824,1,1,2,5
799,0.0199999865,Running,1,7.2399971410632133,7.2399971410632133,785,739,Advance,7.2399971410632133,-2.08000142976805,7.2399971410632133,7.2399971410632133,-2.08000142976805,0,1,1,-2.08000142976805,0,1,2,6
800,0.0199999865,Running,1,7.2599971275776625,7.2599971275776625,786,740,Advance,7.2599971275776625,-2.0700014365115136,7.2599971275776625,7.2599971275776625,-2.0700014365115136,0,1,1,-2.0700014365115136,0,1,2,6
801,0.0199999865,Running,1,7.2799971140921116,7.2799971140921116,787,741,Advance,7.2799971140921116,-2.0600014434539444,7.2799971140921116,7.2799971140921116,-2.0600014434539444,0,1,1,-2.0600014434539444,0,1,2,6
802,0.0199999865,Running,1,7.2999971006065607,7.2999971006065607,788,742,Advance,7.2999971006065607,-2.0500014496970671,7.2999971006065607,7.2999971006065607,-2.0500014496970671,0,1,1,-2.0500014496970671,0,1,2,6
803,0.0199999865,Running,1,7.31999708712101,7.31999708712101,789,743,Advance,7.31999708712101,-2.0400014569394953,7.31999708712101,7.31999708712101,-2.0400014569394953,0,1,1,-2.0400014569394953,0,1,2,6
804,0.0199999865,Running,1,7.3399970736354589,7.3399970736354589,790,744,Advance,7.3399970736354589,-2.0300014634819195,7.3399970736354589,7.3399970736354589,-2.0300014634819195,0,1,1,-2.0300014634819195,0,1,2,6
805,0.0199999865,Running,1,7.3599970601499081,7.3599970601499081,791,745,Advance,7.3599970601499081,-2.0200014702253988,7.3599970601499081,7.3599970601499081,-2.0200014702253988,0,1,1,-2.0200014702253988,0,1,2,6
806,0.0199999865,Running,1,7.3799970466643572,7.3799970466643572,792,746,Advance,7.3799970466643572,-2.0100014771678212,7.3799970466643572,7.3799970466643572,-2.0100014771678212,0,1,1,-2.0100014771678212,0,1,2,6
807,0.0199999865,Running,1,7.3999970331788063,7.3999970331788063,793,747,Advance,7.3999970331788063,-2.0000014834109532,7.3999970331788063,7.3999970331788063,-2.0000014834109532,0,1,1,-2.0000014834109532,0,1,2,6
808,0.0199999865,Running,1,7.4199970196932554,7.4199970196932554,794,748,Advance,7.4199970196932554,-1.9900014906533723,7.4199970196932554,7.4199970196932554,-1.9900014906533723,0,1,1,-1.9900014906533723,0,1,2,6
809,0.0199999865,Running,1,7.4399970062077045,7.4399970062077045,795,749,Advance,7.4399970062077045,-1.9800014971957884,7.4399970062077045,7.4399970062077045,-1.9800014971957884,0,1,1,-1.9800014971957884,0,1,2,6
810,0.0199999865,Running,1,7.4599969927221537,7.4599969927221537,796,750,Advance,7.4599969927221537,-1.970001503939284,7.4599969927221537,7.4599969927221537,-1.970001503939284,0,1,1,-1.970001503939284,0,1,2,6
811,0.0199999865,Running,1,7.4799969792366028,7.4799969792366028,797,751,Advance,7.4799969792366028,-1.9600015108816988,7.4799969792366028,7.4799969792366028,-1.9600015108816988,0,1,1,-1.9600015108816988,0,1,2,6
812,0.0199999865,Running,1,7.4999969657510519,7.4999969657510519,798,752,Advance,7.4999969657510519,-1.9500015171248382,7.4999969657510519,7.4999969657510519,-1.9500015171248382,0,1,1,-1.9500015171248382,0,1,2,6
813,0.0199999865,Running,1,7.519996952265501,7.519996952265501,799,753,Advance,7.519996952265501,-1.9400015243672493,7.519996952265501,7.519996952265501,-1.9400015243672493,0,1,1,-1.9400015243672493,0,1,2,6
814,0.0199999865,Running,1,7.53999693877995,7.53999693877995,800,754,Advance,7.53999693877995,-1.9300015309096576,7.53999693877995,7.53999693877995,-1.9300015309096576,0,1,1,-1.9300015309096576,0,1,2,6
815,0.0199999865,Running,1,7.5599969252943993,7.5599969252943993,801,755,Advance,7.5599969252943993,-1.9200015376531694,7.5599969252943993,7.5599969252943993,-1.9200015376531694,0,1,1,-1.9200015376531694,0,1,2,6
816,0.0199999865,Running,1,7.5799969118088484,7.5799969118088484,802,756,Advance,7.5799969118088484,-1.9100015445955758,7.5799969118088484,7.5799969118088484,-1.9100015445955758,0,1,1,-1.9100015445955758,0,1,2,6
817,0.0199999865,Running,1,7.5999968983232975,7.5999968983232975,803,757,Advance,7.5999968983232975,-1.9000015508387231,7.5999968983232975,7.5999968983232975,-1.9000015508387231,0,1,1,-1.9000015508387231,0,1,2,6
818,0.0199999865,Running,1,7.6199968848377466,7.6199968848377466,804,758,Advance,7.6199968848377466,-1.8900015580811267,7.6199968848377466,7.6199968848377466,-1.8900015580811267,0,1,1,-1.8900015580811267,0,1,2,6
819,0.0199999865,Running,1,7.6399968713521957,7.6399968713521957,805,759,Advance,7.6399968713521957,-1.8800015646235266,7.6399968713521957,7.6399968713521957,-1.8800015646235266,0,1,1,-1.8800015646235266,0,1,2,6
820,0.0199999865,Running,1,7.6599968578666449,7.6599968578666449,806,760,Advance,7.6599968578666449,-1.8700015713670546,7.6599968578666449,7.6599968578666449,-1.8700015713670546,0,1,1,-1.8700015713670546,0,1,2,6
821,0.0199999865,Running,1,7.679996844381094,7.679996844381094,807,761,Advance,7.679996844381094,-1.8600015783094528,7.679996844381094,7.679996844381094,-1.8600015783094528,0,1,1,-1.8600015783094528,0,1,2,6
822,0.0199999865,Running,1,7.6999968308955431,7.6999968308955431,808,762,Advance,7.6999968308955431,-1.850001584552609,7.6999968308955431,7.6999968308955431,-1.850001584552609,0,1,1,-1.850001584552609,0,1,2,6
823,0.0199999865,Running,1,7.7199968174099922,7.7199968174099922,809,763,Advance,7.7199968174099922,-1.8400015917950039,7.7199968174099922,7.7199968174099922,-1.8400015917950039,0,1,1,-1.8400015917950039,0,1,2,6
824,0.0199999865,Running,1,7.7399968039244413,7.7399968039244413,810,764,Advance,7.7399968039244413,-1.8300015983373956,7.7399968039244413,7.7399968039244413,-1.8300015983373956,0,1,1,-1.8300015983373956,0,1,2,6
825,0.0199999865,Running,1,7.7599967904388905,7.7599967904388905,811,765,Advance,7.7599967904388905,-1.82000160508094,7.7599967904388905,7.7599967904388905,-1.82000160508094,0,1,1,-1.82000160508094,0,1,2,6
826,0.0199999865,Running,1,7.77999677695334,7.77999677695334,812,766,Advance,7.77999677695334,-1.8100016120233302,7.77999677695334,7.77999677695334,-1.8100016120233302,0,1,1,-1.8100016120233302,0,1,2,6
827,0.0199999865,Running,1,7.7999967634677887,7.7999967634677887,813,767,Advance,7.7999967634677887,-1.800001618266494,7.7999967634677887,7.7999967634677887,-1.800001618266494,0,1,1,-1.800001618266494,0,1,2,6
828,0.0199999865,Running,1,7.8199967499822378,7.8199967499822378,814,768,Advance,7.8199967499822378,-1.7900016255088813,7.8199967499822378,7.8199967499822378,-1.7900016255088813,0,1,1,-1.7900016255088813,0,1,2,6
829,0.0199999865,Running,1,7.8399967364966869,7.8399967364966869,815,769,Advance,7.8399967364966869,-1.780001632051265,7.8399967364966869,7.8399967364966869,-1.780001632051265,0,1,1,-1.780001632051265,0,1,2,6
830,0.0199999865,Running,1,7.8599967230111361,7.8599967230111361,816,770,Advance,7.8599967230111361,-1.7700016387948252,7.8599967230111361,7.8599967230111361,-1.7700016387948252,0,1,1,-1.7700016387948252,0,1,2,6
831,0.0199999865,Running,1,7.8799967095255852,7.8799967095255852,817,771,Advance,7.8799967095255852,-1.7600016457372074,7.8799967095255852,7.8799967095255852,-1.7600016457372074,0,1,1,-1.7600016457372074,0,1,2,6
832,0.0199999865,Running,1,7.8999966960400343,7.8999966960400343,818,772,Advance,7.8999966960400343,-1.7500016519803796,7.8999966960400343,7.8999966960400343,-1.7500016519803796,0,1,1,-1.7500016519803796,0,1,2,6
833,0.0199999865,Running,1,7.9199966825544834,7.9199966825544834,819,773,Advance,7.9199966825544834,-1.7400016592227583,7.9199966825544834,7.9199966825544834,-1.7400016592227583,0,1,1,-1.7400016592227583,0,1,2,6
834,0.0199999865,Running,1,7.9399966690689325,7.9399966690689325,820,774,Advance,7.9399966690689325,-1.730001665765134,7.9399966690689325,7.9399966690689325,-1.730001665765134,0,1,1,-1.730001665765134,0,1,2,6
835,0.0199999865,Running,1,7.9599966555833817,7.9599966555833817,821,775,Advance,7.9599966555833817,-1.7200016725087104,7.9599966555833817,7.9599966555833817,-1.7200016725087104,0,1,1,-1.7200016725087104,0,1,2,6
836,0.0199999865,Running,1,7.9799966420978308,7.9799966420978308,822,776,Advance,7.9799966420978308,-1.7100016794510848,7.9799966420978308,7.9799966420978308,-1.7100016794510848,0,1,1,-1.7100016794510848,0,1,2,6
837,0.0199999865,Running,1,7.99999662861228,7.99999662861228,823,777,Advance,7.99999662861228,-1.7000016856942646,7.99999662861228,7.99999662861228,-1.7000016856942646,0,1,1,-1.7000016856942646,0,1,2,6
838,0.0199999865,Running,1,8.019996615126729,8.019996615126729,824,778,Advance,8.019996615126729,-1.6900016929366357,8.019996615126729,8.019996615126729,-1.6900016929366357,0,1,1,-1.6900016929366357,0,1,2,6
839,0.0199999865,Running,1,8.0399966016411781,8.0399966016411781,825,779,Advance,8.0399966016411781,-1.6800016994790028,8.0399966016411781,8.0399966016411781,-1.6800016994790028,0,1,1,-1.6800016994790028,0,1,2,6
840,0.0199999865,Running,1,8.0599965881556273,8.0599965881556273,826,780,Advance,8.0599965881556273,-1.6700017062225958,8.0599965881556273,8.0599965881556273,-1.6700017062225958,0,1,1,-1.6700017062225958,0,1,2,6
841,0.0199999865,Running,1,8.0799965746700764,8.0799965746700764,827,781,Advance,8.0799965746700764,-1.6600017131649623,8.0799965746700764,8.0799965746700764,-1.6600017131649623,0,1,1,-1.6600017131649623,0,1,2,6
842,0.0199999865,Running,1,8.0999965611845255,8.0999965611845255,828,782,Advance,8.0999965611845255,-1.6500017194081495,8.0999965611845255,8.0999965611845255,-1.6500017194081495,0,1,1,-1.6500017194081495,0,1,2,6
843,0.0199999865,Running,1,8.1199965476989746,8.1199965476989746,829,783,Advance,8.1199965476989746,-1.6400017266505127,8.1199965476989746,8.1199965476989746,-1.6400017266505127,0,1,1,-1.6400017266505127,0,1,2,6
844,0.0199999865,Running,1,8.1399965342134237,8.1399965342134237,830,784,Advance,8.1399965342134237,-1.6300017331928724,8.1399965342134237,8.1399965342134237,-1.6300017331928724,0,1,1,-1.6300017331928724,0,1,2,6
845,0.0199999865,Running,1,8.1599965207278728,8.1599965207278728,831,785,Advance,8.1599965207278728,-1.620001739936481,8.1599965207278728,8.1599965207278728,-1.620001739936481,0,1,1,-1.620001739936481,0,1,2,6
846,0.0199999865,Running,1,8.179996507242322,8.179996507242322,832,786,Advance,8.179996507242322,-1.6100017468788392,8.179996507242322,8.179996507242322,-1.6100017468788392,0,1,1,-1.6100017468788392,0,1,2,6
847,0.0199999865,Running,1,8.1999964937567711,8.1999964937567711,833,787,Advance,8.1999964937567711,-1.600001753122035,8.1999964937567711,8.1999964937567711,-1.600001753122035,0,1,1,-1.600001753122035,0,1,2,6
848,0.0199999865,Running,1,8.21999648027122,8.21999648027122,834,788,Advance,8.21999648027122,-1.59000176036439,8.21999648027122,8.21999648027122,-1.59000176036439,0,1,1,-1.59000176036439,0,1,2,6
849,0.0199999865,Running,1,8.23999646678567,8.23999646678567,835,789,Advance,8.23999646678567,-1.5800017669067417,8.23999646678567,8.23999646678567,-1.5800017669067417,0,1,1,-1.5800017669067417,0,1,2,6
850,0.0199999865,Running,1,8.2599964533001184,8.2599964533001184,836,790,Advance,8.2599964533001184,-1.5700017736503662,8.2599964533001184,8.2599964533001184,-1.5700017736503662,0,1,1,-1.5700017736503662,0,1,2,6
851,0.0199999865,Running,1,8.2799964398145676,8.2799964398145676,837,791,Advance,8.2799964398145676,-1.5600017805927162,8.2799964398145676,8.2799964398145676,-1.5600017805927162,0,1,1,-1.5600017805927162,0,1,2,6
852,0.0199999865,Running,1,8.2999964263290167,8.2999964263290167,838,792,Advance,8.2999964263290167,-1.5500017868359208,8.2999964263290167,8.2999964263290167,-1.5500017868359208,0,1,1,-1.5500017868359208,0,1,2,6
853,0.0199999865,Running,1,8.3199964128434658,8.3199964128434658,839,793,Advance,8.3199964128434658,-1.5400017940782669,8.3199964128434658,8.3199964128434658,-1.5400017940782669,0,1,1,-1.5400017940782669,0,1,2,6
854,0.0199999865,Running,1,8.3399963993579149,8.3399963993579149,840,794,Advance,8.3399963993579149,-1.5300018006206104,8.3399963993579149,8.3399963993579149,-1.5300018006206104,0,1,1,-1.5300018006206104,0,1,2,6
855,0.0199999865,Running,1,8.359996385872364,8.359996385872364,841,795,Advance,8.359996385872364,-1.5200018073642516,8.359996385872364,8.359996385872364,-1.5200018073642516,0,1,1,-1.5200018073642516,0,1,2,6
856,0.0199999865,Running,1,8.3799963723868132,8.3799963723868132,842,796,Advance,8.3799963723868132,-1.5100018143065934,8.3799963723868132,8.3799963723868132,-1.5100018143065934,0,1,1,-1.5100018143065934,0,1,2,6
857,0.0199999865,Running,1,8.3999963589012623,8.3999963589012623,843,797,Advance,8.3999963589012623,-1.500001820549806,8.3999963589012623,8.3999963589012623,-1.500001820549806,0,1,1,-1.500001820549806,0,1,2,6
858,0.0199999865,Running,1,8.4199963454157114,8.4199963454157114,844,798,Advance,8.4199963454157114,-1.4900018277921439,8.4199963454157114,8.4199963454157114,-1.4900018277921439,0,1,1,-1.4900018277921439,0,1,2,6
859,0.0199999865,Running,1,8.43999633193016,8.43999633193016,845,799,Advance,8.43999633193016,-1.4800018343344796,8.43999633193016,8.43999633193016,-1.4800018343344796,0,1,1,-1.4800018343344796,0,1,2,6
860,0.0199999865,Running,1,8.45999631844461,8.45999631844461,846,800,Advance,8.45999631844461,-1.4700018410781373,8.45999631844461,8.45999631844461,-1.4700018410781373,0,1,1,-1.4700018410781373,0,1,2,6
861,0.0199999865,Running,1,8.4799963049590588,8.4799963049590588,847,801,Advance,8.4799963049590588,-1.4600018480204704,8.4799963049590588,8.4799963049590588,-1.4600018480204704,0,1,1,-1.4600018480204704,0,1,2,6
862,0.0199999865,Running,1,8.4999962914735079,8.4999962914735079,848,802,Advance,8.4999962914735079,-1.450001854263691,8.4999962914735079,8.4999962914735079,-1.450001854263691,0,1,1,-1.450001854263691,0,1,2,6
863,0.0199999865,Running,1,8.519996277987957,8.519996277987957,849,803,Advance,8.519996277987957,-1.4400018615060217,8.519996277987957,8.519996277987957,-1.4400018615060217,0,1,1,-1.4400018615060217,0,1,2,6
864,0.0199999865,Running,1,8.5399962645024061,8.5399962645024061,850,804,Advance,8.5399962645024061,-1.4300018680483484,8.5399962645024061,8.5399962645024061,-1.4300018680483484,0,1,1,-1.4300018680483484,0,1,2,6
865,0.0199999865,Running,1,8.5599962510168552,8.5599962510168552,851,805,Advance,8.5599962510168552,-1.4200018747920222,8.5599962510168552,8.5599962510168552,-1.4200018747920222,0,1,1,-1.4200018747920222,0,1,2,6
866,0.0199999865,Running,1,8.5799962375313044,8.5799962375313044,852,806,Advance,8.5799962375313044,-1.4100018817343483,8.5799962375313044,8.5799962375313044,-1.4100018817343483,0,1,1,-1.4100018817343483,0,1,2,6
867,0.0199999865,Running,1,8.5999962240457535,8.5999962240457535,853,807,Advance,8.5999962240457535,-1.4000018879775762,8.5999962240457535,8.5999962240457535,-1.4000018879775762,0,1,1,-1.4000018879775762,0,1,2,6
868,0.0199999865,Running,1,8.6199962105602026,8.6199962105602026,854,808,Advance,8.6199962105602026,-1.3900018952198987,8.6199962105602026,8.6199962105602026,-1.3900018952198987,0,1,1,-1.3900018952198987,0,1,2,6
869,0.0199999865,Running,1,8.6399961970746517,8.6399961970746517,855,809,Advance,8.6399961970746517,-1.3800019017622178,8.6399961970746517,8.6399961970746517,-1.3800019017622178,0,1,1,-1.3800019017622178,0,1,2,6
870,0.0199999865,Running,1,8.6599961835891,8.6599961835891,856,810,Advance,8.6599961835891,-1.3700019085059074,8.6599961835891,8.6599961835891,-1.3700019085059074,0,1,1,-1.3700019085059074,0,1,2,6
871,0.0199999865,Running,1,8.67999617010355,8.67999617010355,857,811,Advance,8.67999617010355,-1.3600019154482252,8.67999617010355,8.67999617010355,-1.3600019154482252,0,1,1,-1.3600019154482252,0,1,2,6
872,0.0199999865,Running,1,8.6999961566179991,8.6999961566179991,858,812,Advance,8.6999961566179991,-1.3500019216914614,8.6999961566179991,8.6999961566179991,-1.3500019216914614,0,1,1,-1.3500019216914614,0,1,2,6
873,0.0199999865,Running,1,8.7199961431324482,8.7199961431324482,859,813,Advance,8.7199961431324482,-1.3400019289337759,8.7199961431324482,8.7199961431324482,-1.3400019289337759,0,1,1,-1.3400019289337759,0,1,2,6
874,0.0199999865,Running,1,8.7399961296468973,8.7399961296468973,860,814,Advance,8.7399961296468973,-1.3300019354760872,8.7399961296468973,8.7399961296468973,-1.3300019354760872,0,1,1,-1.3300019354760872,0,1,2,6
875,0.0199999865,Running,1,8.7599961161613464,8.7599961161613464,861,815,Advance,8.7599961161613464,-1.3200019422197926,8.7599961161613464,8.7599961161613464,-1.3200019422197926,0,1,1,-1.3200019422197926,0,1,2,6
876,0.0199999865,Running,1,8.7799961026757956,8.7799961026757956,862,816,Advance,8.7799961026757956,-1.3100019491621022,8.7799961026757956,8.7799961026757956,-1.3100019491621022,0,1,1,-1.3100019491621022,0,1,2,6
877,0.0199999865,Running,1,8.7999960891902447,8.7999960891902447,863,817,Advance,8.7999960891902447,-1.3000019554053475,8.7999960891902447,8.7999960891902447,-1.3000019554053475,0,1,1,-1.3000019554053475,0,1,2,6
878,0.0199999865,Running,1,8.8199960757046938,8.8199960757046938,864,818,Advance,8.8199960757046938,-1.2900019626476529,8.8199960757046938,8.8199960757046938,-1.2900019626476529,0,1,1,-1.2900019626476529,0,1,2,6
879,0.0199999865,Running,1,8.8399960622191429,8.8399960622191429,865,819,Advance,8.8399960622191429,-1.280001969189956,8.8399960622191429,8.8399960622191429,-1.280001969189956,0,1,1,-1.280001969189956,0,1,2,6
880,0.0199999865,Running,1,8.859996048733592,8.859996048733592,866,820,Advance,8.859996048733592,-1.270001975933678,8.859996048733592,8.859996048733592,-1.270001975933678,0,1,1,-1.270001975933678,0,1,2,6
881,0.0199999865,Running,1,8.8799960352480412,8.8799960352480412,867,821,Advance,8.8799960352480412,-1.2600019828759794,8.8799960352480412,8.8799960352480412,-1.2600019828759794,0,1,1,-1.2600019828759794,0,1,2,6
882,0.0199999865,Running,1,8.89999602176249,8.89999602176249,868,822,Advance,8.89999602176249,-1.2500019891192324,8.89999602176249,8.89999602176249,-1.2500019891192324,0,1,1,-1.2500019891192324,0,1,2,6
883,0.0199999865,Running,1,8.91999600827694,8.91999600827694,869,823,Advance,8.91999600827694,-1.2400019963615299,8.91999600827694,8.91999600827694,-1.2400019963615299,0,1,1,-1.2400019963615299,0,1,2,6
884,0.0199999865,Running,1,8.9399959947913885,8.9399959947913885,870,824,Advance,8.9399959947913885,-1.230002002903825,8.9399959947913885,8.9399959947913885,-1.230002002903825,0,1,1,-1.230002002903825,0,1,2,6
885,0.0199999865,Running,1,8.9599959813058376,8.9599959813058376,871,825,Advance,8.9599959813058376,-1.2200020096475637,8.9599959813058376,8.9599959813058376,-1.2200020096475637,0,1,1,-1.2200020096475637,0,1,2,6
886,0.0199999865,Running,1,8.9799959678202868,8.9799959678202868,872,826,Advance,8.9799959678202868,-1.2100020165898564,8.9799959678202868,8.9799959678202868,-1.2100020165898564,0,1,1,-1.2100020165898564,0,1,2,6
887,0.0199999865,Running,1,8.9999959543347359,8.9999959543347359,873,827,Advance,8.9999959543347359,-1.2000020228331174,8.9999959543347359,8.9999959543347359,-1.2000020228331174,0,1,1,-1.2000020228331174,0,1,2,6
888,0.0199999865,Running,1,9.019995940849185,9.019995940849185,874,828,Advance,9.019995940849185,-1.1900020300754077,9.019995940849185,9.019995940849185,-1.1900020300754077,0,1,1,-1.1900020300754077,0,1,2,6
889,0.0199999865,Running,1,9.0399959273636341,9.0399959273636341,875,829,Advance,9.0399959273636341,-1.180002036617694,9.0399959273636341,9.0399959273636341,-1.180002036617694,0,1,1,-1.180002036617694,0,1,2,6
890,0.0199999865,Running,1,9.0599959138780832,9.0599959138780832,876,830,Advance,9.0599959138780832,-1.1700020433614486,9.0599959138780832,9.0599959138780832,-1.1700020433614486,0,1,1,-1.1700020433614486,0,1,2,6
891,0.0199999865,Running,1,9.0799959003925323,9.0799959003925323,877,831,Advance,9.0799959003925323,-1.1600020503037343,9.0799959003925323,9.0799959003925323,-1.1600020503037343,0,1,1,-1.1600020503037343,0,1,2,6
892,0.0199999865,Running,1,9.0999958869069815,9.0999958869069815,878,832,Advance,9.0999958869069815,-1.1500020565470026,9.0999958869069815,9.0999958869069815,-1.1500020565470026,0,1,1,-1.1500020565470026,0,1,2,6
893,0.0199999865,Running,1,9.11999587342143,9.11999587342143,879,833,Advance,9.11999587342143,-1.1400020637892847,9.11999587342143,9.11999587342143,-1.1400020637892847,0,1,1,-1.1400020637892847,0,1,2,6
894,0.0199999865,Running,1,9.13999585993588,9.13999585993588,880,834,Advance,9.13999585993588,-1.1300020703315634,9.13999585993588,9.13999585993588,-1.1300020703315634,0,1,1,-1.1300020703315634,0,1,2,6
895,0.0199999865,Running,1,9.1599958464503288,9.1599958464503288,881,835,Advance,9.1599958464503288,-1.1200020770753338,9.1599958464503288,9.1599958464503288,-1.1200020770753338,0,1,1,-1.1200020770753338,0,1,2,6
896,0.0199999865,Running,1,9.1799958329647779,9.1799958329647779,882,836,Advance,9.1799958329647779,-1.1100020840176112,9.1799958329647779,9.1799958329647779,-1.1100020840176112,0,1,1,-1.1100020840176112,0,1,2,6
897,0.0199999865,Running,1,9.1999958194792271,9.1999958194792271,883,837,Advance,9.1999958194792271,-1.1000020902608878,9.1999958194792271,9.1999958194792271,-1.1000020902608878,0,1,1,-1.1000020902608878,0,1,2,6
898,0.0199999865,Running,1,9.2199958059936762,9.2199958059936762,884,838,Advance,9.2199958059936762,-1.0900020975031619,9.2199958059936762,9.2199958059936762,-1.0900020975031619,0,1,1,-1.0900020975031619,0,1,2,6
899,0.0199999865,Running,1,9.2399957925081253,9.2399957925081253,885,839,Advance,9.2399957925081253,-1.0800021040454326,9.2399957925081253,9.2399957925081253,-1.0800021040454326,0,1,1,-1.0800021040454326,0,1,2,6
900,0.0199999865,Running,1,9.2599957790225744,9.2599957790225744,886,840,Advance,9.2599957790225744,-1.070002110789219,9.2599957790225744,9.2599957790225744,-1.070002110789219,0,1,1,-1.070002110789219,0,1,2,6
901,0.0199999865,Running,1,9.2799957655370235,9.2799957655370235,887,841,Advance,9.2799957655370235,-1.0600021177314882,9.2799957655370235,9.2799957655370235,-1.0600021177314882,0,1,1,-1.0600021177314882,0,1,2,6
902,0.0199999865,Running,1,9.2999957520514727,9.2999957520514727,888,842,Advance,9.2999957520514727,-1.0500021239747739,9.2999957520514727,9.2999957520514727,-1.0500021239747739,0,1,1,-1.0500021239747739,0,1,2,6
903,0.0199999865,Running,1,9.3199957385659218,9.3199957385659218,889,843,Advance,9.3199957385659218,-1.0400021312170389,9.3199957385659218,9.3199957385659218,-1.0400021312170389,0,1,1,-1.0400021312170389,0,1,2,6
904,0.0199999865,Running,1,9.3399957250803709,9.3399957250803709,890,844,Advance,9.3399957250803709,-1.0300021377593016,9.3399957250803709,9.3399957250803709,-1.0300021377593016,0,1,1,-1.0300021377593016,0,1,2,6
905,0.0199999865,Running,1,9.35999571159482,9.35999571159482,891,845,Advance,9.35999571159482,-1.0200021445031044,9.35999571159482,9.35999571159482,-1.0200021445031044,0,1,1,-1.0200021445031044,0,1,2,6
906,0.0199999865,Running,1,9.37999569810927,9.37999569810927,892,846,Advance,9.37999569810927,-1.0100021514453654,9.37999569810927,9.37999569810927,-1.0100021514453654,0,1,1,-1.0100021514453654,0,1,2,6
907,0.0199999865,Running,1,9.3999956846237183,9.3999956846237183,893,847,Advance,9.3999956846237183,-1.0000021576886589,9.3999956846237183,9.3999956846237183,-1.0000021576886589,0,1,1,-1.0000021576886589,0,1,2,6
908,0.0199999865,Running,1,9.4199956711381674,9.4199956711381674,894,848,Advance,9.4199956711381674,-0.99000216493091586,9.4199956711381674,9.4199956711381674,-0.99000216493091586,0,1,1,-0.99000216493091586,0,1,2,6
909,0.0199999865,Running,1,9.4399956576526165,9.4399956576526165,895,849,Advance,9.4399956576526165,-0.98000217147317059,9.4399956576526165,9.4399956576526165,-0.98000217147317059,0,1,1,-0.98000217147317059,0,1,2,6
910,0.0199999865,Running,1,9.4599956441670656,9.4599956441670656,896,850,Advance,9.4599956441670656,-0.97000217821699009,9.4599956441670656,9.4599956441670656,-0.97000217821699009,0,1,1,-0.97000217821699009,0,1,2,6
911,0.0199999865,Running,1,9.4799956306815147,9.4799956306815147,897,851,Advance,9.4799956306815147,-0.96000218515924229,9.4799956306815147,9.4799956306815147,-0.96000218515924229,0,1,1,-0.96000218515924229,0,1,2,6
912,0.0199999865,Running,1,9.4999956171959639,9.4999956171959639,898,852,Advance,9.4999956171959639,-0.95000219140254394,9.4999956171959639,9.4999956171959639,-0.95000219140254394,0,1,1,-0.95000219140254394,0,1,2,6
913,0.0199999865,Running,1,9.519995603710413,9.519995603710413,899,853,Advance,9.519995603710413,-0.94000219864479384,9.519995603710413,9.519995603710413,-0.94000219864479384,0,1,1,-0.94000219864479384,0,1,2,6
914,0.0199999865,Running,1,9.5399955902248621,9.5399955902248621,900,854,Advance,9.5399955902248621,-0.93000220518703947,9.5399955902248621,9.5399955902248621,-0.93000220518703947,0,1,1,-0.93000220518703947,0,1,2,6
915,0.0199999865,Running,1,9.5599955767393112,9.5599955767393112,901,855,Advance,9.5599955767393112,-0.92000221193087517,9.5599955767393112,9.5599955767393112,-0.92000221193087517,0,1,1,-0.92000221193087517,0,1,2,6
916,0.0199999865,Running,1,9.57999556325376,9.57999556325376,902,856,Advance,9.57999556325376,-0.91000221887312027,9.57999556325376,9.57999556325376,-0.91000221887312027,0,1,1,-0.91000221887312027,0,1,2,6
917,0.0199999865,Running,1,9.59999554976821,9.59999554976821,903,857,Advance,9.59999554976821,-0.90000222511642913,9.59999554976821,9.59999554976821,-0.90000222511642913,0,1,1,-0.90000222511642913,0,1,2,6
918,0.0199999865,Running,1,9.6199955362826586,9.6199955362826586,904,858,Advance,9.6199955362826586,-0.89000223235867082,9.6199955362826586,9.6199955362826586,-0.89000223235867082,0,1,1,-0.89000223235867082,0,1,2,6
919,0.0199999865,Running,1,9.6399955227971077,9.6399955227971077,905,859,Advance,9.6399955227971077,-0.880002238900909,9.6399955227971077,9.6399955227971077,-0.880002238900909,0,1,1,-0.880002238900909,0,1,2,6
920,0.0199999865,Running,1,9.6599955093115568,9.6599955093115568,906,860,Advance,9.6599955093115568,-0.87000224564476036,9.6599955093115568,9.6599955093115568,-0.87000224564476036,0,1,1,-0.87000224564476036,0,1,2,6
921,0.0199999865,Running,1,9.6799954958260059,9.6799954958260059,907,861,Advance,9.6799954958260059,-0.86000225258699725,9.6799954958260059,9.6799954958260059,-0.86000225258699725,0,1,1,-0.86000225258699725,0,1,2,6
922,0.0199999865,Running,1,9.6999954823404551,9.6999954823404551,908,862,Advance,9.6999954823404551,-0.85000225883031422,9.6999954823404551,9.6999954823404551,-0.85000225883031422,0,1,1,-0.85000225883031422,0,1,2,6
923,0.0199999865,Running,1,9.7199954688549042,9.7199954688549042,909,863,Advance,9.7199954688549042,-0.8400022660725478,9.7199954688549042,9.7199954688549042,-0.8400022660725478,0,1,1,-0.8400022660725478,0,1,2,6
924,0.0199999865,Running,1,9.7399954553693533,9.7399954553693533,910,864,Advance,9.7399954553693533,-0.83000227261477821,9.7399954553693533,9.7399954553693533,-0.83000227261477821,0,1,1,-0.83000227261477821,0,1,2,6
925,0.0199999865,Running,1,9.7599954418838024,9.7599954418838024,911,865,Advance,9.7599954418838024,-0.82000227935864545,9.7599954418838024,9.7599954418838024,-0.82000227935864545,0,1,1,-0.82000227935864545,0,1,2,6
926,0.0199999865,Running,1,9.7799954283982515,9.7799954283982515,912,866,Advance,9.7799954283982515,-0.81000228630087434,9.7799954283982515,9.7799954283982515,-0.81000228630087434,0,1,1,-0.81000228630087434,0,1,2,6
927,0.0199999865,Running,1,9.7999954149127,9.7999954149127,913,867,Advance,9.7999954149127,-0.8000022925442003,9.7999954149127,9.7999954149127,-0.8000022925442003,0,1,1,-0.8000022925442003,0,1,2,6
928,0.0199999865,Running,1,9.81999540142715,9.81999540142715,914,868,Advance,9.81999540142715,-0.79000229978642489,9.81999540142715,9.81999540142715,-0.79000229978642489,0,1,1,-0.79000229978642489,0,1,2,6
929,0.0199999865,Running,1,9.8399953879415989,9.8399953879415989,915,869,Advance,9.8399953879415989,-0.7800023063286472,9.8399953879415989,9.8399953879415989,-0.7800023063286472,0,1,1,-0.7800023063286472,0,1,2,6
930,0.0199999865,Running,1,9.859995374456048,9.859995374456048,916,870,Advance,9.859995374456048,-0.770002313072531,9.859995374456048,9.859995374456048,-0.770002313072531,0,1,1,-0.770002313072531,0,1,2,6
931,0.0199999865,Running,1,9.8799953609704971,9.8799953609704971,917,871,Advance,9.8799953609704971,-0.76000232001475132,9.8799953609704971,9.8799953609704971,-0.76000232001475132,0,1,1,-0.76000232001475132,0,1,2,6
932,0.0199999865,Running,1,9.8999953474849463,9.8999953474849463,918,872,Advance,9.8999953474849463,-0.75000232625808538,9.8999953474849463,9.8999953474849463,-0.75000232625808538,0,1,1,-0.75000232625808538,0,1,2,6
933,0.0199999865,Running,1,9.9199953339993954,9.9199953339993954,919,873,Advance,9.9199953339993954,-0.74000233350030187,9.9199953339993954,9.9199953339993954,-0.74000233350030187,0,1,1,-0.74000233350030187,0,1,2,6
934,0.0199999865,Running,1,9.9399953205138445,9.9399953205138445,920,874,Advance,9.9399953205138445,-0.73000234004251607,9.9399953205138445,9.9399953205138445,-0.73000234004251607,0,1,1,-0.73000234004251607,0,1,2,6
935,0.0199999865,Running,1,9.9599953070282936,9.9599953070282936,921,875,Advance,9.9599953070282936,-0.72000234678641661,9.9599953070282936,9.9599953070282936,-0.72000234678641661,0,1,1,-0.72000234678641661,0,1,2,6
936,0.0199999865,Running,1,9.9799952935427427,9.9799952935427427,922,876,Advance,9.9799952935427427,-0.7100023537286283,9.9799952935427427,9.9799952935427427,-0.7100023537286283,0,1,1,-0.7100023537286283,0,1,2,6
937,0.0199999865,Running,1,9.9999952800571918,9.9999952800571918,923,877,Advance,9.9999952800571918,-0.70000235997197047,9.9999952800571918,9.9999952800571918,-0.70000235997197047,0,1,1,-0.70000235997197047,0,1,2,6
938,0.0199999865,Running,1,10.019995266571641,10.019995266571641,924,878,Advance,10.019995266571641,-0.69000236721417985,10.019995266571641,10.019995266571641,-0.69000236721417985,0,1,1,-0.69000236721417985,0,1,2,6
939,0.0199999865,Running,1,10.03999525308609,10.03999525308609,925,879,Advance,10.03999525308609,-0.68000237375638506,10.03999525308609,10.03999525308609,-0.68000237375638506,0,1,1,-0.68000237375638506,0,1,2,6
940,0.0199999865,Running,1,10.059995239600539,10.059995239600539,926,880,Advance,10.059995239600539,-0.6700023805003017,10.059995239600539,10.059995239600539,-0.6700023805003017,0,1,1,-0.6700023805003017,0,1,2,6
941,0.0199999865,Running,1,10.079995226114988,10.079995226114988,927,881,Advance,10.079995226114988,-0.66000238744250628,10.079995226114988,10.079995226114988,-0.66000238744250628,0,1,1,-0.66000238744250628,0,1,2,6
942,0.0199999865,Running,1,10.099995212629437,10.099995212629437,928,882,Advance,10.099995212629437,-0.65000239368585555,10.099995212629437,10.099995212629437,-0.65000239368585555,0,1,1,-0.65000239368585555,0,1,2,6
943,0.0199999865,Running,1,10.119995199143887,10.119995199143887,929,883,Advance,10.119995199143887,-0.64000240092805682,10.119995199143887,10.119995199143887,-0.64000240092805682,0,1,1,-0.64000240092805682,0,1,2,6
944,0.0199999865,Running,1,10.139995185658336,10.139995185658336,930,884,Advance,10.139995185658336,-0.63000240747025449,10.139995185658336,10.139995185658336,-0.63000240747025449,0,1,1,-0.63000240747025449,0,1,2,6
945,0.0199999865,Running,1,10.159995172172785,10.159995172172785,931,885,Advance,10.159995172172785,-0.62000241421418678,10.159995172172785,10.159995172172785,-0.62000241421418678,0,1,1,-0.62000241421418678,0,1,2,6
946,0.0199999865,Running,1,10.179995158687234,10.179995158687234,932,886,Advance,10.179995158687234,-0.61000242115638326,10.179995158687234,10.179995158687234,-0.61000242115638326,0,1,1,-0.61000242115638326,0,1,2,6
947,0.0199999865,Running,1,10.199995145201683,10.199995145201683,933,887,Advance,10.199995145201683,-0.60000242739974063,10.199995145201683,10.199995145201683,-0.60000242739974063,0,1,1,-0.60000242739974063,0,1,2,6
948,0.0199999865,Running,1,10.219995131716132,10.219995131716132,934,888,Advance,10.219995131716132,-0.5900024346419338,10.219995131716132,10.219995131716132,-0.5900024346419338,0,1,1,-0.5900024346419338,0,1,2,6
949,0.0199999865,Running,1,10.239995118230581,10.239995118230581,935,889,Advance,10.239995118230581,-0.58000244118412381,10.239995118230581,10.239995118230581,-0.58000244118412381,0,1,1,-0.58000244118412381,0,1,2,6
950,0.0199999865,Running,1,10.25999510474503,10.25999510474503,936,890,Advance,10.25999510474503,-0.57000244792807186,10.25999510474503,10.25999510474503,-0.57000244792807186,0,1,1,-0.57000244792807186,0,1,2,6
951,0.0199999865,Running,1,10.27999509125948,10.27999509125948,937,891,Advance,10.27999509125948,-0.56000245487026035,10.27999509125948,10.27999509125948,-0.56000245487026035,0,1,1,-0.56000245487026035,0,1,2,6
952,0.0199999865,Running,1,10.299995077773929,10.299995077773929,938,892,Advance,10.299995077773929,-0.55000246111362672,10.299995077773929,10.299995077773929,-0.55000246111362672,0,1,1,-0.55000246111362672,0,1,2,6
953,0.0199999865,Running,1,10.319995064288378,10.319995064288378,939,893,Advance,10.319995064288378,-0.54000246835581089,10.319995064288378,10.319995064288378,-0.54000246835581089,0,1,1,-0.54000246835581089,0,1,2,6
954,0.0199999865,Running,1,10.339995050802827,10.339995050802827,940,894,Advance,10.339995050802827,-0.53000247489799279,10.339995050802827,10.339995050802827,-0.53000247489799279,0,1,1,-0.53000247489799279,0,1,2,6
955,0.0199999865,Running,1,10.359995037317276,10.359995037317276,941,895,Advance,10.359995037317276,-0.52000248164195739,10.359995037317276,10.359995037317276,-0.52000248164195739,0,1,1,-0.52000248164195739,0,1,2,6
956,0.0199999865,Running,1,10.379995023831725,10.379995023831725,942,896,Advance,10.379995023831725,-0.51000248858413733,10.379995023831725,10.379995023831725,-0.51000248858413733,0,1,1,-0.51000248858413733,0,1,2,6
957,0.0199999865,Running,1,10.399995010346174,10.399995010346174,943,897,Advance,10.399995010346174,-0.5000024948275118,10.399995010346174,10.399995010346174,-0.5000024948275118,0,1,1,-0.5000024948275118,0,1,2,6
958,0.0199999865,Running,1,10.419994996860623,10.419994996860623,944,898,Advance,10.419994996860623,-0.49000250206968793,10.419994996860623,10.419994996860623,-0.49000250206968793,0,1,1,-0.49000250206968793,0,1,2,6
959,0.0199999865,Running,1,10.439994983375072,10.439994983375072,945,899,Advance,10.439994983375072,-0.48000250861186167,10.439994983375072,10.439994983375072,-0.48000250861186167,0,1,1,-0.48000250861186167,0,1,2,6
960,0.0199999865,Running,1,10.459994969889522,10.459994969889522,946,900,Advance,10.459994969889522,-0.47000251535584303,10.459994969889522,10.459994969889522,-0.47000251535584303,0,1,1,-0.47000251535584303,0,1,2,6
961,0.0199999865,Running,1,10.479994956403971,10.479994956403971,947,901,Advance,10.479994956403971,-0.4600025222980143,10.479994956403971,10.479994956403971,-0.4600025222980143,0,1,1,-0.4600025222980143,0,1,2,6
962,0.0199999865,Running,1,10.49999494291842,10.49999494291842,948,902,Advance,10.49999494291842,-0.45000252854139694,10.49999494291842,10.49999494291842,-0.45000252854139694,0,1,1,-0.45000252854139694,0,1,2,6
963,0.0199999865,Running,1,10.519994929432869,10.519994929432869,949,903,Advance,10.519994929432869,-0.44000253578356585,10.519994929432869,10.519994929432869,-0.44000253578356585,0,1,1,-0.44000253578356585,0,1,2,6
964,0.0199999865,Running,1,10.539994915947318,10.539994915947318,950,904,Advance,10.539994915947318,-0.4300025423257306,10.539994915947318,10.539994915947318,-0.4300025423257306,0,1,1,-0.4300025423257306,0,1,2,6
965,0.0199999865,Running,1,10.559994902461767,10.559994902461767,951,905,Advance,10.559994902461767,-0.42000254906972817,10.559994902461767,10.559994902461767,-0.42000254906972817,0,1,1,-0.42000254906972817,0,1,2,6
966,0.0199999865,Running,1,10.579994888976216,10.579994888976216,952,906,Advance,10.579994888976216,-0.41000255601189223,10.579994888976216,10.579994888976216,-0.41000255601189223,0,1,1,-0.41000255601189223,0,1,2,6
967,0.0199999865,Running,1,10.599994875490665,10.599994875490665,953,907,Advance,10.599994875490665,-0.40000256225528208,10.599994875490665,10.599994875490665,-0.40000256225528208,0,1,1,-0.40000256225528208,0,1,2,6
968,0.0199999865,Running,1,10.619994862005115,10.619994862005115,954,908,Advance,10.619994862005115,-0.39000256949744289,10.619994862005115,10.619994862005115,-0.39000256949744289,0,1,1,-0.39000256949744289,0,1,2,6
969,0.0199999865,Running,1,10.639994848519564,10.639994848519564,955,909,Advance,10.639994848519564,-0.38000257603960008,10.639994848519564,10.639994848519564,-0.38000257603960008,0,1,1,-0.38000257603960008,0,1,2,6
970,0.0199999865,Running,1,10.659994835034013,10.659994835034013,956,910,Advance,10.659994835034013,-0.37000258278361325,10.659994835034013,10.659994835034013,-0.37000258278361325,0,1,1,-0.37000258278361325,0,1,2,6
971,0.0199999865,Running,1,10.679994821548462,10.679994821548462,957,911,Advance,10.679994821548462,-0.36000258972576926,10.679994821548462,10.679994821548462,-0.36000258972576926,0,1,1,-0.36000258972576926,0,1,2,6
972,0.0199999865,Running,1,10.699994808062911,10.699994808062911,958,912,Advance,10.699994808062911,-0.35000259596916716,10.699994808062911,10.699994808062911,-0.35000259596916716,0,1,1,-0.35000259596916716,0,1,2,6
973,0.0199999865,Running,1,10.71999479457736,10.71999479457736,959,913,Advance,10.71999479457736,-0.34000260321131986,10.71999479457736,10.71999479457736,-0.34000260321131986,0,1,1,-0.34000260321131986,0,1,2,6
974,0.0199999865,Running,1,10.739994781091809,10.739994781091809,960,914,Advance,10.739994781091809,-0.3300026097534694,10.739994781091809,10.739994781091809,-0.3300026097534694,0,1,1,-0.3300026097534694,0,1,2,6
975,0.0199999865,Running,1,10.759994767606258,10.759994767606258,961,915,Advance,10.759994767606258,-0.32000261649749839,10.759994767606258,10.759994767606258,-0.32000261649749839,0,1,1,-0.32000261649749839,0,1,2,6
976,0.0199999865,Running,1,10.779994754120708,10.779994754120708,962,916,Advance,10.779994754120708,-0.3100026234396463,10.779994754120708,10.779994754120708,-0.3100026234396463,0,1,1,-0.3100026234396463,0,1,2,6
977,0.0199999865,Running,1,10.799994740635157,10.799994740635157,963,917,Advance,10.799994740635157,-0.30000262968305313,10.799994740635157,10.799994740635157,-0.30000262968305313,0,1,1,-0.30000262968305313,0,1,2,6
978,0.0199999865,Running,1,10.819994727149606,10.819994727149606,964,918,Advance,10.819994727149606,-0.29000544380679549,10.819994727149606,10.819994727149606,-0.29000544380679549,0,1,1,-0.29000544380679549,0,1,2,6
979,0.0199999865,Running,1,10.839994713664055,10.839994713664055,965,919,Advance,10.839994713664055,-0.28002465322114622,10.839994713664055,10.839994713664055,-0.28002465322114622,0,1,1,-0.28002465322114622,0,1,2,6
980,0.0199999865,Running,1,10.859994700178504,10.859994700178504,966,920,Advance,10.859994700178504,-0.2700760035295528,10.859994700178504,10.859994700178504,-0.2700760035295528,0,1,1,-0.2700760035295528,0,1,2,6
981,0.0199999865,Running,1,10.879994686692953,10.879994686692953,967,921,Advance,10.879994686692953,-0.26017469205780408,10.879994686692953,10.879994686692953,-0.26017469205780408,0,1,1,-0.26017469205780408,0,1,2,6
982,0.0199999865,Running,1,10.899994673207402,10.899994673207402,968,922,Advance,10.899994673207402,-0.25033536808304246,10.899994673207402,10.899994673207402,-0.25033536808304246,0,1,1,-0.25033536808304246,0,1,2,6
983,0.0199999865,Running,1,10.919994659721851,10.919994659721851,969,923,Advance,10.919994659721851,-0.24057290716763632,10.919994659721851,10.919994659721851,-0.24057290716763632,0,1,1,-0.24057290716763632,0,1,2,6
984,0.0199999865,Running,1,10.9399946462363,10.9399946462363,970,924,Advance,10.9399946462363,-0.23090031154088034,10.9399946462363,10.9399946462363,-0.23090031154088034,0,1,1,-0.23090031154088034,0,1,2,6
985,0.0199999865,Running,1,10.95999463275075,10.95999463275075,971,925,Advance,10.95999463275075,-0.22133056267224202,10.95999463275075,10.95999463275075,-0.22133056267224202,0,1,1,-0.22133056267224202,0,1,2,6
986,0.0199999865,Running,1,10.979994619265199,10.979994619265199,972,926,Advance,10.979994619265199,-0.21187609446673775,10.979994619265199,10.979994619265199,-0.21187609446673775,0,1,1,-0.21187609446673775,0,1,2,6
987,0.0199999865,Running,1,10.999994605779648,10.999994605779648,973,927,Advance,10.999994605779648,-0.20254879720483893,10.999994605779648,10.999994605779648,-0.20254879720483893,0,1,1,-0.20254879720483893,0,1,2,6
988,0.0199999865,Running,1,11.019994592294097,11.019994592294097,974,928,Advance,11.019994592294097,-0.19336129596515203,11.019994592294097,11.019994592294097,-0.19336129596515203,0,1,1,-0.19336129596515203,0,1,2,6
989,0.0199999865,Running,1,11.039994578808546,11.039994578808546,975,929,Advance,11.039994578808546,-0.18432326248139291,11.039994578808546,11.039994578808546,-0.18432326248139291,0,1,1,-0.18432326248139291,0,1,2,6
990,0.0199999865,Running,1,11.059994565322995,11.059994565322995,976,930,Advance,11.059994565322995,-0.17544491686982039,11.059994565322995,11.059994565322995,-0.17544491686982039,0,1,1,-0.17544491686982039,0,1,2,6
991,0.0199999865,Running,1,11.079994551837444,11.079994551837444,977,931,Advance,11.079994551837444,-0.16673593099231035,11.079994551837444,11.079994551837444,-0.16673593099231035,0,1,1,-0.16673593099231035,0,1,2,6
992,0.0199999865,Running,1,11.099994538351893,11.099994538351893,978,932,Advance,11.099994538351893,-0.15820543444985219,11.099994538351893,11.099994538351893,-0.15820543444985219,0,1,1,-0.15820543444985219,0,1,2,6
993,0.0199999865,Running,1,11.119994524866343,11.119994524866343,979,933,Advance,11.119994524866343,-0.14986367903375658,11.119994524866343,11.119994524866343,-0.14986367903375658,0,1,1,-0.14986367903375658,0,1,2,6
994,0.0199999865,Running,1,11.139994511380792,11.139994511380792,980,934,Advance,11.139994511380792,-0.14171713266647282,11.139994511380792,11.139994511380792,-0.14171713266647282,0,1,1,-0.14171713266647282,0,1,2,6
995,0.0199999865,Running,1,11.159994497895241,11.159994497895241,981,935,Advance,11.159994497895241,-0.1337732499391551,11.159994497895241,11.159994497895241,-0.1337732499391551,0,1,1,-0.1337732499391551,0,1,2,6
996,0.0199999865,Running,1,11.17999448440969,11.17999448440969,982,936,Advance,11.17999448440969,-0.12603893964328186,11.17999448440969,11.17999448440969,-0.12603893964328186,0,1,1,-0.12603893964328186,0,1,2,6
997,0.0199999865,Running,1,11.199994470924139,11.199994470924139,983,937,Advance,11.199994470924139,-0.11852057319394675,11.199994470924139,11.199994470924139,-0.11852057319394675,0,1,1,-0.11852057319394675,0,1,2,6
998,0.0199999865,Running,1,11.219994457438588,11.219994457438588,984,938,Advance,11.219994457438588,-0.11122590873527261,11.219994457438588,11.219994457438588,-0.11122590873527261,0,1,1,-0.11122590873527261,0,1,2,6
999,0.0199999865,Running,1,11.239994443953037,11.239994443953037,985,939,Advance,11.239994443953037,-0.10415832705769949,11.239994443953037,11.239994443953037,-0.10415832705769949,0,1,1,-0.10415832705769949,0,1,2,6
1000,0.0199999865,Running,1,11.259994430467486,11.259994430467486,986,940,Advance,11.259994430467486,-0.097322522032298936,11.259994430467486,11.259994430467486,-0.097322522032298936,0,1,1,-0.097322522032298936,0,1,2,6
1001,0.0199999865,Running,1,11.279994416981936,11.279994416981936,987,941,Advance,11.279994416981936,-0.090722638371508221,11.279994416981936,11.279994416981936,-0.090722638371508221,0,1,1,-0.090722638371508221,0,1,2,6
1002,0.0199999865,Running,1,11.299994403496385,11.299994403496385,988,942,Advance,11.299994403496385,-0.084362284748232166,11.299994403496385,11.299994403496385,-0.084362284748232166,0,1,1,-0.084362284748232166,0,1,2,6
1003,0.0199999865,Running,1,11.319994390010834,11.319994390010834,989,943,Advance,11.319994390010834,-0.078246611777210609,11.319994390010834,11.319994390010834,-0.078246611777210609,0,1,1,-0.078246611777210609,0,1,2,6
1004,0.0199999865,Running,1,11.339994376525283,11.339994376525283,990,944,Advance,11.339994376525283,-0.072376031553175846,11.339994376525283,11.339994376525283,-0.072376031553175846,0,1,1,-0.072376031553175846,0,1,2,6
1005,0.0199999865,Running,1,11.359994363039732,11.359994363039732,991,945,Advance,11.359994363039732,-0.066752474237763079,11.359994363039732,11.359994363039732,-0.066752474237763079,0,1,1,-0.066752474237763079,0,1,2,6
1006,0.0199999865,Running,1,11.379994349554181,11.379994349554181,992,946,Advance,11.379994349554181,-0.061377323058781012,11.379994349554181,11.379994349554181,-0.061377323058781012,0,1,1,-0.061377323058781012,0,1,2,6
1007,0.0199999865,Running,1,11.39999433606863,11.39999433606863,993,947,Advance,11.39999433606863,-0.056251423357620428,11.39999433606863,11.39999433606863,-0.056251423357620428,0,1,1,-0.056251423357620428,0,1,2,6
1008,0.0199999865,Running,1,11.419994322583079,11.419994322583079,994,948,Advance,11.419994322583079,-0.051377196796985644,11.419994322583079,11.419994322583079,-0.051377196796985644,0,1,1,-0.051377196796985644,0,1,2,6
1009,0.0199999865,Running,1,11.439994309097528,11.439994309097528,995,949,Advance,11.439994309097528,-0.046752208184796265,11.439994309097528,11.439994309097528,-0.046752208184796265,0,1,1,-0.046752208184796265,0,1,2,6
1010,0.0199999865,Running,1,11.459994295611978,11.459994295611978,996,950,Advance,11.459994295611978,-0.042375625783254454,11.459994295611978,11.459994295611978,-0.042375625783254454,0,1,1,-0.042375625783254454,0,1,2,6
1011,0.0199999865,Running,1,11.479994282126427,11.479994282126427,997,951,Advance,11.479994282126427,-0.038246067523285493,11.479994282126427,11.479994282126427,-0.038246067523285493,0,1,1,-0.038246067523285493,0,1,2,6
1012,0.0199999865,Running,1,11.499994268640876,11.499994268640876,998,952,Advance,11.499994268640876,-0.034361617208920892,11.499994268640876,11.499994268640876,-0.034361617208920892,0,1,1,-0.034361617208920892,0,1,2,6
1013,0.0199999865,Running,1,11.519994255155325,11.519994255155325,999,953,Advance,11.519994255155325,-0.030721849368406745,11.519994255155325,11.519994255155325,-0.030721849368406745,0,1,1,-0.030721849368406745,0,1,2,6
1014,0.0199999865,Running,1,11.539994241669774,11.539994241669774,1000,954,Advance,11.539994241669774,-0.027321599124994461,11.539994241669774,11.539994241669774,-0.027321599124994461,0,1,1,-0.027321599124994461,0,1,2,6
1015,0.0199999865,Running,1,11.559994228184223,11.559994228184223,1001,955,Advance,11.559994228184223,-0.024157272630297152,11.559994228184223,11.559994228184223,-0.024157272630297152,0,1,1,-0.024157272630297152,0,1,2,6
1016,0.0199999865,Running,1,11.579994214698672,11.579994214698672,1002,956,Advance,11.579994214698672,-0.021224724923766359,11.579994214698672,11.579994214698672,-0.021224724923766359,0,1,1,-0.021224724923766359,0,1,2,6
1017,0.0199999865,Running,1,11.599994201213121,11.599994201213121,1003,957,Advance,11.599994201213121,-0.018519277417244392,11.599994201213121,11.599994201213121,-0.018519277417244392,0,1,1,-0.018519277417244392,0,1,2,6
1018,0.0199999865,Running,1,11.619994187727571,11.619994187727571,1004,958,Advance,11.619994187727571,-0.016037534008650049,11.619994187727571,11.619994187727571,-0.016037534008650049,0,1,1,-0.016037534008650049,0,1,2,6
1019,0.0199999865,Running,1,11.63999417424202,11.63999417424202,1005,959,Advance,11.63999417424202,-0.013771724482791835,11.63999417424202,11.63999417424202,-0.013771724482791835,0,1,1,-0.013771724482791835,0,1,2,6
1020,0.0199999865,Running,1,11.659994160756469,11.659994160756469,1006,960,Advance,11.659994160756469,-0.011715492075472622,11.659994160756469,11.659994160756469,-0.011715492075472622,0,1,1,-0.011715492075472622,0,1,2,6
1021,0.0199999865,Running,1,11.679994147270918,11.679994147270918,1007,961,Advance,11.679994147270918,-0.0098619283555553116,11.679994147270918,11.679994147270918,-0.0098619283555553116,0,1,1,-0.0098619283555553116,0,1,2,6
1022,0.0199999865,Running,1,11.699994133785367,11.699994133785367,1008,962,Advance,11.699994133785367,-0.008203589043820932,11.699994133785367,11.699994133785367,-0.008203589043820932,0,1,1,-0.008203589043820932,0,1,2,6
1023,0.0199999865,Running,1,11.719994120299816,11.719994120299816,1009,963,Advance,11.719994120299816,-0.0067339941645547388,11.719994120299816,11.719994120299816,-0.0067339941645547388,0,1,1,-0.0067339941645547388,0,1,2,6
1024,0.0199999865,Running,1,11.739994106814265,11.739994106814265,1010,964,Advance,11.739994106814265,-0.0054428842967250051,11.739994106814265,11.739994106814265,-0.0054428842967250051,0,1,1,-0.0054428842967250051,0,1,2,6
1025,0.0199999865,Running,1,11.759994093328714,11.759994093328714,1011,965,Advance,11.759994093328714,-0.0043211387574256495,11.759994093328714,11.759994093328714,-0.0043211387574256495,0,1,1,-0.0043211387574256495,0,1,2,6
1026,0.0199999865,Running,1,11.779994079843163,11.779994079843163,1012,966,Advance,11.779994079843163,-0.0033590876448892971,11.779994079843163,11.779994079843163,-0.0033590876448892971,0,1,1,-0.0033590876448892971,0,1,2,6
1027,0.0199999865,Running,1,11.799994066357613,11.799994066357613,1013,967,Advance,11.799994066357613,-0.0025465200809013659,11.799994066357613,11.799994066357613,-0.0025465200809013659,0,1,1,-0.0025465200809013659,0,1,2,6
1028,0.0199999865,Running,1,11.819994052872062,11.819994052872062,1014,968,Advance,11.819994052872062,-0.001873752420780481,11.819994052872062,11.819994052872062,-0.001873752420780481,0,1,1,-0.001873752420780481,0,1,2,6
1029,0.0199999865,Running,1,11.839994039386511,11.839994039386511,1015,969,Advance,11.839994039386511,-0.0013281559501784094,11.839994039386511,11.839994039386511,-0.0013281559501784094,0,1,1,-0.0013281559501784094,0,1,2,6
1030,0.0199999865,Running,1,11.85999402590096,11.85999402590096,1016,970,Advance,11.85999402590096,-0.00089784644715217075,11.85999402590096,11.85999402590096,-0.00089784644715217075,0,1,1,-0.00089784644715217075,0,1,2,6
1031,0.0199999865,Running,1,11.879994012415409,11.879994012415409,1017,971,Advance,11.879994012415409,-0.00057039276008209359,11.879994012415409,11.879994012415409,-0.00057039276008209359,0,1,1,-0.00057039276008209359,0,1,2,6
1032,0.0199999865,Running,1,11.899993998929858,11.899993998929858,1018,972,Advance,11.899993998929858,-0.00033281645575419523,11.899993998929858,11.899993998929858,-0.00033281645575419523,0,1,1,-0.00033281645575419523,0,1,2,6
1033,0.0199999865,Running,1,11.919993985444307,11.919993985444307,1019,973,Advance,11.919993985444307,-0.00017210949988876194,11.919993985444307,11.919993985444307,-0.00017210949988876194,0,1,1,-0.00017210949988876194,0,1,2,6
1034,0.0199999865,Running,1,11.939993971958756,11.939993971958756,1020,974,Advance,11.939993971958756,-7.3395558848519542E-05,11.939993971958756,11.939993971958756,-7.3395558848519542E-05,0,1,1,-7.3395558848519542E-05,0,1,2,6
1035,0.0199999865,Running,1,11.959993958473206,11.959993958473206,1021,975,Advance,11.959993958473206,-2.2027852106221531E-05,11.959993958473206,11.959993958473206,-2.2027852106221531E-05,0,1,1,-2.2027852106221531E-05,0,1,2,6
1036,0.0199999865,Running,1,11.979993944987655,11.979993944987655,1022,976,Advance,11.979993944987655,-2.8110031288119931E-06,11.979993944987655,11.979993944987655,-2.8110031288119931E-06,0,1,1,-2.8110031288119931E-06,0,1,2,6
1037,0.0199999865,Running,1,11.999993931502104,11.999993931502104,1023,977,Advance,11.999993931502104,-3.6410984464287256E-11,11.999993931502104,11.999993931502104,-3.6410984464287256E-11,0,1,1,-3.6410984464287256E-11,0,1,2,6
1038,0.0199999865,Running,1,12.019993918016553,12,1024,978,Advance,12,0,12,12,0,0,1,1,0,0,2,2,6
1039,0.0199999865,Running,1,12.039993904531002,12,1025,979,Advance,12,0,12,12,0,0,1,1,0,0,2,2,6
1040,0.0199999865,Running,1,12.059993891045451,12,1026,980,Advance,12,0,12,12,0,0,1,1,0,0,2,2,6
1041,0.0199999865,Running,1,12.0799938775599,12,1027,981,Advance,12,0,12,12,0,0,1,1,0,0,2,2,6
1042,0.0199999865,Running,1,12.099993864074349,12,1028,982,Advance,12,0,12,12,0,0,1,1,0,0,2,2,6
1043,0.0199999865,Running,1,12.119993850588799,12,1029,983,Advance,12,0,12,12,0,0,1,1,0,0,2,2,6
1044,0.0199999865,Running,1,12.139993837103248,12,1030,984,Advance,12,0,12,12,0,0,1,1,0,0,2,2,6
1045,0.0199999865,Running,1,12.159993823617697,12,1031,985,Advance,12,0,12,12,0,0,1,1,0,0,2,2,6
1046,0.0199999865,Running,1,12.179993810132146,12,1032,986,Advance,12,0,12,12,0,0,1,1,0,0,2,2,6
1047,0.0199999865,Running,1,12.199993796646595,12,1033,987,Advance,12,0,12,12,0,0,1,1,0,0,2,2,6
1048,0.0199999865,Running,1,12.219993783161044,12,1034,988,Advance,12,0,12,12,0,0,1,1,0,0,2,2,6
1049,0.0199999865,Running,1,12.239993769675493,12,1035,989,Advance,12,0,12,12,0,0,1,1,0,0,2,2,6
1050,0.0199999865,Running,1,12.259993756189942,12,1036,990,Advance,12,0,12,12,0,0,1,1,0,0,2,2,6
1051,0.0199999865,Running,1,12.279993742704391,12,1037,991,Advance,12,0,12,12,0,0,1,1,0,0,2,2,6
1052,0.0199999865,Running,1,12.299993729218841,12,1038,992,Advance,12,0,12,12,0,0,1,1,0,0,2,2,6
1053,0.0199999865,Running,1,12.31999371573329,12,1039,993,Advance,12,0,12,12,0,0,1,1,0,0,2,2,6
1054,0.0199999865,Running,1,12.339993702247739,12,1040,994,Advance,12,0,12,12,0,0,1,1,0,0,2,2,6
1055,0.0199999865,Running,1,12.359993688762188,12,1041,995,Advance,12,0,12,12,0,0,1,1,0,0,2,2,6
1056,0.0199999865,Running,1,12.379993675276637,12,1042,996,Advance,12,0,12,12,0,0,1,1,0,0,2,2,6
1057,0.0199999865,Running,1,12.399993661791086,12,1043,997,Advance,12,0,12,12,0,0,1,1,0,0,2,2,6
1058,0.0199999865,Running,1,12.419993648305535,12,1044,998,Advance,12,0,12,12,0,0,1,1,0,0,2,2,6
1059,0.0199999865,Running,1,12.439993634819984,12,1045,999,Advance,12,0,12,12,0,0,1,1,0,0,2,2,6
1060,0.0199999865,Running,1,12.459993621334434,12,1046,1000,Advance,12,0,12,12,0,0,1,1,0,0,2,2,6
1061,0.0199999865,Running,1,12.479993607848883,12,1047,1001,Advance,12,0,12,12,0,0,1,1,0,0,2,2,6
1062,0.0199999865,Running,1,12.499993594363332,12,1048,1002,Advance,12,0,12,12,0,0,1,1,0,0,2,2,6
1063,0.0199999865,Running,1,12.519993580877781,12,1049,1003,Advance,12,0,12,12,0,0,1,1,0,0,2,2,6
1064,0.0199999865,Running,1,12.53999356739223,12,1050,1004,Advance,12,0,12,12,0,0,1,1,0,0,2,2,6
1065,0.0199999865,Running,1,12.559993553906679,12,1051,1005,Advance,12,0,12,12,0,0,1,1,0,0,2,2,6
1066,0.0199999865,Running,1,12.579993540421128,12,1052,1006,Advance,12,0,12,12,0,0,1,1,0,0,2,2,6
1067,0.0199999865,Running,1,12.599993526935577,12,1053,1007,Advance,12,0,12,12,0,0,1,1,0,0,2,2,6
1068,0.0199999865,Running,1,12.619993513450027,12,1054,1008,Advance,12,0,12,12,0,0,1,1,0,0,2,2,6
1069,0.0199999865,Running,1,12.639993499964476,12,1055,1009,Advance,12,0,12,12,0,0,1,1,0,0,2,2,6
1070,0.0199999865,Running,1,12.659993486478925,12,1056,1010,Advance,12,0,12,12,0,0,1,1,0,0,2,2,6
1071,0.0199999865,Running,1,12.679993472993374,12,1057,1011,Advance,12,0,12,12,0,0,1,1,0,0,2,2,6
1072,0.0199999865,Running,1,12.699993459507823,12,1058,1012,Advance,12,0,12,12,0,0,1,1,0,0,2,2,6
1073,0.0199999865,Running,1,12.719993446022272,12,1059,1013,Advance,12,0,12,12,0,0,1,1,0,0,2,2,6
1074,0.0199999865,Running,1,12.739993432536721,12,1060,1014,Advance,12,0,12,12,0,0,1,1,0,0,2,2,6
1075,0.0199999865,Running,1,12.75999341905117,12,1061,1015,Advance,12,0,12,12,0,0,1,1,0,0,2,2,6
1076,0.0199999865,Running,1,12.779993405565619,12,1062,1016,Advance,12,0,12,12,0,0,1,1,0,0,2,2,6
1077,0.0199999865,Running,1,12.799993392080069,12,1063,1017,Advance,12,0,12,12,0,0,1,1,0,0,2,2,6
1078,0.0199999865,Running,1,12.819993378594518,12,1064,1018,Advance,12,0,12,12,0,0,1,1,0,0,2,2,6
1079,0.0199999865,Running,1,12.839993365108967,12,1065,1019,Advance,12,0,12,12,0,0,1,1,0,0,2,2,6
1080,0.0199999865,Running,1,12.859993351623416,12,1066,1020,Advance,12,0,12,12,0,0,1,1,0,0,2,2,6
1081,0.0199999865,Running,1,12.879993338137865,12,1067,1021,Advance,12,0,12,12,0,0,1,1,0,0,2,2,6
1082,0.0199999865,Running,1,12.899993324652314,12,1068,1022,Advance,12,0,12,12,0,0,1,1,0,0,2,2,6
1083,0.0199999865,Running,1,12.919993311166763,12,1069,1023,Advance,12,0,12,12,0,0,1,1,0,0,2,2,6
1084,0.0199999865,Running,1,12.939993297681212,12,1070,1024,Advance,12,0,12,12,0,0,1,1,0,0,2,2,6
1085,0.0199999865,Running,1,12.959993284195662,12,1071,1025,Advance,12,0,12,12,0,0,1,1,0,0,2,2,6
1086,0.0199999865,Running,1,12.979993270710111,12,1072,1026,Advance,12,0,12,12,0,0,1,1,0,0,2,2,6
1087,0.0199999865,Running,1,12.99999325722456,12,1073,1027,Advance,12,0,12,12,0,0,1,1,0,0,2,2,6
1088,0.0199999865,Running,1,13.019993243739009,12,1074,1028,Advance,12,0,12,12,0,0,1,1,0,0,2,2,6
1089,0.0199999865,Running,1,13.039993230253458,12,1075,1029,Advance,12,0,12,12,0,0,1,1,0,0,2,2,6
1090,0.0199999865,Running,1,13.059993216767907,12,1076,1030,Advance,12,0,12,12,0,0,1,1,0,0,2,2,6
1091,0.0199999865,Running,1,13.079993203282356,12,1077,1031,Advance,12,0,12,12,0,0,1,1,0,0,2,2,6
1092,0.0199999865,Running,1,13.099993189796805,12,1078,1032,Advance,12,0,12,12,0,0,1,1,0,0,2,2,6
1093,0.0199999865,Running,1,13.119993176311255,12,1079,1033,Advance,12,0,12,12,0,0,1,1,0,0,2,2,6
1094,0.0199999865,Running,1,13.139993162825704,12,1080,1034,Advance,12,0,12,12,0,0,1,1,0,0,2,2,6
1095,0.0199999865,Running,1,13.159993149340153,12,1081,1035,Advance,12,0,12,12,0,0,1,1,0,0,2,2,6
1096,0.0199999865,Running,1,13.179993135854602,12,1082,1036,Advance,12,0,12,12,0,0,1,1,0,0,2,2,6
1097,0.0199999865,Running,1,13.199993122369051,12,1083,1037,Advance,12,0,12,12,0,0,1,1,0,0,2,2,6
1098,0.0199999865,Running,1,13.2199931088835,12,1084,1038,Advance,12,0,12,12,0,0,1,1,0,0,2,2,6
1099,0.0199999865,Running,1,13.239993095397949,12,1085,1039,Advance,12,0,12,12,0,0,1,1,0,0,2,2,6
1100,0.0199999865,Running,1,13.259993081912398,12,1086,1040,Advance,12,0,12,12,0,0,1,1,0,0,2,2,6
1101,0.0199999865,Running,1,13.279993068426847,12,1087,1041,Advance,12,0,12,12,0,0,1,1,0,0,2,2,6
1102,0.0199999865,Running,1,13.299993054941297,12,1088,1042,Advance,12,0,12,12,0,0,1,1,0,0,2,2,6
1103,0.0199999865,Running,1,13.319993041455746,12,1089,1043,Advance,12,0,12,12,0,0,1,1,0,0,2,2,6
1104,0.0199999865,Running,1,13.339993027970195,12,1090,1044,Advance,12,0,12,12,0,0,1,1,0,0,2,2,6
1105,0.0199999865,Running,1,13.359993014484644,12,1091,1045,Advance,12,0,12,12,0,0,1,1,0,0,2,2,6
1106,0.0199999865,Running,1,13.379993000999093,12,1092,1046,Advance,12,0,12,12,0,0,1,1,0,0,2,2,6
1107,0.0199999865,Running,1,13.399992987513542,12,1093,1047,Advance,12,0,12,12,0,0,1,1,0,0,2,2,6
1108,0.0199999865,Running,1,13.419992974027991,12,1094,1048,Advance,12,0,12,12,0,0,1,1,0,0,2,2,6
1109,0.0199999865,Running,1,13.43999296054244,12,1095,1049,Advance,12,0,12,12,0,0,1,1,0,0,2,2,6
1110,0.0199999865,Running,1,13.45999294705689,12,1096,1050,Advance,12,0,12,12,0,0,1,1,0,0,2,2,6
1111,0.0199999865,Running,1,13.479992933571339,12,1097,1051,Advance,12,0,12,12,0,0,1,1,0,0,2,2,6
1112,0.0199999865,Running,1,13.499992920085788,12,1098,1052,Advance,12,0,12,12,0,0,1,1,0,0,2,2,6
1113,0.0199999865,Running,1,13.519992906600237,12,1099,1053,Advance,12,0,12,12,0,0,1,1,0,0,2,2,6
1114,0.0199999865,Running,1,13.539992893114686,12,1100,1054,Advance,12,0,12,12,0,0,1,1,0,0,2,2,6
1115,0.0199999865,Running,1,13.559992879629135,12,1101,1055,Advance,12,0,12,12,0,0,1,1,0,0,2,2,6
1116,0.0199999865,Running,1,13.579992866143584,12,1102,1056,Advance,12,0,12,12,0,0,1,1,0,0,2,2,6
1117,0.0199999865,Running,1,13.599992852658033,12,1103,1057,Advance,12,0,12,12,0,0,1,1,0,0,2,2,6
1118,0.0199999865,Running,1,13.619992839172482,12,1104,1058,Advance,12,0,12,12,0,0,1,1,0,0,2,2,6
1119,0.0199999865,Running,1,13.639992825686932,12,1105,1059,Advance,12,0,12,12,0,0,1,1,0,0,2,2,6
1120,0.0199999865,Running,1,13.659992812201381,12,1106,1060,Advance,12,0,12,12,0,0,1,1,0,0,2,2,6
1121,0.0199999865,Running,1,13.67999279871583,12,1107,1061,Advance,12,0,12,12,0,0,1,1,0,0,2,2,6
1122,0.0199999865,Running,1,13.699992785230279,12,1108,1062,Advance,12,0,12,12,0,0,1,1,0,0,2,2,6
1123,0.0199999865,Running,1,13.719992771744728,12,1109,1063,Advance,12,0,12,12,0,0,1,1,0,0,2,2,6
1124,0.0199999865,Running,1,13.739992758259177,12,1110,1064,Advance,12,0,12,12,0,0,1,1,0,0,2,2,6
1125,0.0199999865,Running,1,13.759992744773626,12,1111,1065,Advance,12,0,12,12,0,0,1,1,0,0,2,2,6
1126,0.0199999865,Running,1,13.779992731288075,12,1112,1066,Advance,12,0,12,12,0,0,1,1,0,0,2,2,6
1127,0.0199999865,Running,1,13.799992717802525,12,1113,1067,Advance,12,0,12,12,0,0,1,1,0,0,2,2,6
1128,0.0199999865,Running,1,13.819992704316974,12,1114,1068,Advance,12,0,12,12,0,0,1,1,0,0,2,2,6
1129,0.0199999865,Running,1,13.839992690831423,12,1115,1069,Advance,12,0,12,12,0,0,1,1,0,0,2,2,6
1130,0.0199999865,Running,1,13.859992677345872,12,1116,1070,Advance,12,0,12,12,0,0,1,1,0,0,2,2,6
1131,0.0199999865,Running,1,13.879992663860321,12,1117,1071,Advance,12,0,12,12,0,0,1,1,0,0,2,2,6
1132,0.0199999865,Running,1,13.89999265037477,12,1118,1072,Advance,12,0,12,12,0,0,1,1,0,0,2,2,6
1133,0.0199999865,Running,1,13.919992636889219,12,1119,1073,Advance,12,0,12,12,0,0,1,1,0,0,2,2,6
1134,0.0199999865,Running,1,13.939992623403668,12,1120,1074,Advance,12,0,12,12,0,0,1,1,0,0,2,2,6
1135,0.0199999865,Running,1,13.959992609918118,12,1121,1075,Advance,12,0,12,12,0,0,1,1,0,0,2,2,6
1136,0.0199999865,Running,1,13.979992596432567,12,1122,1076,Advance,12,0,12,12,0,0,1,1,0,0,2,2,6
1137,0.0199999865,Running,1,13.999992582947016,12,1123,1077,Advance,12,0,12,12,0,0,1,1,0,0,2,2,6
1138,0.0199999865,Stopped,1,14,12,1124,1078,Advance,12,0,12,12,0,0,1,1,0,0,3,2,6
