sample,absolute_s,gauge,x_m,ON_solver_eta_m,OFF_solver_eta_m,ON_PFS_eta_m,OFF_PFS_eta_m,OFF_minus_ON_solver_m
0,0.0,1,2.242796379968867,-1.20693817730537e-06,-1.20693817730537e-06,-0.013189262151718117,-0.013189262151718117,0.0
0,0.0,2,2.9903951732918226,-1.20693817730537e-06,-1.20693817730537e-06,-0.010983443260192849,-0.010983443260192849,0.0
0,0.0,3,3.7379939666147783,-1.20693817730537e-06,-1.20693817730537e-06,-0.012592768669128396,-0.012592768669128396,0.0
1,0.016666666666666666,1,2.242796379968867,-0.0041009631881031,-0.004100724898695802,,,2.3828940729810066e-07
1,0.016666666666666666,2,2.9903951732918226,-0.002580419227835085,-0.002580300167571339,,,1.1906026374606388e-07
1,0.016666666666666666,3,3.7379939666147783,-0.000756010337954387,-0.000756010337954387,,,0.0
2,0.03333333333333333,1,2.242796379968867,-0.004162326679157852,-0.004160180892333521,-0.013224190473556496,-0.013227289915084817,2.1457868243316552e-06
2,0.03333333333333333,2,2.9903951732918226,-0.002621874153993482,-0.002620801260581317,-0.010952597856521584,-0.010971373319625832,1.072893412165394e-06
2,0.03333333333333333,3,3.7379939666147783,-0.0008569509805964901,-0.0008564740640222802,-0.012616431713104226,-0.012616163492202737,4.769165742098819e-07
3,0.05,1,2.242796379968867,-0.004256740455029393,-0.004250988071052503,,,5.752383976889708e-06
3,0.05,2,2.9903951732918226,-0.002666637266685943,-0.002663746551034119,,,2.89071565182401e-06
3,0.05,3,3.7379939666147783,-0.0009843856561984475,-0.0009833127627862817,,,1.0728934121658276e-06
4,0.06666666666666667,1,2.242796379968867,-0.004378572374163224,-0.004367455523125504,-0.01338151693344114,-0.013312703371047951,1.1116851037719713e-05
4,0.06666666666666667,2,2.9903951732918226,-0.002709671725676701,-0.00270397980067062,-0.0109111428260803,-0.010927474498748757,5.691925006080789e-06
4,0.06666666666666667,3,3.7379939666147783,-0.0011276156601240078,-0.0011257975001247359,-0.012642985582351662,-0.012641793489456155,1.818159999271863e-06
5,0.08333333333333333,1,2.242796379968867,-0.0045226368132138435,-0.004504784697724055,,,1.7852115489788364e-05
5,0.08333333333333333,2,2.9903951732918226,-0.0027478486947864382,-0.00273810314777938,,,9.745547007058378e-06
5,0.08333333333333333,3,3.7379939666147783,-0.0012795179798848477,-0.0012766868788047997,,,2.8311010800479916e-06
6,0.1,1,2.242796379968867,-0.004683121773632585,-0.004657253440356673,-0.013522779941558816,-0.013441807031631448,2.5868333275912148e-05
6,0.1,2,2.9903951732918226,-0.002777412624873059,-0.0027628095879849803,-0.01083264350891111,-0.010844564437866189,1.4603036888078715e-05
6,0.1,3,3.7379939666147783,-0.0014350263901588265,-0.001430854214533523,-0.012653505802154519,-0.012650495767593362,4.172175625303566e-06
7,0.11666666666666667,1,2.242796379968867,-0.004854485126801943,-0.004818931536609974,,,3.555359019196888e-05
7,0.11666666666666667,2,2.9903951732918226,-0.0027941616174652754,-0.002774492017495443,,,1.9669599969832433e-05
7,0.11666666666666667,3,3.7379939666147783,-0.0015880019410914451,-0.0015825182448870648,,,5.4836962043803075e-06
8,0.13333333333333333,1,2.242796379968867,-0.005029574306267411,-0.004983708070677379,-0.01366276144981382,-0.013567006587982156,4.586623559003217e-05
8,0.13333333333333333,2,2.9903951732918226,-0.00279842313050834,-0.0027732698343341266,-0.010704821348190285,-0.010713106393814065,2.5153296174213607e-05
8,0.13333333333333333,3,3.7379939666147783,-0.0017420203248306315,-0.0017340333232510685,-0.012641435861587502,-0.012635594606399514,7.987001579562968e-06
9,0.15,1,2.242796379968867,-0.005205407907920952,-0.005149468498498802,,,5.593940942215034e-05
9,0.15,2,2.9903951732918226,-0.0027886183066891186,-0.0027575939040338834,,,3.1024402655235265e-05
9,0.15,3,3.7379939666147783,-0.001893207438609963,-0.0018844157247513245,,,8.791713858638615e-06
10,0.16666666666666666,1,2.242796379968867,-0.0053762348988241285,-0.005310341544713413,-0.013798332214355447,-0.01368696093559263,6.58933541107156e-05
10,0.16666666666666666,2,2.9903951732918226,-0.002764269553914175,-0.0027269275265689188,-0.010535395145416238,-0.010540163516998269,3.734202734525637e-05
10,0.16666666666666666,3,3.7379939666147783,-0.0020415036678576638,-0.0020320565314691005,-0.012613898515701272,-0.012607043981552102,9.447136388563305e-06
11,0.18333333333333332,1,2.242796379968867,-0.005534931759849199,-0.005458191255752115,,,7.674050409708401e-05
11,0.18333333333333332,2,2.9903951732918226,-0.0027224270485993293,-0.0026768295007818066,,,4.559754781752277e-05
11,0.18333333333333332,3,3.7379939666147783,-0.002183571609833104,-0.002170518214051595,,,1.3053395781508978e-05
12,0.2,1,2.242796379968867,-0.005678757740612713,-0.005590602481498837,-0.013909971714019753,-0.013780540227889992,8.815525911387567e-05
12,0.2,2,2.9903951732918226,-0.00265301778579227,-0.0025979430409805854,-0.010272061824798562,-0.010267502069473244,5.507474481168456e-05
12,0.2,3,3.7379939666147783,-0.0023154466421934547,-0.0023010222801408985,-0.012627130746841408,-0.012616521120071389,1.4424362052556199e-05
13,0.21666666666666667,1,2.242796379968867,-0.005803271977716859,-0.005703285505982791,,,9.99864717340683e-05
13,0.21666666666666667,2,2.9903951732918226,-0.0025718958639893434,-0.0025041850253985833,,,6.77108385907601e-05
13,0.21666666666666667,3,3.7379939666147783,-0.002442523799244561,-0.002425268336111957,,,1.725546313260419e-05
14,0.23333333333333334,1,2.242796379968867,-0.005901977158357257,-0.005790397256770873,-0.013982480764389016,-0.013834601640701272,0.00011157990158638421
14,0.23333333333333334,2,2.9903951732918226,-0.0024550406638800845,-0.002374574502366696,-0.009995406866073586,-0.009987539052963235,8.046616151338856e-05
14,0.23333333333333334,3,3.7379939666147783,-0.0025623289918178063,-0.002540663063652601,-0.01260060667991636,-0.01258430480957029,2.1665928165205423e-05
15,0.25,1,2.242796379968867,-0.005967751452204222,-0.005845948749276958,,,0.00012180270292726399
15,0.25,2,2.9903951732918226,-0.0023075788697574447,-0.0022186786818160754,,,8.890018794136933e-05
15,0.25,3,3.7379939666147783,-0.002673581435458939,-0.0026482790184153815,,,2.530241704355729e-05
16,0.26666666666666666,1,2.242796379968867,-0.005999251927034635,-0.005866244724449958,-0.01399613022804258,-0.013836807012557961,0.00013300720258467742
16,0.26666666666666666,2,2.9903951732918226,-0.0021323410760620515,-0.002034112643116057,-0.009669190645217873,-0.009629195928573586,9.822843294599428e-05
16,0.26666666666666666,3,3.7379939666147783,-0.0027760713814479966,-0.002746745909648481,-0.012571102380752541,-0.012548542022705056,2.932547179951544e-05
17,0.2833333333333333,1,2.242796379968867,-0.005994275376889869,-0.005858972928851904,,,0.0001353024480379647
17,0.2833333333333333,2,2.9903951732918226,-0.0019316226971269985,-0.0018238574526150669,,,0.00010776524451193165
17,0.2833333333333333,3,3.7379939666147783,-0.0028712599778728224,-0.002837494149314914,,,3.376582855790832e-05
18,0.3,1,2.242796379968867,-0.005968138355841446,-0.005812719620744844,-0.013963317871093728,-0.013789898157119729,0.00015541873509660256
18,0.3,2,2.9903951732918226,-0.001705929527973449,-0.0015871374453607866,-0.00927961468696592,-0.009258753061294533,0.00011879208261266231
18,0.3,3,3.7379939666147783,-0.002958461572718086,-0.0029201358204986178,-0.012545353174209573,-0.012515580654144265,3.8325752219468216e-05
19,0.31666666666666665,1,2.242796379968867,-0.005902484304416871,-0.005728825705794225,,,0.0001736585986226464
19,0.31666666666666665,2,2.9903951732918226,-0.0014574081998247669,-0.001330956742457601,,,0.00012645145736716592
19,0.31666666666666665,3,3.7379939666147783,-0.0030395834945210125,-0.002996757770971375,,,4.282572354963755e-05
20,0.3333333333333333,1,2.242796379968867,-0.005790635715057975,-0.005612477482864777,-0.013882493972778298,-0.013707584142684914,0.00017815823219319814
20,0.3333333333333333,2,2.9903951732918226,-0.00112752615382644,-0.0011463611497914048,-0.008949702978134133,-0.00894314646720884,-1.8834995964964706e-05
20,0.3333333333333333,3,3.7379939666147783,-0.0031160561552446195,-0.003069356160048754,-0.012537842988967873,-0.012501901388168313,4.669999519586569e-05
21,0.35,1,2.242796379968867,-0.0056343825448363135,-0.005455896010298826,,,0.00017848653453748746
21,0.35,2,2.9903951732918226,-0.0011125652606278976,-0.0010910481155724226,,,2.1517145055474987e-05
21,0.35,3,3.7379939666147783,-0.003197535764478204,-0.003143653142222238,,,5.3882622255965826e-05
22,0.36666666666666664,1,2.242796379968867,-0.005457476049770607,-0.005270942730201974,-0.013761764764785744,-0.013586527109146096,0.00018653331956863285
22,0.36666666666666664,2,2.9903951732918226,-0.0010785310820570918,-0.0010683982936531985,-0.008674657344818093,-0.008684998750686623,1.0132788403893322e-05
22,0.36666666666666664,3,3.7379939666147783,-0.003265097819959233,-0.0032073409260570387,-0.012560701370239236,-0.012521153688430764,5.7756893902194406e-05
23,0.38333333333333336,1,2.242796379968867,-0.00524707156952047,-0.00506873449361194,,,0.0001783370759085301
23,0.38333333333333336,2,2.9903951732918226,-0.0010658652654320314,-0.0010683089562354376,,,-2.443690803406208e-06
23,0.38333333333333336,3,3.7379939666147783,-0.0033219010495928155,-0.0032584517240451193,,,6.344932554769615e-05
24,0.4,1,2.242796379968867,-0.005010589682793682,-0.004847749862349876,-0.013596153259277322,-0.01343918442726133,0.00016283982044380634
24,0.4,2,2.9903951732918226,-0.0010944454706444413,-0.00111268448977145,-0.008502280712127663,-0.008523976802825906,-1.823901912700876e-05
24,0.4,3,3.7379939666147783,-0.003382697780016178,-0.003311351128066294,-0.012604391574859597,-0.012557423114776589,7.134665194988418e-05
25,0.4166666666666667,1,2.242796379968867,-0.004758194251878581,-0.004606052967191217,,,0.0001521412846873637
25,0.4166666666666667,2,2.9903951732918226,-0.0011556893947960293,-0.0011829584171889752,,,-2.726902239294591e-05
25,0.4166666666666667,3,3.7379939666147783,-0.003440603457028103,-0.003357157073565323,,,8.34463834627798e-05
26,0.43333333333333335,1,2.242796379968867,-0.004485562629242063,-0.004364058168053485,-0.013397133350372292,-0.013277447223663308,0.00012150446118857836
26,0.43333333333333335,2,2.9903951732918226,-0.001221969821423773,-0.0011760145861755928,-0.008419191837310769,-0.008432275056838967,4.595523524818018e-05
26,0.43333333333333335,3,3.7379939666147783,-0.0034915359179402755,-0.0033967940086042548,-0.012659645080566384,-0.01259607672691343,9.474190933602073e-05
27,0.45,1,2.242796379968867,-0.004215017178858098,-0.004115537008784613,,,9.948017007348556e-05
27,0.45,2,2.9903951732918226,-0.0011965782358422617,-0.0011248142818899446,,,7.176395395231717e-05
27,0.45,3,3.7379939666147783,-0.0035379974548490367,-0.0034287722444079106,,,0.00010922521044112602
28,0.4666666666666667,1,2.242796379968867,-0.003941401662467562,-0.0038658826660125704,-0.013199514150619485,-0.013103044033050515,7.551899645499198e-05
28,0.4666666666666667,2,2.9903951732918226,-0.0011468679580914059,-0.0010488479228269194,-0.008360302448272683,-0.008362567424774148,9.802003526448652e-05
28,0.4666666666666667,3,3.7379939666147783,-0.003578081921375807,-0.0034535676842716587,-0.012717580795288064,-0.012632763385772683,0.00012451423710414843
29,0.48333333333333334,1,2.242796379968867,-0.0036707369829400457,-0.003623441010906224,,,4.729597203382164e-05
29,0.48333333333333334,2,2.9903951732918226,-0.0010786503112006447,-0.0009293109113867632,,,0.0001493393998138815
29,0.48333333333333334,3,3.7379939666147783,-0.0036137549095911353,-0.003474012104794775,,,0.0001397428047963602
30,0.5,1,2.242796379968867,-0.00340290374225219,-0.003387793728184303,-0.012984728813171365,-0.012920504808425881,1.5110014067887083e-05
30,0.5,2,2.9903951732918226,-0.000996664231426672,-0.000989273206685066,-0.008338785171508767,-0.00836834907531736,7.3910247416061545e-06
30,0.5,3,3.7379939666147783,-0.003644868649664132,-0.0034867971505633875,-0.012804871797561623,-0.012691295146942116,0.00015807149910074432
31,0.5166666666666667,1,2.242796379968867,-0.0031420438865438927,-0.003158733095684527,,,-1.668920914063435e-05
31,0.5166666666666667,2,2.9903951732918226,-0.0009055883649351805,-0.0009741932532227773,,,-6.86048882875968e-05
31,0.5166666666666667,3,3.7379939666147783,-0.0036713631892634066,-0.003488257623132003,,,0.00018310556613140372
32,0.5333333333333333,1,2.242796379968867,-0.0028910786987119985,-0.002937153163103731,-0.012761569023132302,-0.012728279829025246,-4.607446439173265e-05
32,0.5333333333333333,2,2.9903951732918226,-0.000957027127507934,-0.0009466856036629201,-0.008389151096343972,-0.008407181501388528,1.034152384501389e-05
32,0.5333333333333333,3,3.7379939666147783,-0.003696426641380437,-0.0034811646712492763,-0.012860929965972878,-0.012707209587097146,0.00021526197013116075
33,0.55,1,2.242796379968867,-0.002653971450060883,-0.002722457109204927,,,-6.848565914404411e-05
33,0.55,2,2.9903951732918226,-0.0009622424736994181,-0.0009102374571346935,,,5.200501656472457e-05
33,0.55,3,3.7379939666147783,-0.003713086296554893,-0.0034642665577877168,,,0.0002488197387671763
34,0.5666666666666667,1,2.242796379968867,-0.002436354788784464,-0.0025159866840525976,-0.012552744150161721,-0.012526547908782937,-7.963189526813364e-05
34,0.5666666666666667,2,2.9903951732918226,-0.0009759813526164509,-0.0008665769607003823,-0.008496946096420266,-0.008465713262557961,0.00010940439191606862
34,0.5666666666666667,3,3.7379939666147783,-0.0037259309568952828,-0.0034401863239054763,-0.012917494773864724,-0.012709534168243386,0.0002857446329898065
35,0.5833333333333334,1,2.242796379968867,-0.002241030430876417,-0.002320572650967177,,,-7.954222009076001e-05
35,0.5833333333333334,2,2.9903951732918226,-0.0010113864974583033,-0.0009229630572113372,,,8.842344024696607e-05
35,0.5833333333333334,3,3.7379939666147783,-0.0037346927790281293,-0.003407016472185524,,,0.0003276763068426054
36,0.6,1,2.242796379968867,-0.002071574406244286,-0.0021356193708703237,-0.012370383739471413,-0.012323385477066018,-6.404496462603755e-05
36,0.6,2,2.9903951732918226,-0.0010595471341025902,-0.000930056009094063,-0.0086450934410095,-0.008543169498443581,0.0001294911250085272
36,0.6,3,3.7379939666147783,-0.003740891681214018,-0.0033620446240519414,-0.012964850664138772,-0.012683814764022805,0.0003788470571620766
37,0.6166666666666667,1,2.242796379968867,-0.0019381791178637382,-0.00196735546879391,,,-2.9176350930171756e-05
37,0.6166666666666667,2,2.9903951732918226,-0.0011202246353824012,-0.0009346753784475912,,,0.00018554925693480993
37,0.6166666666666667,3,3.7379939666147783,-0.003751382157048569,-0.003296151945460453,,,0.000455230211588116
38,0.6333333333333333,1,2.242796379968867,-0.0018320232979099579,-0.0018203408683994953,-0.012241309881210305,-0.012138611078262307,1.1682429510462625e-05
38,0.6333333333333333,2,2.9903951732918226,-0.0011892468256724312,-0.0009415894866149884,-0.008812522888183572,-0.008618986606597878,0.0002476573390574428
38,0.6333333333333333,3,3.7379939666147783,-0.00375036887820818,-0.003232672897066773,-0.012997096776962258,-0.012621766328811623,0.0005176959811414067
39,0.65,1,2.242796379968867,-0.0017495601326819685,-0.0016916840096362217,,,5.7876123045746877e-05
39,0.65,2,2.9903951732918226,-0.0012718589428899578,-0.0009508282253220452,,,0.00032103071756791257
39,0.65,3,3.7379939666147783,-0.003742739395179468,-0.00317551214888234,,,0.0005672272462971277
40,0.6666666666666666,1,2.242796379968867,-0.0016847401786228397,-0.0015850514419880383,-0.012141174077987649,-0.011980390548706032,9.968873663480145e-05
40,0.6666666666666666,2,2.9903951732918226,-0.0013625175073790161,-0.0009432882485909011,-0.009009158611297585,-0.008699750900268532,0.000419229258788115
40,0.6666666666666666,3,3.7379939666147783,-0.003728493876842241,-0.0030934363939309944,-0.013005232810974099,-0.012537306547164895,0.0006350574829112467
41,0.6833333333333333,1,2.242796379968867,-0.0016453415329912065,-0.0014957040603184434,,,0.00014963747267276312
41,0.6833333333333333,2,2.9903951732918226,-0.001461044013183891,-0.0009587556123298315,,,0.0005022884008540594
41,0.6833333333333333,3,3.7379939666147783,-0.003716126133076061,-0.0029978602183497187,,,0.0007182659147263425
42,0.7,1,2.242796379968867,-0.0016249268353140745,-0.0014236123106612605,-0.012070453166961648,-0.011844283342361428,0.000201314524652814
42,0.7,2,2.9903951732918226,-0.0015680639911087165,-0.0009789316828400516,-0.009184455871582009,-0.00879806876182554,0.000589132308268665
42,0.7,3,3.7379939666147783,-0.003700330973632265,-0.0028956978991857203,-0.013001179695129372,-0.01243171691894529,0.0008046330744465448
43,0.7166666666666667,1,2.242796379968867,-0.0016159265548941226,-0.0013670176475889919,,,0.0002489089073051307
43,0.7166666666666667,2,2.9903951732918226,-0.0016685873317483862,-0.0010017603484746038,,,0.0006668269832737824
43,0.7166666666666667,3,3.7379939666147783,-0.003686532311263649,-0.0027875153526713548,,,0.0008990169585922944
44,0.7333333333333333,1,2.242796379968867,-0.0016146152031948522,-0.0013198702897850943,-0.012006258964538552,-0.011724686622619607,0.000294744913409758
44,0.7333333333333333,2,2.9903951732918226,-0.0017650276653007058,-0.0010234267832792301,-0.009329354763030984,-0.008869773149490334,0.0007416008820214756
44,0.7333333333333333,3,3.7379939666147783,-0.003665670588738099,-0.002681806726445799,-0.012987589836120583,-0.012302076816558816,0.0009838638622922998
45,0.75,1,2.242796379968867,-0.0016218869987929064,-0.001270726434906016,,,0.0003511605638868904
45,0.75,2,2.9903951732918226,-0.0018599779723182334,-0.001037910591023756,,,0.0008220673812944774
45,0.75,3,3.7379939666147783,-0.0036441534436826243,-0.0025800316486786364,,,0.001064121795003988
46,0.7666666666666667,1,2.242796379968867,-0.0016264170307286737,-0.001210704525035937,-0.0119429290294647,-0.011598980426788308,0.00041571250569273676
46,0.7666666666666667,2,2.9903951732918226,-0.0019517690447912336,-0.0010454208449089154,-0.009452021121978738,-0.008912152051925637,0.0009063481998823181
46,0.7666666666666667,3,3.7379939666147783,-0.0036274941262677816,-0.0024739354432966316,-0.012961184978485085,-0.012168353796005227,0.00115355868297115
47,0.7833333333333333,1,2.242796379968867,-0.0016281157927045872,-0.0011419503469991894,,,0.0004861654457053977
47,0.7833333333333333,2,2.9903951732918226,-0.0020333974371345488,-0.0010489374291244866,,,0.0009844600080100622
47,0.7833333333333333,3,3.7379939666147783,-0.0036154540093266616,-0.0023707897370180355,,,0.001244664272308626
48,0.8,1,2.242796379968867,-0.0016199796702556805,-0.0010666101942595242,-0.011870181560516335,-0.011462455987930276,0.0005533694759961563
48,0.8,2,2.9903951732918226,-0.0021010787217591305,-0.0010475070171614706,-0.009513205289840676,-0.008897876739501931,0.0010535717045976598
48,0.8,3,3.7379939666147783,-0.003602906915205733,-0.002270594360963039,-0.012936747074127175,-0.012027388811111428,0.0013323125542426943
49,0.8166666666666667,1,2.242796379968867,-0.0016036479796658976,-0.0009690969672950388,,,0.0006345510123708588
49,0.8166666666666667,2,2.9903951732918226,-0.0021476594878114437,-0.0010445864097838545,,,0.0011030730780275892
49,0.8166666666666667,3,3.7379939666147783,-0.0035875885034563405,-0.0021689383434596214,,,0.001418650159996719
50,0.8333333333333334,1,2.242796379968867,-0.0015709845984863322,-0.0008742363354548857,-0.01178891062736509,-0.01133049130439756,0.0006967482630314465
50,0.8333333333333334,2,2.9903951732918226,-0.0021763889827730045,-0.001064166334576312,-0.00953087806701658,-0.008896178007125832,0.0011122226481966925
50,0.8333333333333334,3,3.7379939666147783,-0.0035626442804828616,-0.0020680277614231165,-0.012903696298599221,-0.011874562501907326,0.001494616519059745
51,0.85,1,2.242796379968867,-0.001521006308482193,-0.0007745177070942926,,,0.0007464886013879004
51,0.85,2,2.9903951732918226,-0.002192422600503905,-0.001060858485801861,,,0.0011315641147020441
51,0.85,3,3.7379939666147783,-0.003560736951945635,-0.001976832665788072,,,0.001583904286157563
52,0.8666666666666667,1,2.242796379968867,-0.0014602989154765913,-0.0006746798495901468,-0.01169646382331846,-0.011189705133438088,0.0007856190658864445
52,0.8666666666666667,2,2.9903951732918226,-0.0021843759843525666,-0.0010316817971120756,-0.009494251012802102,-0.008840388059616067,0.001152694187240491
52,0.8666666666666667,3,3.7379939666147783,-0.0035604984936585303,-0.001885995257583685,-0.012882655858993508,-0.011727070808410622,0.0016745032360748454
53,0.8833333333333333,1,2.242796379968867,-0.0013978034230773158,-0.0005788952763273653,,,0.0008189081467499504
53,0.8833333333333333,2,2.9903951732918226,-0.0021570174556620535,-0.0010141880445721733,,,0.0011428294110898802
53,0.8833333333333333,3,3.7379939666147783,-0.003566071358400865,-0.0017997772187328264,,,0.0017662941396680387
54,0.9,1,2.242796379968867,-0.001336172257528892,-0.0004938691911524182,-0.011613881587982156,-0.011100178956985451,0.0008423030663764737
54,0.9,2,2.9903951732918226,-0.0021145789735092517,-0.0009897202315334841,-0.009398674964904763,-0.008782064914703347,0.0011248587419757676
54,0.9,3,3.7379939666147783,-0.0035711676443286036,-0.0017115027304753973,-0.012862479686737038,-0.011579787731170632,0.0018596649138532062
55,0.9166666666666666,1,2.242796379968867,-0.0012795179798848477,-0.000421032343787935,,,0.0008584856360969128
55,0.9166666666666666,2,2.9903951732918226,-0.0020605175075379565,-0.0009628683422631655,,,0.001097649165274791
55,0.9166666666666666,3,3.7379939666147783,-0.0035828502427188726,-0.001630023121241813,,,0.0019528271214770596
56,0.9333333333333333,1,2.242796379968867,-0.0012191684431897098,-0.00037045773918622686,-0.011539554595947243,-0.011058723926544167,0.000848710704003483
56,0.9333333333333333,2,2.9903951732918226,-0.0019837467739554685,-0.0009441525754417532,-0.009216612577438332,-0.008699989318847634,0.0010395941985137153
56,0.9333333333333333,3,3.7379939666147783,-0.0035996286203974605,-0.0015524476753802489,-0.012849515676498391,-0.0114013612270355,0.0020471809450172116
57,0.95,1,2.242796379968867,-0.001158490773030093,-0.0003962367350443799,,,0.0007622540379857131
57,0.95,2,2.9903951732918226,-0.0018946677422987707,-0.0008906571945826226,,,0.001004010547716148
57,0.95,3,3.7379939666147783,-0.0036172421087203354,-0.0014812499754199024,,,0.002135992133300433
58,0.9666666666666667,1,2.242796379968867,-0.0011164099783079486,-0.0004177839407054535,-0.011481648683547951,-0.011069869995117165,0.000698626037602495
58,0.9666666666666667,2,2.9903951732918226,-0.001789674153174917,-0.0008540600960648592,-0.009031927585601784,-0.008601939678192116,0.0009356140571100578
58,0.9666666666666667,3,3.7379939666147783,-0.0036380440477943032,-0.0014201551721376585,-0.012837743759155251,-0.011285132169723489,0.0022178888756566447
59,0.9833333333333333,1,2.242796379968867,-0.0010725706381583084,-0.00044851010162200085,,,0.0006240605365363076
59,0.9833333333333333,2,2.9903951732918226,-0.0016700775271629854,-0.0008062571468512292,,,0.0008638203803117562
59,0.9833333333333333,3,3.7379939666147783,-0.003661051557144184,-0.001365587066746169,,,0.002295464490398015
60,1.0,1,2.242796379968867,-0.0010270923194843386,-0.0004855841167139744,-0.011450862884521462,-0.011093920469284035,0.0005415082027703642
60,1.0,2,2.9903951732918226,-0.0015331357628410747,-0.0007427780984575491,-0.008812582492828347,-0.008468514680862405,0.0007903576643835256
60,1.0,3,3.7379939666147783,-0.0036807505422003874,-0.0013125984941870397,-0.012824720144271828,-0.011186277866363503,0.0023681520480133477
61,1.0166666666666666,1,2.242796379968867,-0.0009935348886079363,-0.0005202443327283336,,,0.0004732905558796027
61,1.0166666666666666,2,2.9903951732918226,-0.0013837068567296253,-0.0006690770931220204,,,0.0007146297636076049
61,1.0166666666666666,3,3.7379939666147783,-0.003699913671629831,-0.0012696535414938506,,,0.0024302601301359806
62,1.0333333333333334,1,2.242796379968867,-0.0009751469174913905,-0.0005515068559110606,-0.011439418792724587,-0.011118268966674782,0.0004236400615803299
62,1.0333333333333334,2,2.9903951732918226,-0.0012277215298814362,-0.0005670637259475588,-0.008608704805374123,-0.008293187618255593,0.0006606578039338774
62,1.0333333333333334,3,3.7379939666147783,-0.003723904399214504,-0.0012337714800777877,-0.012808179855346657,-0.011106556653976418,0.0024901329191367163
63,1.05,1,2.242796379968867,-0.000979766117965112,-0.0005864352530585096,,,0.0003933308649066024
63,1.05,2,2.9903951732918226,-0.0010629446580544162,-0.0005308239771008392,,,0.000532120680953577
63,1.05,3,3.7379939666147783,-0.003749772732490418,-0.0012068003616639172,,,0.0025429723708265007
64,1.0666666666666667,1,2.242796379968867,-0.0010164826145062345,-0.0006354301559480507,-0.011478877067565896,-0.01116628050804136,0.0003810524585581838
64,1.0666666666666667,2,2.9903951732918226,-0.0009021908409833548,-0.0005714446370139821,-0.008386349678039529,-0.008141255378723122,0.0003307462039693727
64,1.0666666666666667,3,3.7379939666147783,-0.003763660732276795,-0.0011948497510203644,-0.012798613309860207,-0.011051422357559182,0.0025688109812564306
65,1.0833333333333333,1,2.242796379968867,-0.001072660144455876,-0.0006899087550419722,,,0.00038275138941390387
65,1.0833333333333333,2,2.9903951732918226,-0.0007407218179307856,-0.0005927234926621592,,,0.00014799832526862637
65,1.0833333333333333,3,3.7379939666147783,-0.003813997047471205,-0.0011928231933395856,,,0.0026211738541316192
66,1.1,1,2.242796379968867,-0.0011406094413337411,-0.0007515103666242179,-0.011559671163558938,-0.01125512123107908,0.00038909907470952325
66,1.1,2,2.9903951732918226,-0.000582143679409847,-0.0006052405261774891,-0.00820425748825071,-0.008027023077011086,-2.3096846767642126e-05
66,1.1,3,3.7379939666147783,-0.0038651674600310615,-0.00120542939539287,-0.0128184914588928,-0.01102093458175657,0.0026597380646381915
67,1.1166666666666667,1,2.242796379968867,-0.0012387782597079585,-0.0008288770770446619,,,0.00040990118266329666
67,1.1166666666666667,2,2.9903951732918226,-0.0005269795971804018,-0.000587865665021526,,,-6.0886067841124224e-05
67,1.1166666666666667,3,3.7379939666147783,-0.003934010637725955,-0.001230224835256619,,,0.0027037858024693364
68,1.1333333333333333,1,2.242796379968867,-0.0013587921877223244,-0.0009087771534458859,-0.011685556173324563,-0.011341995000839211,0.00045001503427643847
68,1.1333333333333333,2,2.9903951732918226,-0.0005851835159310151,-0.0005442053374670214,-0.008128947019577004,-0.007893180847167947,4.097817846399369e-05
68,1.1333333333333333,3,3.7379939666147783,-0.004007801149359053,-0.0012595803676617324,-0.012882298231124856,-0.01105338931083677,0.0027482207816973206
69,1.15,1,2.242796379968867,-0.0014950781917546967,-0.0009928792971982043,,,0.0005021988945564924
69,1.15,2,2.9903951732918226,-0.0006411224187137447,-0.0004852264292833169,,,0.0001558959894304278
69,1.15,3,3.7379939666147783,-0.004078105306261981,-0.0012963860327408097,,,0.0027817192735211716
70,1.1666666666666667,1,2.242796379968867,-0.0016500203480367044,-0.0010887234850327624,-0.011846399307250954,-0.011434501409530617,0.0005612968630039419
70,1.1666666666666667,2,2.9903951732918226,-0.0007259100456015869,-0.00040788944170885784,-0.008163607120513894,-0.007798469066619851,0.0003180206038927291
70,1.1666666666666667,3,3.7379939666147783,-0.004145964759082665,-0.0013375133320741475,-0.012942230701446511,-0.011055028438568093,0.0028084514270085175
71,1.1833333333333333,1,2.242796379968867,-0.001814022737070054,-0.0011841804314704847,,,0.0006298423055995693
71,1.1833333333333333,2,2.9903951732918226,-0.000825569059390404,-0.0004435330448378149,,,0.0003820360145525891
71,1.1833333333333333,3,3.7379939666147783,-0.0042095334826537205,-0.001375094155466122,,,0.0028344393271875984
72,1.2,1,2.242796379968867,-0.0019928662835189737,-0.001272663486289227,-0.012030696868896462,-0.011517292261123635,0.0007202027972297467
72,1.2,2,2.9903951732918226,-0.0009519011187342108,-0.00044731797906628277,-0.008250480890274026,-0.007819062471389748,0.0005045831396679281
72,1.2,3,3.7379939666147783,-0.004273757122115279,-0.0014171450584624747,-0.0129921495914459,-0.011064445972442605,0.0028566120636528045
73,1.2166666666666666,1,2.242796379968867,-0.0021735876045389413,-0.0013608187454031031,,,0.0008127688591358382
73,1.2166666666666666,2,2.9903951732918226,-0.00110064437283033,-0.0004661828667570388,,,0.0006344615060732911
73,1.2166666666666666,3,3.7379939666147783,-0.004343286458464924,-0.0014595538177692917,,,0.0028837326406956324
74,1.2333333333333334,1,2.242796379968867,-0.0023538916235564746,-0.0014495998730807264,-0.012221431732177712,-0.011598533391952492,0.0009042917504757482
74,1.2333333333333334,2,2.9903951732918226,-0.0012746304293982293,-0.00048126282021932707,-0.008393621444702126,-0.007882213592529275,0.0007933676091789023
74,1.2333333333333334,3,3.7379939666147783,-0.004417672946935973,-0.0014968960139943549,-0.01305810213088987,-0.011078900098800637,0.0029207769329416184
75,1.25,1,2.242796379968867,-0.002532616447501262,-0.0015362948285057953,,,0.0009963216189954665
75,1.25,2,2.9903951732918226,-0.0014546066527108973,-0.0005172044962071653,,,0.000937402156503732
75,1.25,3,3.7379939666147783,-0.004501834705260069,-0.0015356689599420482,,,0.0029661657453180206
76,1.2666666666666666,1,2.242796379968867,-0.0027143208178762143,-0.0016229897839308638,-0.012407398223876931,-0.01168314218521116,0.0010913310339453505
76,1.2666666666666666,2,2.9903951732918226,-0.0016637295041077526,-0.000555887766977484,-0.008601671457290627,-0.007919317483901955,0.0011078417371302685
76,1.2666666666666666,3,3.7379939666147783,-0.004590138578603867,-0.001568183220252269,-0.013150668144226052,-0.01108778119087217,0.0030219553583515977
77,1.2833333333333334,1,2.242796379968867,-0.0028925688941265986,-0.0017084628939542292,,,0.0011841060001723694
77,1.2833333333333334,2,2.9903951732918226,-0.0018949955380036369,-0.0005980879597229875,,,0.0012969075782806494
77,1.2833333333333334,3,3.7379939666147783,-0.004679277731471762,-0.001600161287176118,,,0.0030791164442956443
78,1.3,1,2.242796379968867,-0.00295861069358743,-0.0017885119223449903,-0.012586927413940407,-0.011760061979293801,0.0011700987712424398
78,1.3,2,2.9903951732918226,-0.002140119848839913,-0.0006500333617159356,-0.008855020999908425,-0.007963663339614846,0.0014900864871239775
78,1.3,3,3.7379939666147783,-0.004767552219729189,-0.0016237347127583566,-0.013239032030105569,-0.011091029644012429,0.0031438175069708326
79,1.3166666666666667,1,2.242796379968867,-0.0031170098195132325,-0.0018638522439644624,,,0.00125315757554877
79,1.3166666666666667,2,2.9903951732918226,-0.0023943932232058725,-0.0006995946874772544,,,0.0016947985357286181
79,1.3166666666666667,3,3.7379939666147783,-0.004872813989986133,-0.0016457289432678488,,,0.0032270850467182844
80,1.3333333333333333,1,2.242796379968867,-0.0032633988891035133,-0.0019303709599995042,-0.012758022546768166,-0.01182214021682737,0.001333027929104009
80,1.3333333333333333,2,2.9903951732918226,-0.0026517956026309536,-0.0007473976366908842,-0.009137517213821389,-0.008015280961990334,0.0019043979659400694
80,1.3333333333333333,3,3.7379939666147783,-0.0049427596150593694,-0.0016675144383362203,-0.012785530090332009,-0.011091387271881081,0.003275245176723149
81,1.35,1,2.242796379968867,-0.0033976286126091225,-0.001991048630159121,,,0.0014065799824500014
81,1.35,2,2.9903951732918226,-0.0029123575543601754,-0.0007988661221096226,,,0.0021134914322505525
81,1.35,3,3.7379939666147783,-0.005002930983558406,-0.001685276709768826,,,0.0033176542737895797
82,1.3666666666666667,1,2.242796379968867,-0.0034837277600760414,-0.002060011205877375,-0.0129081070423126,-0.011880642175674416,0.0014237165541986663
82,1.3666666666666667,2,2.9903951732918226,-0.0031291992262035035,-0.0008478611938789703,-0.009426242113113381,-0.008061563968658425,0.002281338032324533
82,1.3666666666666667,3,3.7379939666147783,-0.005055204350136025,-0.0016978829118221104,-0.01284009814262388,-0.011083012819290139,0.0033573214383139146
83,1.3833333333333333,1,2.242796379968867,-0.0036071689348882176,-0.002122267902229933,,,0.0014849010326582848
83,1.3833333333333333,2,2.9903951732918226,-0.003374323199280167,-0.0008956342513668086,,,0.002478688947913358
83,1.3833333333333333,3,3.7379939666147783,-0.0050910862426722815,-0.00170020754236177,,,0.0033908787003105114
84,1.4,1,2.242796379968867,-0.0037107618348950397,-0.0021706374431951472,-0.013045883178710915,-0.011930680274963357,0.0015401243916998925
84,1.4,2,2.9903951732918226,-0.0036036521817928396,-0.0009255558688840869,-0.009686148166656472,-0.008078640699386574,0.0026780963129087528
84,1.4,3,3.7379939666147783,-0.005112513712550381,-0.0016994923363802621,-0.012796914577484109,-0.011061078310012795,0.0034130213761701185
85,1.4166666666666667,1,2.242796379968867,-0.0038109572109500368,-0.0022075025539661937,,,0.001603454656983843
85,1.4166666666666667,2,2.9903951732918226,-0.0038227588696040523,-0.000948026847087982,,,0.0028747320225160702
85,1.4166666666666667,3,3.7379939666147783,-0.005108698886596121,-0.0016791671450006982,,,0.003429531741595423
86,1.4333333333333333,1,2.242796379968867,-0.0039022715357286335,-0.002240702466291745,-0.013150101900100686,-0.011965131759643532,0.0016615690694368884
86,1.4333333333333333,2,2.9903951732918226,-0.004022285125983386,-0.0009612590865848202,-0.009904271364212014,-0.00807378292083738,0.0030610260393985657
86,1.4333333333333333,3,3.7379939666147783,-0.005088404093581769,-0.001645520376706535,-0.012678480148315407,-0.011014914512634255,0.0034428837168752335
87,1.45,1,2.242796379968867,-0.003981545743566111,-0.002269849094375932,,,0.001711696649190179
87,1.45,2,2.9903951732918226,-0.004201904168504814,-0.0009675176033424853,,,0.003234386565162328
87,1.45,3,3.7379939666147783,-0.005060449419173494,-0.0016165525923376766,,,0.003443896826835818
88,1.4666666666666666,1,2.242796379968867,-0.004048899063606018,-0.0022932441828822626,-0.013219153881072976,-0.011996364593505837,0.0017556548807237554
88,1.4666666666666666,2,2.9903951732918226,-0.004362002225286335,-0.0009627491131196129,-0.01006892919540403,-0.00799736976623533,0.003399253112166722
88,1.4666666666666666,3,3.7379939666147783,-0.004991635457685167,-0.001580581024624047,-0.01249755024909971,-0.010957455635070779,0.00341105443306112
89,1.4833333333333334,1,2.242796379968867,-0.004108145984043007,-0.002305611926648442,,,0.0018025340573945654
89,1.4833333333333334,2,2.9903951732918226,-0.00449962930386396,-0.0009587257206040401,,,0.0035409035832599197
89,1.4833333333333334,3,3.7379939666147783,-0.004898742106713629,-0.0015368908053437508,,,0.0033618513013698777
90,1.5,1,2.242796379968867,-0.004158810094942282,-0.002237066484052814,-0.013235038518905617,-0.012010908126831032,0.001921743610889468
90,1.5,2,2.9903951732918226,-0.004619642894118713,-0.0009538977846891982,-0.010188049077987649,-0.007964944839477517,0.003665745109429515
90,1.5,3,3.7379939666147783,-0.004783436378831133,-0.0014905780515447205,-0.012227511405944802,-0.010894095897674538,0.003292858327286413
91,1.5166666666666666,1,2.242796379968867,-0.004199906995910406,-0.0022397488020231317,,,0.0019601581938872743
91,1.5166666666666666,2,2.9903951732918226,-0.0047336068719367255,-0.000943407308854647,,,0.0037901995630820785
91,1.5166666666666666,3,3.7379939666147783,-0.004648253159936722,-0.001447185736243499,,,0.0032010674236932226
92,1.5333333333333334,1,2.242796379968867,-0.0042344483205408266,-0.0022387355231827423,-0.013271188735961892,-0.012018418312072732,0.0019957127973580843
92,1.5333333333333334,2,2.9903951732918226,-0.004819706357163257,-0.0009322315187643788,-0.010285323858261086,-0.007929152250289895,0.0038874748383988782
92,1.5333333333333334,3,3.7379939666147783,-0.004471823412565417,-0.0013957172508247606,-0.011891251802444436,-0.01082528233528135,0.003076106161740657
93,1.55,1,2.242796379968867,-0.004002555911441776,-0.0022296459053450296,,,0.0017729100060967463
93,1.55,2,2.9903951732918226,-0.004871145119736011,-0.0009222775740758138,,,0.003948867545660198
93,1.55,3,3.7379939666147783,-0.004284187983378054,-0.001323655224013562,,,0.0029605327593644924
94,1.5666666666666667,1,2.242796379968867,-0.004027739437101394,-0.0022169797509603555,-0.013320720195770241,-0.012011891603469826,0.0018107596861410384
94,1.5666666666666667,2,2.9903951732918226,-0.004910632765025791,-0.0009092241782943044,-0.01032859683036802,-0.007883346080780007,0.004001408586731486
94,1.5666666666666667,3,3.7379939666147783,-0.004158213949224519,-0.001247122948718179,-0.011505401134490945,-0.01074213385581968,0.0029110910005063404
95,1.5833333333333333,1,2.242796379968867,-0.00406132608418436,-0.0021957309559177767,,,0.001865595128266583
95,1.5833333333333333,2,2.9903951732918226,-0.004930451823624579,-0.0008793027296568326,,,0.004051149093967746
95,1.5833333333333333,3,3.7379939666147783,-0.003953084091978027,-0.0011659414123434755,,,0.002787142679634551
96,1.6,1,2.242796379968867,-0.00409050311063376,-0.002166375423512663,-0.013353800773620583,-0.011989152431488015,0.0019241276871210964
96,1.6,2,2.9903951732918226,-0.0049214513743248214,-0.0008512585489509892,-0.010329461097717263,-0.007818347215652444,0.004070192825373832
96,1.6,3,3.7379939666147783,-0.0037355868287249666,-0.0010737627607140267,-0.011109983921051003,-0.010639554262161233,0.00266182406801094
97,1.6166666666666667,1,2.242796379968867,-0.004113956969312833,-0.0021362155165880864,,,0.001977741452724747
97,1.6166666666666667,2,2.9903951732918226,-0.00489096316505596,-0.0008147805106969712,,,0.004076182654358989
97,1.6166666666666667,3,3.7379939666147783,-0.0035136492087135137,-0.0009811073613901745,,,0.0025325418473233392
98,1.6333333333333333,1,2.242796379968867,-0.00415201504703863,-0.0020992906223654567,-0.013376927375793435,-0.011955267190933205,0.0020527244246731735
98,1.6333333333333333,2,2.9903951732918226,-0.004845723304669095,-0.0007717163288602294,-0.010267412662506081,-0.007796591520309426,0.004074006975808866
98,1.6333333333333333,3,3.7379939666147783,-0.003308042772652423,-0.0008893162889171741,-0.010713493824005105,-0.01052463650703428,0.0024187264837352493
99,1.65,1,2.242796379968867,-0.004179612034016247,-0.002061084099289541,,,0.0021185279347267064
99,1.65,2,2.9903951732918226,-0.004784926574245733,-0.0007076710264745782,,,0.004077255547771155
99,1.65,3,3.7379939666147783,-0.0030718891882699204,-0.0007849782912030523,,,0.0022869108970668683
100,1.6666666666666667,1,2.242796379968867,-0.004205271294091428,-0.0020180790253851552,-0.013404107093811013,-0.011912769079208352,0.002187192268706273
100,1.6666666666666667,2,2.9903951732918226,-0.004706725259820422,-0.0006491690348650835,-0.010144686698913552,-0.007730221748352029,0.004057556224955339
100,1.6666666666666667,3,3.7379939666147783,-0.0028211920126913087,-0.0006860940979675197,-0.01035419702529905,-0.01040721535682676,0.0021350979147237888
101,1.6833333333333333,1,2.242796379968867,-0.004232242919144718,-0.0019683391936681214,,,0.002263903725476596
101,1.6833333333333333,2,2.9903951732918226,-0.0046149048022610505,-0.000600859446231259,,,0.0040140453560297915
101,1.6833333333333333,3,3.7379939666147783,-0.002582237050074743,-0.0005932301320823539,,,0.0019890069179923893
102,1.7,1,2.242796379968867,-0.004262283596925744,-0.0019184500722019366,-0.01343310475349424,-0.011859989166259743,0.002343833524723807
102,1.7,2,2.9903951732918226,-0.004510089550213108,-0.0005562454544081415,-0.009968525171279885,-0.007682120800018288,0.003953844095804966
102,1.7,3,3.7379939666147783,-0.0023422090251662055,-0.0005470067157010844,-0.010049170255660989,-0.010306543111801125,0.0017952023094651211
103,1.7166666666666666,1,2.242796379968867,-0.004291876912098735,-0.0018670408635953614,,,0.0024248360485033737
103,1.7166666666666666,2,2.9903951732918226,-0.0043881686314211285,-0.0005094258923091096,,,0.003878742739112019
103,1.7166666666666666,3,3.7379939666147783,-0.0021197049822829746,-0.0005352050570470693,,,0.0015844999252359053
104,1.7333333333333334,1,2.242796379968867,-0.004321619685900684,-0.0018126814936449917,-0.013462579250335671,-0.01180378198623655,0.0025089381922556923
104,1.7333333333333334,2,2.9903951732918226,-0.0042536703890228185,-0.0004795343353974296,-0.00974488854408262,-0.007643318176269509,0.003774136053625389
104,1.7333333333333334,3,3.7379939666147783,-0.001908853646064222,-0.0005215852383937823,-0.009809887409210183,-0.01024506092071531,0.0013872684076704396
105,1.75,1,2.242796379968867,-0.0043593200761958256,-0.0017640441093063012,,,0.0025952759668895244
105,1.75,2,2.9903951732918226,-0.004123434166306995,-0.0004632323676536317,,,0.003660201798653363
105,1.75,3,3.7379939666147783,-0.0017415731311024064,-0.0005044490044047304,,,0.001237124126697676
106,1.7666666666666666,1,2.242796379968867,-0.004409089968518458,-0.0017202942754542291,-0.013510471582412698,-0.011757856607437112,0.0026887956930642287
106,1.7666666666666666,2,2.9903951732918226,-0.004000619366697987,-0.00045980512085582126,-0.009539908170700051,-0.007629549503326394,0.0035408142458421654
106,1.7666666666666666,3,3.7379939666147783,-0.0015272943792060362,-0.00048585229784706407,-0.00966263413429258,-0.010194307565689065,0.0010414420813589721
107,1.7833333333333334,1,2.242796379968867,-0.0044726578476904765,-0.0016732067011019144,,,0.002799451146588562
107,1.7833333333333334,2,2.9903951732918226,-0.003882661550330577,-0.00047175590037918047,,,0.0034109056499513966
107,1.7833333333333334,3,3.7379939666147783,-0.0013971775545135682,-0.0004540235206723663,,,0.0009431540338412018
108,1.8,1,2.242796379968867,-0.004549488195844741,-0.0016262978015851217,-0.013593769073486306,-0.011707222461700417,0.002923190394259619
108,1.8,2,2.9903951732918226,-0.0037567169012634126,-0.00047613681144560396,-0.009352719783782937,-0.007631099224090554,0.0032805800898178085
108,1.8,3,3.7379939666147783,-0.0013064890982987182,-0.0004000216692728478,-0.009666478633880593,-0.010148233175277688,0.0009064674290258704
109,1.8166666666666667,1,2.242796379968867,-0.004629746297436236,-0.001581683809762004,,,0.003048062487674232
109,1.8166666666666667,2,2.9903951732918226,-0.003636613635831286,-0.0005041212086998644,,,0.0031324924271314216
109,1.8166666666666667,3,3.7379939666147783,-0.0012982041927400816,-0.0003616064107558122,,,0.0009365977819842694
110,1.8333333333333333,1,2.242796379968867,-0.004710510531808503,-0.0015390068693220973,-0.013689196109771706,-0.0116588234901428,0.0031715036624864056
110,1.8333333333333333,2,2.9903951732918226,-0.003509744876461687,-0.0005341022719091123,-0.009163206815719582,-0.007648772001266457,0.002975642604552575
110,1.8333333333333333,3,3.7379939666147783,-0.0012493283501142866,-0.0003631562207421877,-0.00977707505226133,-0.010126268863677956,0.0008861721293720989
111,1.85,1,2.242796379968867,-0.004791125476431622,-0.0015006512253768383,,,0.0032904742510547836
111,1.85,2,2.9903951732918226,-0.003380015630925668,-0.0005753785232319873,,,0.002804637107693681
111,1.85,3,3.7379939666147783,-0.001265987667529128,-0.0003675371318086112,,,0.0008984505357205168
112,1.8666666666666667,1,2.242796379968867,-0.004871949325375668,-0.0014706404393216056,-0.013777261972427346,-0.011625742912292458,0.003401308886054062
112,1.8666666666666667,2,2.9903951732918226,-0.0032505543976429313,-0.000620201250496225,-0.008978015184402444,-0.007676964998245217,0.0026303531471467065
112,1.8666666666666667,3,3.7379939666147783,-0.0012600272236303442,-0.0003747493128348894,-0.009923344850540139,-0.01012725234031675,0.0008852779107954548
113,1.8833333333333333,1,2.242796379968867,-0.004952207426967161,-0.0014493615836734283,,,0.003502845843293733
113,1.8833333333333333,2,2.9903951732918226,-0.003120318174927104,-0.0006532817647984172,,,0.002467036410128687
113,1.8833333333333333,3,3.7379939666147783,-0.0012962668035972572,-0.00038261708527089947,,,0.0009136497183263577
114,1.9,1,2.242796379968867,-0.00502346440373967,-0.0014316290350868074,-0.013853406906127907,-0.011607682704925515,0.003591835368652863
114,1.9,2,2.9903951732918226,-0.0029783995227008146,-0.0006942599432624111,-0.008798247575759865,-0.007706201076507546,0.0022841395794384036
114,1.9,3,3.7379939666147783,-0.0013453811045101576,-0.0003858058737816049,-0.010084158182144143,-0.010126984119415261,0.0009595752307285526
115,1.9166666666666667,1,2.242796379968867,-0.005093261414582984,-0.0014104396857361982,,,0.003682821728846786
115,1.9166666666666667,2,2.9903951732918226,-0.0028433053034645473,-0.0007423908570607135,,,0.0021009144464038338
115,1.9166666666666667,3,3.7379939666147783,-0.001403406348425249,-0.0003838688223983939,,,0.0010195375260268552
116,1.9333333333333333,1,2.242796379968867,-0.00515602508811535,-0.001382127492777072,-0.013910835981368996,-0.011580413579940774,0.003773897595338278
116,1.9333333333333333,2,2.9903951732918226,-0.0027159898570061425,-0.0007926076053519574,-0.008675760030746438,-0.007743841409683205,0.001923382251654185
116,1.9333333333333333,3,3.7379939666147783,-0.0014777033305987332,-0.0003867298152042333,-0.010239458084106423,-0.010129010677337624,0.0010909735153945
117,1.95,1,2.242796379968867,-0.005214169898933604,-0.0013540537581050501,,,0.003860116140828554
117,1.95,2,2.9903951732918226,-0.0026136486941268147,-0.0008320062509835908,,,0.0017816424431432239
117,1.95,3,3.7379939666147783,-0.0015407054624182034,-0.0004010050563874456,,,0.0011397004060307578
118,1.9666666666666666,1,2.242796379968867,-0.005268499039398569,-0.0013180225758196444,-0.013950026035308816,-0.011545485258102395,0.003950476463578925
118,1.9666666666666666,2,2.9903951732918226,-0.0025309173477657356,-0.0008602588293709411,-0.008621907234191872,-0.00777015686035154,0.0016706585183947945
118,1.9666666666666666,3,3.7379939666147783,-0.0016178637751571405,-0.0004051476780465709,-0.010382986068725564,-0.01013941168785093,0.0012127160971105696
119,1.9833333333333334,1,2.242796379968867,-0.005329414998965483,-0.0012768356619145302,,,0.004052579337050952
119,1.9833333333333334,2,2.9903951732918226,-0.002464040944300036,-0.0008881837809332322,,,0.0015758571633668038
119,1.9833333333333334,3,3.7379939666147783,-0.0017088205813848866,-0.00041873760497406664,,,0.00129008297641082
120,2.0,1,2.242796379968867,-0.005397841043537752,-0.0012599079944867917,-0.013995683193206765,-0.011494165658950783,0.00413793304905096
120,2.0,2,2.9903951732918226,-0.002411767746602222,-0.0009063332937626733,-0.008623993396759011,-0.007786428928375222,0.0015054344528395486
120,2.0,3,3.7379939666147783,-0.0018153636427355024,-0.0004211515729314875,-0.010539209842681863,-0.010151451826095559,0.001394212069804015
121,2.0166666666666666,1,2.242796379968867,-0.005479947027974502,-0.0011994689514940862,,,0.004280478076480416
121,2.0166666666666666,2,2.9903951732918226,-0.00237636260176037,-0.0009164064675947908,,,0.0014599561341655794
121,2.0166666666666666,3,3.7379939666147783,-0.0019351392813425701,-0.00043658904494462656,,,0.0014985502363979435
122,2.033333333333333,1,2.242796379968867,-0.005564466304849447,-0.001140162247605516,-0.01407954692840574,-0.01142684221267698,0.0044243040572439305
122,2.033333333333333,2,2.9903951732918226,-0.002362802735438472,-0.0009227245989242322,-0.008675968647003152,-0.007791823148727395,0.0014400781365142398
122,2.033333333333333,3,3.7379939666147783,-0.0020577161293038938,-0.0004471690270767456,-0.010702884197235085,-0.010170793533325173,0.0016105471022271481
123,2.05,1,2.242796379968867,-0.005652979251393979,-0.0010793357943361679,,,0.004573643457057811
123,2.05,2,2.9903951732918226,-0.0023592265366511253,-0.0009226352615064712,,,0.001436591275144654
123,2.05,3,3.7379939666147783,-0.0021802632544192326,-0.0004714877192460907,,,0.001708775535173142
124,2.066666666666667,1,2.242796379968867,-0.005746081675566251,-0.0010168403019368923,-0.014070188999176003,-0.01135701537132261,0.004729241373629359
124,2.066666666666667,2,2.9903951732918226,-0.0023711769784148704,-0.0009064525229062258,-0.00876081585884092,-0.007774716615676858,0.0014647244555086446
124,2.066666666666667,3,3.7379939666147783,-0.0023037044292314093,-0.00048427276501470377,-0.010847067832946755,-0.01018778085708616,0.0018194316642167056
125,2.0833333333333335,1,2.242796379968867,-0.005835846359238277,-0.0009519011187342108,,,0.004883945240504066
125,2.0833333333333335,2,2.9903951732918226,-0.002396449334852829,-0.0008714048966152242,,,0.001525044438237605
125,2.0833333333333335,3,3.7379939666147783,-0.002430245224016336,-0.0005050451501224928,,,0.0019252000738938433
126,2.1,1,2.242796379968867,-0.0059268029965862164,-0.0008421093165415,-0.014140045642852761,-0.011290228366851784,0.005084693680044716
126,2.1,2,2.9903951732918226,-0.002411767746602222,-0.0008389502508767792,-0.008828556537628152,-0.00774494409561155,0.0015728174957254427
126,2.1,3,3.7379939666147783,-0.0025552360399350806,-0.0005245357374971894,-0.010980999469757058,-0.01020470857620237,0.0020307003024378914
127,2.1166666666666667,1,2.242796379968867,-0.006009117040944858,-0.0008586794654183874,,,0.005150437575526471
127,2.1166666666666667,2,2.9903951732918226,-0.002428456955742855,-0.0007982402535458755,,,0.0016302167021969795
127,2.1166666666666667,3,3.7379939666147783,-0.002678528600517333,-0.0005609840529052224,,,0.0021175445476121105
128,2.1333333333333333,1,2.242796379968867,-0.006084844266201553,-0.0009369701172614597,-0.014229691028594948,-0.011255359649658181,0.005147874148940093
128,2.1333333333333333,2,2.9903951732918226,-0.002434626303962567,-0.0007591694036191076,-0.008895224332809426,-0.007704234123229958,0.0016754569003434594
128,2.1333333333333333,3,3.7379939666147783,-0.0027968733205219645,-0.0006017237730821111,-0.0110961854457855,-0.010243302583694436,0.0021951495474398534
129,2.15,1,2.242796379968867,-0.00615428358961421,-0.0009346753784475912,,,0.005219608211166619
129,2.15,2,2.9903951732918226,-0.002453610251917068,-0.0006935447372809027,,,0.0017600655146361654
129,2.15,3,3.7379939666147783,-0.002907141870409077,-0.0006417185644315071,,,0.00226542330597757
130,2.1666666666666665,1,2.242796379968867,-0.006218388844331251,-0.0008535831794906493,-0.014274752140045144,-0.011217212677001931,0.005364805664840601
130,2.1666666666666665,2,2.9903951732918226,-0.0024746210953119625,-0.0006270557440918457,-0.008946007490158059,-0.007651513814926125,0.0018475653512201168
130,2.1666666666666665,3,3.7379939666147783,-0.0030425937770760026,-0.0006709248070874705,-0.011182582378387429,-0.01027531027793882,0.002371668969988532
131,2.183333333333333,1,2.242796379968867,-0.00627066221090887,-0.000966265866214991,,,0.005304396344693879
131,2.183333333333333,2,2.9903951732918226,-0.0024965555423698714,-0.0005506426979400151,,,0.0019459128444298563
131,2.183333333333333,3,3.7379939666147783,-0.0031432659008254027,-0.0006999522060281052,,,0.0024433136947972977
132,2.2,1,2.242796379968867,-0.006303861954354615,-0.0009735972763848216,-0.014285689592361428,-0.01118696331977842,0.0053302646779697935
132,2.2,2,2.9903951732918226,-0.002513810836622669,-0.00046958039070886445,-0.008980697393417336,-0.007588511705398537,0.0020442304459138048
132,2.2,3,3.7379939666147783,-0.0032370536392533904,-0.0007307379815164289,-0.0112526476383209,-0.010295248031616189,0.0025063156577369615
133,2.216666666666667,1,2.242796379968867,-0.006319924957171886,-0.0009583980937789807,,,0.005361526863392906
133,2.216666666666667,2,2.9903951732918226,-0.002516821119177659,-0.0003844350763903648,,,0.002132386042787294
133,2.216666666666667,3,3.7379939666147783,-0.0033210365538621565,-0.0007574708105230017,,,0.002563565743339155
134,2.2333333333333334,1,2.242796379968867,-0.006317719555775779,-0.00085256990065026,-0.014233177900314309,-0.01112902760505674,0.005465149655125519
134,2.2333333333333334,2,2.9903951732918226,-0.002504900231380091,-0.00028763705540738716,-0.008955633640289284,-0.007519668340682961,0.0022172631759727036
134,2.2333333333333334,3,3.7379939666147783,-0.003396049248656569,-0.0007865578240354128,-0.011294877529144265,-0.010319626331329323,0.002609491424621156
135,2.25,1,2.242796379968867,-0.0062859806226582635,-0.0009362549112799515,,,0.005349725711378312
135,2.25,2,2.9903951732918226,-0.002483621375731914,-0.00020413105737283085,,,0.0022794903183590834
135,2.25,3,3.7379939666147783,-0.0034589617052986645,-0.0008100121893539057,,,0.0026489495159447585
136,2.2666666666666666,1,2.242796379968867,-0.006236866321745365,-0.000922009392942724,-0.014087444543838479,-0.011087572574615456,0.005314856928802641
136,2.2666666666666666,2,2.9903951732918226,-0.002441093218401738,-0.00015632810815920112,-0.008837229013442971,-0.007460153102874734,0.002284765110242537
136,2.2666666666666666,3,3.7379939666147783,-0.0035570709091011067,-0.000845626069636878,-0.011305308341979958,-0.010347521305084206,0.0027114448394642285
137,2.283333333333333,1,2.242796379968867,-0.00616587718834633,-0.0009115785316799491,,,0.005254298656666381
137,2.283333333333333,2,2.9903951732918226,-0.0023897736849725374,-0.00018866352475409363,,,0.0022011101602184436
137,2.283333333333333,3,3.7379939666147783,-0.00357602530308943,-0.0008728653691838389,,,0.002703159933905591
138,2.3,1,2.242796379968867,-0.006066605247074544,-0.0008780211008035468,-0.013850128650665261,-0.011041378974914529,0.0051885841462709975
138,2.3,2,2.9903951732918226,-0.0023183973101766685,-0.00018627944852246415,-0.008751457929611184,-0.007436817884445168,0.0021321178616542044
138,2.3,3,3.7379939666147783,-0.003605917197760724,-0.0008928328731327454,-0.01129118204116819,-0.01037204861640928,0.0027130843246279787
139,2.316666666666667,1,2.242796379968867,-0.005936995399561886,-0.0008426159559616947,,,0.005094379443600191
139,2.316666666666667,2,2.9903951732918226,-0.0022574512900041554,-0.00018940862246139332,,,0.002068042667542762
139,2.316666666666667,3,3.7379939666147783,-0.0036599486031264196,-0.0009227245989242322,,,0.002737224004202187
140,2.3333333333333335,1,2.242796379968867,-0.005774780941042404,-0.0007387548748217828,-0.01350552439689634,-0.011004275083541848,0.005036026066220621
140,2.3333333333333335,2,2.9903951732918226,-0.0021787732278844402,-0.00016437472431053994,-0.008630311489105202,-0.00739709138870237,0.0020143985035739
140,2.3333333333333335,3,3.7379939666147783,-0.003690078956084819,-0.0009370596235590274,-0.01126480698585508,-0.010386979579925515,0.0027530193325257914
141,2.35,1,2.242796379968867,-0.005578532979471345,-0.0007926374970777489,,,0.004785895482393596
141,2.35,2,2.9903951732918226,-0.002110496304181516,-0.000131294041128541,,,0.0019792022630529746
141,2.35,3,3.7379939666147783,-0.0036869494443862757,-0.0009583384792072045,,,0.0027286109651790715
142,2.3666666666666667,1,2.242796379968867,-0.005158916310406594,-0.000785723388910352,-0.013084119558334328,-0.011000072956085183,0.004373192921496242
142,2.3666666666666667,2,2.9903951732918226,-0.0020449312524150874,-0.00011132653717963454,-0.008504992723464944,-0.007378077507019021,0.001933604715235453
142,2.3666666666666667,3,3.7379939666147783,-0.00363169602473907,-0.0009786932245529466,-0.01123893857002256,-0.010403519868850686,0.0026530028001861233
143,2.3833333333333333,1,2.242796379968867,-0.00489152992568735,-0.0007716268225626615,,,0.004119903103124689
143,2.3833333333333333,2,2.9903951732918226,-0.0019826738805433027,-0.00012786679433073067,,,0.001854807086212572
143,2.3833333333333333,3,3.7379939666147783,-0.003624066541710358,-0.0009987205119534356,,,0.0026253460297569224
144,2.4,1,2.242796379968867,-0.0045859964635841625,-0.0007484705301030498,-0.012561327219009377,-0.010989373922348,0.0038375259334811128
144,2.4,2,2.9903951732918226,-0.0019228608749941515,-0.00014491385978182818,-0.008380627632141091,-0.007388597726821877,0.0017779470152123234
144,2.4,3,3.7379939666147783,-0.0035735814434062177,-0.0010083466609371351,-0.011204099655151345,-0.010413622856140115,0.0025652347824690826
145,2.4166666666666665,1,2.242796379968867,-0.00421269254831844,-0.0007447450415665514,,,0.0034679475067518886
145,2.4166666666666665,2,2.9903951732918226,-0.001851096752162027,-0.00016693764425749813,,,0.001684159107904529
145,2.4166666666666665,3,3.7379939666147783,-0.0035554616534227614,-0.0010290295397473565,,,0.002526432113675405
146,2.433333333333333,1,2.242796379968867,-0.004320069875914309,-0.0007421523987736086,-0.01194939613342283,-0.01099402308464048,0.0035779174771407006
146,2.433333333333333,2,2.9903951732918226,-0.001777395577946692,-0.00019024305758645393,-0.008255368471145608,-0.007395958900451638,0.001587152520360238
146,2.433333333333333,3,3.7379939666147783,-0.0035343320875237346,-0.001040294836135192,-0.011174267530441262,-0.010416483879089333,0.0024940372513885425
147,2.45,1,2.242796379968867,-0.0038367063150823977,-0.0007388741039653353,,,0.003097832211117062
147,2.45,2,2.9903951732918226,-0.0017054527802790455,-0.00020168719768961835,,,0.001503765582589427
147,2.45,3,3.7379939666147783,-0.0035106389261585235,-0.0010375230118673069,,,0.0024731159142912166
148,2.466666666666667,1,2.242796379968867,-0.0033093841849572915,-0.0007289201592767702,-0.011293745040893532,-0.011001592874526955,0.0025804640256805213
148,2.466666666666667,2,2.9903951732918226,-0.0015840976088396185,-0.00019533934351419235,-0.008193469047546365,-0.007383739948272683,0.001388758265325426
148,2.466666666666667,3,3.7379939666147783,-0.003485903100866551,-0.001032784582250033,-0.01114714741706846,-0.010403907299041726,0.002453118518616518
149,2.4833333333333334,1,2.242796379968867,-0.0027516039061689216,-0.000710561911006209,,,0.0020410419951627126
149,2.4833333333333334,2,2.9903951732918226,-0.0015036017244802451,-0.00018148123545360696,,,0.0013221204890266382
149,2.4833333333333334,3,3.7379939666147783,-0.0034546701316500025,-0.0010319202553991805,,,0.002422749876250822
150,2.5,1,2.242796379968867,-0.0021658985069384533,-0.0006227643393229901,-0.01062393784523008,-0.01099351644515989,0.0015431341676154632
150,2.5,2,2.9903951732918226,-0.0014311521185125975,-0.00015975535495701146,-0.008101618289947488,-0.007357513904571511,0.001271396763555586
150,2.5,3,3.7379939666147783,-0.0034273416635650865,-0.0010265856800641439,-0.011126405000686623,-0.010392403602600075,0.0024007559835009427
151,2.5166666666666666,1,2.242796379968867,-0.001545205771507986,-0.0006792098815259142,,,0.0008659958899820718
151,2.5166666666666666,2,2.9903951732918226,-0.0013491957615846101,-0.00012896957946868776,,,0.0012202261821159224
151,2.5166666666666666,3,3.7379939666147783,-0.003398969856034184,-0.0010235159518171845,,,0.0023754539042169995
152,2.533333333333333,1,2.242796379968867,-0.0010177343516337288,-0.0006671697645847941,-0.01007345914840696,-0.01099274158477781,0.0003505645870489347
152,2.533333333333333,2,2.9903951732918226,-0.001250818376649079,-0.00010015074708936658,-0.007981991767883279,-0.007334357500076272,0.0011506676295597125
152,2.533333333333333,3,3.7379939666147783,-0.0033688099491096086,-0.0010099261937694952,-0.01111519932746885,-0.010388886928558327,0.0023588837553401134
153,2.55,1,2.242796379968867,-0.0006191283570840596,-0.0006784350609726297,,,-5.9306703888570116e-05
153,2.55,2,2.9903951732918226,-0.0011170356779918885,-8.071960540663957e-05,,,0.0010363160725852488
153,2.55,3,3.7379939666147783,-0.003319367683612035,-0.0010293573354522223,,,0.002290010348159813
154,2.566666666666667,1,2.242796379968867,-0.0002715141002587248,-0.0006896407427886893,-0.009691929817199685,-0.011013782024383523,-0.0004181266425299645
154,2.566666666666667,2,2.9903951732918226,-0.0009687095570183968,-6.841130733242973e-05,-0.00783599019050596,-0.007321035861968972,0.0009002982496859671
154,2.566666666666667,3,3.7379939666147783,-0.003279611350549744,-0.0010355560687583041,-0.011092191934585549,-0.010406768321990945,0.00224405528179144
155,2.5833333333333335,1,2.242796379968867,6.362760295071132e-06,-0.0007036179111130204,,,-0.0007099806714080916
155,2.5833333333333335,2,2.9903951732918226,-0.0008164495498268994,-6.355347969179631e-05,,,0.0007528960701351031
155,2.5833333333333335,3,3.7379939666147783,-0.0032353251544314926,-0.0010423810083877473,,,0.0021929441460437453
156,2.6,1,2.242796379968867,0.00019760427999557484,-0.000716909765181635,-0.009469366073608376,-0.011036908626556374,-0.0009145140451772098
156,2.6,2,2.9903951732918226,-0.0006462187046414832,-6.018584746576218e-05,-0.007680869102478005,-0.007309412956237771,0.000586032857175721
156,2.6,3,3.7379939666147783,-0.0031920225143076456,-0.0010373742287575764,-0.011057054996490456,-0.010414516925811745,0.002154648285550069
157,2.6166666666666667,1,2.242796379968867,0.00032921130010264205,-0.000724926658486989,,,-0.001054137958589631
157,2.6166666666666667,2,2.9903951732918226,-0.0004830509196130009,-6.018584746576218e-05,,,0.00042286507214723873
157,2.6166666666666667,3,3.7379939666147783,-0.0031475574744740656,-0.0010486096334196208,,,0.0020989478410544447
158,2.6333333333333333,1,2.242796379968867,0.00031690300202843227,-0.000735625532003047,-0.009457087516784646,-0.011058753728866555,-0.0010525285340314793
158,2.6333333333333333,2,2.9903951732918226,-0.0004519373484198113,-6.560976021855982e-05,-0.0075605273246764915,-0.007311081886291482,0.0003863275882012515
158,2.6333333333333333,3,3.7379939666147783,-0.0030999929835475405,-0.0010360925999042905,-0.01102442145347593,-0.010411775112152077,0.00206390038364325
159,2.65,1,2.242796379968867,0.0002499073694191806,-0.0007558017713930737,,,-0.0010057091408122542
159,2.65,2,2.9903951732918226,-0.0004443674799628756,-8.557743304727302e-05,,,0.0003587900469156026
159,2.65,3,3.7379939666147783,-0.003045782396706901,-0.0010188072450458946,,,0.0020269751516610065
160,2.6666666666666665,1,2.242796379968867,0.00013707573070530156,-0.0007727892222723948,-0.00960624814033506,-0.011090999841690041,-0.0009098649529776964
160,2.6666666666666665,2,2.9903951732918226,-0.0004906207880699366,-0.00011084978948523134,-0.007531261444091775,-0.0073309600353240745,0.00037977099858470525
160,2.6666666666666665,3,3.7379939666147783,-0.002988144563068452,-0.0010116249557454082,-0.010982370376586892,-0.010394310951232888,0.001976519607323044
161,2.683333333333333,1,2.242796379968867,-3.619495100128296e-05,-0.0007831603000835871,,,-0.0007469653490823041
161,2.683333333333333,2,2.9903951732918226,-0.0005683152941952463,-0.00014092035899204686,,,0.00042739493520319944
161,2.683333333333333,3,3.7379939666147783,-0.002929523680075019,-0.0010152609379843387,,,0.0019142627420906805
162,2.7,1,2.242796379968867,-0.00028790540542028364,-0.000789001683718625,-0.009939527511596657,-0.011109089851379372,-0.0005010962782983413
162,2.7,2,2.9903951732918226,-0.0006531627045346716,-0.000172480955033655,-0.007552421092987038,-0.007353043556213357,0.0004806817495010166
162,2.7,3,3.7379939666147783,-0.0028767435051973967,-0.000990107641810126,-0.010945355892181374,-0.010388290882110573,0.0018866358633872708
163,2.716666666666667,1,2.242796379968867,-0.0006391554756047422,-0.0007907897831122988,,,-0.00015163430750755663
163,2.716666666666667,2,2.9903951732918226,-0.0007287710384074263,-0.00021044901982246537,,,0.0005183220185849609
163,2.716666666666667,3,3.7379939666147783,-0.002827152456590093,-0.0009871870344325107,,,0.0018399654221575822
164,2.7333333333333334,1,2.242796379968867,-0.001017823857931297,-0.0008037239497502558,-0.010337924957275368,-0.011131829023361184,0.00021409990818104115
164,2.7333333333333334,2,2.9903951732918226,-0.0007832795292271395,-0.00026227536155166786,-0.007547533512115456,-0.0073923826217651145,0.0005210041676754716
164,2.7333333333333334,3,3.7379939666147783,-0.0027763397314608932,-0.0009910613060787393,-0.010912752151489236,-0.010395413637161233,0.001785278425382154
165,2.75,1,2.242796379968867,-0.001390740194040575,-0.0008201152549118149,,,0.00057062493912876
165,2.75,2,2.9903951732918226,-0.0008219629688772647,-0.0003167242377996048,,,0.0005052387310776599
165,2.75,3,3.7379939666147783,-0.0027247516791389886,-0.0009919254640497845,,,0.001732826215089204
166,2.7666666666666666,1,2.242796379968867,-0.0017566233617187098,-0.0008360296434991637,-0.010748779773712136,-0.011160260438919045,0.000920593718219546
166,2.7666666666666666,2,2.9903951732918226,-0.0008545071209132774,-0.0003726631405823344,-0.007535165548324563,-0.007439410686492898,0.000481843980330943
166,2.7666666666666666,3,3.7379939666147783,-0.0026784093713737803,-0.0010105221706074512,-0.010884469747543313,-0.01041588783264158,0.0016678872007663292
167,2.783333333333333,1,2.242796379968867,-0.0021126716449720254,-0.0008549840374874875,,,0.0012576876074845379
167,2.783333333333333,2,2.9903951732918226,-0.0008825212410135228,-0.00042478738629061135,,,0.0004577338547229114
167,2.783333333333333,3,3.7379939666147783,-0.002629205395283506,-0.0010152609379843387,,,0.0016139444572991673
168,2.8,1,2.242796379968867,-0.0024504511862523475,-0.0008822233370344482,-0.011140233278274514,-0.011195814609527566,0.0015682278492178993
168,2.8,2,2.9903951732918226,-0.0009087771534458859,-0.0004755109428818568,-0.007532602548599221,-0.007477736473083474,0.0004332662105640291
168,2.8,3,3.7379939666147783,-0.0025930554904939674,-0.0010076015632298355,-0.010865724086761452,-0.010423845052719094,0.001585453927264132
169,2.816666666666667,1,2.242796379968867,-0.0027823893438976314,-0.000927224739134208,,,0.0018551646047634234
169,2.816666666666667,2,2.9903951732918226,-0.0009290724530996582,-0.0005309730979701833,,,0.00039809935512947494
169,2.816666666666667,3,3.7379939666147783,-0.002552583951450168,-0.0010132043196979614,,,0.0015393796317522065
170,2.8333333333333335,1,2.242796379968867,-0.0030996054043910914,-0.000989392435828618,-0.011502659320831277,-0.011268621683120705,0.0021102129685624735
170,2.8333333333333335,2,2.9903951732918226,-0.0009165555884641347,-0.0005907862723991415,-0.007535940408706643,-0.00752446651458738,0.00032576931606499325
170,2.8333333333333335,3,3.7379939666147783,-0.002503797277362327,-0.0010117441848889607,-0.010823762416839577,-0.010430699586868264,0.0014920530924733663
171,2.85,1,2.242796379968867,-0.003381148138909609,-0.0010564774058556305,,,0.0023246707330539787
171,2.85,2,2.9903951732918226,-0.0009019224909704582,-0.0006478279603198281,,,0.00025409453065063006
171,2.85,3,3.7379939666147783,-0.0024477393143158524,-0.00100858511922424,,,0.0014391541950916124
172,2.8666666666666667,1,2.242796379968867,-0.003663316404232261,-0.0011182576922733984,-0.011844283342361428,-0.011343783140182473,0.0025450587119588627
172,2.8666666666666667,2,2.9903951732918226,-0.0008818953724497756,-0.0007051974439453807,-0.007558411359786965,-0.007571852207183816,0.00017669792850439486
172,2.8666666666666667,3,3.7379939666147783,-0.0023875682835764298,-0.0010246187369551416,-0.01075634956359861,-0.010446763038635232,0.0013629495466212882
173,2.8833333333333333,1,2.242796379968867,-0.003922239208557346,-0.0011807829075186592,,,0.002741456301038687
173,2.8833333333333333,2,2.9903951732918226,-0.0008585303445490435,-0.0007642954123928312,,,9.423493215621236e-05
173,2.8833333333333333,3,3.7379939666147783,-0.002324685380900511,-0.00104080130667558,,,0.0012838840742249312
174,2.9,1,2.242796379968867,-0.004156783537261503,-0.001235619194043238,-0.012143528461456277,-0.011406338214874245,0.0029211643432182654
174,2.9,2,2.9903951732918226,-0.0008436888493738603,-0.0008186846740689917,-0.007574594020843484,-0.007573014497756936,2.5004175304868623e-05
174,2.9,3,3.7379939666147783,-0.002258554244021919,-0.0010587126989775298,-0.01067346930503843,-0.010476863384246804,0.001199841545044389
175,2.9166666666666665,1,2.242796379968867,-0.004363581251479277,-0.0012825578164060158,,,0.003081023435073261
175,2.9166666666666665,2,2.9903951732918226,-0.0008426159559616947,-0.0008663385024132776,,,-2.3722546451582878e-05
175,2.9166666666666665,3,3.7379939666147783,-0.002188906016288334,-0.0010691134996347069,,,0.001119792516653627
176,2.933333333333333,1,2.242796379968867,-0.00454114350683452,-0.0013222844266223216,-0.012393599748611428,-0.011448717117309548,0.003218859080212198
176,2.933333333333333,2,2.9903951732918226,-0.0008513480552485568,-0.0009137243185042801,-0.007610863447189309,-0.007617002725601174,-6.237626325572326e-05
176,2.933333333333333,3,3.7379939666147783,-0.0021120459452880847,-0.0010905115844264362,-0.01056808829307554,-0.010504609346389748,0.0010215343608616484
177,2.95,1,2.242796379968867,-0.00468595355023186,-0.001354142926643004,,,0.0033318106235888556
177,2.95,2,2.9903951732918226,-0.0008790939942157124,-0.0009598285057419971,,,-8.073451152628471e-05
177,2.95,3,3.7379939666147783,-0.002022668671892699,-0.0011021048453989444,,,0.0009205638264937546
178,2.966666666666667,1,2.242796379968867,-0.004755839391853516,-0.0013725310666393574,-0.01258159279823301,-0.011465138196945168,0.003383308325214159
178,2.966666666666667,2,2.9903951732918226,-0.0009109229402702171,-0.0010010750342188874,-0.007667845487594582,-0.007663583755493142,-9.015209394867027e-05
178,2.966666666666667,3,3.7379939666147783,-0.0019271223880372155,-0.0011303275320605033,-0.010439014434814431,-0.010523742437362649,0.0007967948559767122
179,2.9833333333333334,1,2.242796379968867,-0.004848524682903159,-0.0013787000770994545,,,0.0034698246058037048
179,2.9833333333333334,2,2.9903951732918226,-0.0009479373407904144,-0.0010331719925266748,,,-8.523465173626045e-05
179,2.9833333333333334,3,3.7379939666147783,-0.001818403479256671,-0.00111390650405296,,,0.000704496975203711
180,3.0,1,2.242796379968867,-0.00491245109390487,-0.001378104100261499,-0.012724584341049172,-0.011453247070312478,0.003534346993643371
180,3.0,2,2.9903951732918226,-0.0009876936738527054,-0.0010630637183181614,-0.007726526260375954,-0.007699286937713601,-7.537004446545601e-05
180,3.0,3,3.7379939666147783,-0.0017096847393559323,-0.0011255891024432286,-0.010282284021377541,-0.010539746284484841,0.0005840956369127038
181,3.0166666666666666,1,2.242796379968867,-0.004948690842751588,-0.0013685971804213524,,,0.0035800936623302353
181,3.0166666666666666,2,2.9903951732918226,-0.0010352284419332452,-0.001085177177971206,,,-4.9948736037960795e-05
181,3.0166666666666666,3,3.7379939666147783,-0.0016242116293325665,-0.0011335761040227915,,,0.000490635525309775
182,3.033333333333333,1,2.242796379968867,-0.004960015584831393,-0.0013441889819544393,-0.012806361913681008,-0.011419540643691994,0.003615826602876954
182,3.033333333333333,2,2.9903951732918226,-0.0010923592983918865,-0.0011031777388111098,-0.007800465822219826,-0.007722920179367043,-1.0818440419223339e-05
182,3.033333333333333,3,3.7379939666147783,-0.0015135853920147952,-0.0011597126184317956,-0.01013643145561216,-0.010573750734329201,0.0003538727735829996
183,3.05,1,2.242796379968867,-0.004947617949339423,-0.0013061016880220764,,,0.0036415162613173463
183,3.05,2,2.9903951732918226,-0.001154616501383864,-0.001117900004842741,,,3.6716496541122894e-05
183,3.05,3,3.7379939666147783,-0.0013715475106449528,-0.0011895448985313126,,,0.00018200261211364028
184,3.066666666666667,1,2.242796379968867,-0.004913702831032365,-0.0012532622363322912,-0.012831008434295632,-0.011354333162307717,0.003660440594700074
184,3.066666666666667,2,2.9903951732918226,-0.0012368113165989558,-0.0011295527115072188,-0.00789598226547239,-0.007743215560913064,0.00010725860509173697
184,3.066666666666667,3,3.7379939666147783,-0.0012656301489782774,-0.0012240261019505366,-0.009995555877685525,-0.010627067089080788,4.160404702774085e-05
185,3.0833333333333335,1,2.242796379968867,-0.004867478908011676,-0.0011869818097045475,,,0.0036804970983071285
185,3.0833333333333335,2,2.9903951732918226,-0.0013279169059364328,-0.001137569604812573,,,0.0001903473011238598
185,3.0833333333333335,3,3.7379939666147783,-0.0011716335062293632,-0.0012551992877155023,,,-8.356578148613911e-05
186,3.1,1,2.242796379968867,-0.004800840962833081,-0.0011091679055558784,-0.012845194339752175,-0.011263942718505837,0.003691673057277203
186,3.1,2,2.9903951732918226,-0.0014301388396722081,-0.0011435597715573416,-0.00801611542701719,-0.007762289047241189,0.0002865790681148665
186,3.1,3,3.7379939666147783,-0.0010654776862755828,-0.0012748687188055274,-0.00985789895057676,-0.010665303468704201,-0.00020939103252994463
187,3.1166666666666667,1,2.242796379968867,-0.0047180207856936645,-0.001030102433159522,,,0.0036879183525341426
187,3.1166666666666667,2,2.9903951732918226,-0.0015333740522483728,-0.0011492520343230356,,,0.0003841220179253372
187,3.1166666666666667,3,3.7379939666147783,-0.0009721070809702223,-0.0012934953170889857,,,-0.00032138823611876336
188,3.1333333333333333,1,2.242796379968867,-0.004621878525000227,-0.0009503513087478353,-0.012791162729263283,-0.011152541637420632,0.0036715272162523914
188,3.1333333333333333,2,2.9903951732918226,-0.001648053404927702,-0.001153156028815249,-0.008140450716018655,-0.007783776521682717,0.000494897376112453
188,3.1333333333333333,3,3.7379939666147783,-0.0008971840613531841,-0.001309022295399692,-0.009749031066894509,-0.010689204931259133,-0.00041183823404650796
189,3.15,1,2.242796379968867,-0.004513517303650339,-0.0008650869341655899,,,0.0036484303694847495
189,3.15,2,2.9903951732918226,-0.0017767102636909757,-0.0011553614302113567,,,0.000621348833479619
189,3.15,3,3.7379939666147783,-0.0008453876113497731,-0.001333340987569037,,,-0.00048795337621926403
190,3.1666666666666665,1,2.242796379968867,-0.004398122744989503,-0.0007063000602035312,-0.01271427273750303,-0.011054074764251687,0.003691822684785972
190,3.1666666666666665,2,2.9903951732918226,-0.0019098073103328357,-0.001150027023756127,-0.008293515443801858,-0.007797396183013894,0.0007597802865767088
190,3.1666666666666665,3,3.7379939666147783,-0.0008165687789704519,-0.0013606995162595507,-0.009683406352996804,-0.010729527473449685,-0.0005441307372890988
191,3.183333333333333,1,2.242796379968867,-0.00427643927120579,-0.0007070451579108308,,,0.0035693941132949594
191,3.183333333333333,2,2.9903951732918226,-0.0020443050460917274,-0.0011396854999111126,,,0.0009046195461806148
191,3.183333333333333,3,3.7379939666147783,-0.0008028596228994037,-0.0013872535015507946,,,-0.0005843938786513909
192,3.2,1,2.242796379968867,-0.004149809645642523,-0.0007489770006434376,-0.012625908851623513,-0.011003261804580666,0.0034008326449990853
192,3.2,2,2.9903951732918226,-0.002182587884958893,-0.0011277644432337382,-0.008447980880737282,-0.007797336578369118,0.001054823441725155
192,3.2,3,3.7379939666147783,-0.000811502384768505,-0.0014101117211515256,-0.009674644470214822,-0.010767763853073098,-0.0005986093363830206
193,3.216666666666667,1,2.242796379968867,-0.004021302076628401,-0.0007425099173244594,,,0.0032787921593039416
193,3.216666666666667,2,2.9903951732918226,-0.002321794665248687,-0.0011145918183086763,,,0.0012072028469400108
193,3.216666666666667,3,3.7379939666147783,-0.0008456557924828628,-0.0014268906054695336,,,-0.0005812348129866707
194,3.2333333333333334,1,2.242796379968867,-0.0039026587771254693,-0.0007438509918697145,-0.012548989057540871,-0.010973191261291482,0.003158807785255755
194,3.2333333333333334,2,2.9903951732918226,-0.0024616568680684067,-0.0010942071812371427,-0.008605605363845803,-0.0077870547771453635,0.001367449686831264
194,3.2333333333333334,3,3.7379939666147783,-0.0008978097610371247,-0.0014411957383785368,-0.009716129302978493,-0.01079062223434446,-0.0005433859773414122
195,3.25,1,2.242796379968867,-0.003783687850797477,-0.0007505565334757979,,,0.003033131317321679
195,3.25,2,2.9903951732918226,-0.0025928465861730404,-0.0010720341070123225,,,0.001520812479160718
195,3.25,3,3.7379939666147783,-0.000965163081077034,-0.0014489740045169797,,,-0.0004838109234399457
196,3.2666666666666666,1,2.242796379968867,-0.0036747900983016032,-0.0007644445332621748,-0.012494480609893777,-0.01096559166908262,0.0029103455650394284
196,3.2666666666666666,2,2.9903951732918226,-0.0027156622301810827,-0.0010549275958692552,-0.008748716115951516,-0.007777100801467873,0.0016607346343118275
196,3.2666666666666666,3,3.7379939666147783,-0.0010455697968984523,-0.0014630109562928932,-0.009796059131622292,-0.010807996988296487,-0.00041744115939444095
197,3.283333333333333,1,2.242796379968867,-0.0035773665465144923,-0.0007965117687239777,,,0.0027808547777905144
197,3.283333333333333,2,2.9903951732918226,-0.002828613098038514,-0.0010398179195609818,,,0.0017887951784775324
197,3.283333333333333,3,3.7379939666147783,-0.0011373608693714529,-0.0014738290589525042,,,-0.0003364681895810513
198,3.3,1,2.242796379968867,-0.0034950226104300563,-0.000833585952695758,-0.01246134042739866,-0.010989046096801736,0.002661436657734298
198,3.3,2,2.9903951732918226,-0.002937063487926356,-0.0010275395132125636,-0.008869296312332131,-0.007776385545730569,0.0019095239747137925
198,3.3,3,3.7379939666147783,-0.0012495963623675695,-0.0014829188456700238,-0.009917086362838723,-0.010824030637741067,-0.00023332248330245426
199,3.316666666666667,1,2.242796379968867,-0.003430113150073359,-0.0008634178950356617,,,0.0025666952550376975
199,3.316666666666667,2,2.9903951732918226,-0.0030127017135249032,-0.0010208934172984498,,,0.0019918082962264534
199,3.316666666666667,3,3.7379939666147783,-0.0013735144537539551,-0.001501396323084138,,,-0.00012788186933018275
200,3.3333333333333335,1,2.242796379968867,-0.003380641161729801,-0.0008886902514736203,-0.012463992834091164,-0.011011993885040261,0.002491950910256181
200,3.3333333333333335,2,2.9903951732918226,-0.0030903666656840346,-0.0010149032505536808,-0.008966332674026467,-0.0077835381031036155,0.0020754634151303538
200,3.3333333333333335,3,3.7379939666147783,-0.0015089362998152818,-0.0015265791732245282,-0.010076618194580056,-0.010860955715179421,-1.7642873409246407e-05
201,3.35,1,2.242796379968867,-0.0033516733773609427,-0.0009087472617200943,,,0.0024429261156408482
201,3.35,2,2.9903951732918226,-0.0031538756058035063,-0.0010045617267086674,,,0.002149313879094839
201,3.35,3,3.7379939666147783,-0.0016506164937544667,-0.0015472620520347495,,,0.00010335444171971717
202,3.3666666666666667,1,2.242796379968867,-0.0033411232869546155,-0.0009397417726495381,-0.01250529885292051,-0.011038160324096657,0.0024013815143050774
202,3.3666666666666667,2,2.9903951732918226,-0.0032023937609986443,-0.000993624394905504,-0.009033387899398782,-0.007776266336441018,0.0022087693660931404
202,3.3666666666666667,3,3.7379939666147783,-0.001800879834990977,-0.0015656203003053108,-0.010258233547210671,-0.010898119211196877,0.00023525953468566622
203,3.3833333333333333,1,2.242796379968867,-0.0033451468483499947,-0.0009748785674784939,,,0.0023702682808715006
203,3.3833333333333333,2,2.9903951732918226,-0.00324191163577383,-0.000979527828557814,,,0.002262383807216016
203,3.3833333333333333,3,3.7379939666147783,-0.001960411806660335,-0.0015784651295255073,,,0.00038194667713482757
204,3.4,1,2.242796379968867,-0.0033674985974103374,-0.0010042339310038016,-0.012577778100967385,-0.011069095134735085,0.0023632646664065358
204,3.4,2,2.9903951732918226,-0.003279581796583566,-0.0009328573873281262,-0.009049630165100075,-0.0077387452125549094,0.00234672440925544
204,3.4,3,3.7379939666147783,-0.0021212846839951415,-0.0015887171470729531,-0.010471707582473733,-0.010917639732360818,0.0005325675369221884
205,3.4166666666666665,1,2.242796379968867,-0.0034066589536346724,-0.0010235159518171845,,,0.002383143001817488
205,3.4166666666666665,2,2.9903951732918226,-0.0033063443484361234,-0.0009852200913235084,,,0.002321124257112615
205,3.4166666666666665,3,3.7379939666147783,-0.002292826880879829,-0.0016027838216948523,,,0.0006900430591849768
206,3.433333333333333,1,2.242796379968867,-0.003454580963112048,-0.001040950427544924,-0.012684559822082497,-0.011082774400711037,0.002413630535567124
206,3.433333333333333,2,2.9903951732918226,-0.003322258737023473,-0.0009575038752023372,-0.00908926725387571,-0.0077460765838622825,0.0023647548618211355
206,3.433333333333333,3,3.7379939666147783,-0.0024651734522839783,-0.0016206948762371885,-0.010703003406524636,-0.01094580292701719,0.0008444785760467898
207,3.45,1,2.242796379968867,-0.003519609652612297,-0.0010528714842222985,,,0.0024667381683899986
207,3.45,2,2.9903951732918226,-0.0033344180831081454,-0.001027569067178742,,,0.0023068490159294033
207,3.45,3,3.7379939666147783,-0.002637430855150174,-0.00163371871805252,,,0.001003712137097654
208,3.466666666666667,1,2.242796379968867,-0.003592804187407438,-0.0010528714842222985,-0.0128184914588928,-0.011087214946746804,0.0025399327031851394
208,3.466666666666667,2,2.9903951732918226,-0.0033328682731217697,-0.0010399668715505195,-0.00911164879798887,-0.007753854990005471,0.00229290140157125
208,3.466666666666667,3,3.7379939666147783,-0.0028128177697149107,-0.0016422121901724703,-0.01094321012496946,-0.010965412855148293,0.0011706055795424404
209,3.4833333333333334,1,2.242796379968867,-0.0036743729651789766,-0.001040592908994073,,,0.0026337800561849036
209,3.4833333333333334,2,2.9903951732918226,-0.0033145993622689693,-0.0010657161445626877,,,0.0022488832177062815
209,3.4833333333333334,3,3.7379939666147783,-0.0029850751725811063,-0.001648023850961524,,,0.0013370513216195822
210,3.5,1,2.242796379968867,-0.003756478611856115,-0.0010157674085247265,-0.012934839725494363,-0.011067545413970925,0.0027407112033313885
210,3.5,2,2.9903951732918226,-0.0032838137556604526,-0.0010558812601378685,-0.009094721078872658,-0.007748639583587624,0.002227932495522584
210,3.5,3,3.7379939666147783,-0.0031569154423246744,-0.001653388149142545,-0.01118851304054258,-0.010977542400360085,0.0015035272931821293
211,3.5166666666666666,1,2.242796379968867,-0.0038457067643821565,-0.0009823292067918771,,,0.0028633775575902794
211,3.5166666666666666,2,2.9903951732918226,-0.0032464116071039993,-0.0010668189297006448,,,0.0021795926774033545
211,3.5166666666666666,3,3.7379939666147783,-0.003322973943004981,-0.00165362660742965,,,0.0016693473355753308
212,3.533333333333333,1,2.242796379968867,-0.003936901860017201,-0.0009376853232429679,-0.013092851638793923,-0.011026954650878884,0.0029992165367742334
212,3.533333333333333,2,2.9903951732918226,-0.0031988771767830723,-0.0010281652128965044,-0.009053862094879128,-0.007741427421569802,0.002170711963886568
212,3.533333333333333,3,3.7379939666147783,-0.003488108333382852,-0.0016515701580230796,-0.01142889857292173,-0.010980731248855569,0.0018365381753597722
213,3.55,1,2.242796379968867,-0.004026666543689229,-0.0008879750454921119,,,0.003138691498197117
213,3.55,2,2.9903951732918226,-0.0031431466716818498,-0.001089319461870718,,,0.002053827209811132
213,3.55,3,3.7379939666147783,-0.003651514745578246,-0.0016542523071135908,,,0.0019972624384646553
214,3.566666666666667,1,2.242796379968867,-0.004123076647756144,-0.0008337050129595038,-0.013246214389801003,-0.010975247621536233,0.00328937163479664
214,3.566666666666667,2,2.9903951732918226,-0.00308610515264097,-0.0011024324722240038,-0.008986032009124734,-0.007731920480728127,0.0019836726804169664
214,3.566666666666667,3,3.7379939666147783,-0.0037858932521935853,-0.0016577690602089688,-0.011636173725128152,-0.010994499921798684,0.0021281241919846165
215,3.5833333333333335,1,2.242796379968867,-0.004213794826816978,-0.000774636936237845,,,0.0034391578905791326
215,3.5833333333333335,2,2.9903951732918226,-0.003031268866116391,-0.0011079161684283841,,,0.001923352697688007
215,3.5833333333333335,3,3.7379939666147783,-0.0039061458073748625,-0.0016666203886393834,,,0.002239525418735479
216,3.6,1,2.242796379968867,-0.004298075814284624,-0.0007100849944319991,-0.013381963968276955,-0.01090986132621763,0.003587990819852625
216,3.6,2,2.9903951732918226,-0.0029826314817777,-0.0011333673685816714,-0.008925414085388161,-0.007723337411880471,0.0018492641131960287
216,3.6,3,3.7379939666147783,-0.0040113481319398354,-0.0016794054344079963,-0.01180223226547239,-0.011020070314407326,0.002331942697531839
217,3.6166666666666667,1,2.242796379968867,-0.004382446645809451,-0.0006355196622456181,,,0.003746926983563833
217,3.6166666666666667,2,2.9903951732918226,-0.002950087329741687,-0.0010752230644028343,,,0.0018748642653388528
217,3.6166666666666667,3,3.7379939666147783,-0.004109725179115753,-0.0016960948124284361,,,0.002413630366687317
218,3.6333333333333333,1,2.242796379968867,-0.0044563563865861,-0.000510439171149499,-0.013491994142532326,-0.010830616950988747,0.003945917215436601
218,3.6333333333333333,2,2.9903951732918226,-0.0029181987691154067,-0.001142218697012086,-0.008887326717376687,-0.007713979482650735,0.0017759800721033206
218,3.6333333333333333,3,3.7379939666147783,-0.004196658930587538,-0.0017200558171671242,-0.011944180727004983,-0.011022543907165505,0.002476603113420414
219,3.65,1,2.242796379968867,-0.004521921438352526,-0.000503107929859475,,,0.004018813508493051
219,3.65,2,2.9903951732918226,-0.0028945057766300015,-0.0011563449862057613,,,0.0017381607904242403
219,3.65,3,3.7379939666147783,-0.004277125260980733,-0.0017472952855938917,,,0.0025298299753868415
220,3.6666666666666665,1,2.242796379968867,-0.004573360369805086,-0.0005026609050110566,-0.013602143526077248,-0.010780131816863991,0.004070699464794029
220,3.6666666666666665,2,2.9903951732918226,-0.0028761179743932628,-0.001167997692870239,-0.008861249685287453,-0.007706350088119485,0.0017081202815230237
220,3.6666666666666665,3,3.7379939666147783,-0.00434558069063937,-0.0017751008391328235,-0.012057340145111062,-0.011074578762054421,0.0025704798515065468
221,3.683333333333333,1,2.242796379968867,-0.004618719459335506,-0.0005172342190531501,,,0.004101485240282356
221,3.683333333333333,2,2.9903951732918226,-0.0028699486261735524,-0.0011903494419305818,,,0.0016795991842429706
221,3.683333333333333,3,3.7379939666147783,-0.004405304527650568,-0.0017963796947810004,,,0.0026089248328695675
222,3.7,1,2.242796379968867,-0.004655167268104117,-0.0005038530275667749,-0.013657814264297463,-0.010736232995986916,0.004151314240537342
222,3.7,2,2.9903951732918226,-0.0028750746349472753,-0.001211300501873893,-0.008857226371765115,-0.007712012529373147,0.0016637741330733824
222,3.7,3,3.7379939666147783,-0.004462316830484885,-0.0018098801154109285,-0.012154376506805398,-0.011063700914382912,0.0026524367150739564
223,3.716666666666667,1,2.242796379968867,-0.004686787985356921,-0.0004890113635117846,,,0.004197776621845136
223,3.716666666666667,2,2.9903951732918226,-0.0028915556152862088,-0.0012213736757060102,,,0.0016701819395801985
223,3.716666666666667,3,3.7379939666147783,-0.004514500184125516,-0.0018130690728014403,,,0.002701431111324076
224,3.7333333333333334,1,2.242796379968867,-0.004722043671569814,-0.0004643052610657973,-0.013690686225891091,-0.010688877105712868,0.004257738410504017
224,3.7333333333333334,2,2.9903951732918226,-0.002925410950141685,-0.0012230722688021168,-0.008882200717926003,-0.007692849636077859,0.0017023386813395684
224,3.7333333333333334,3,3.7379939666147783,-0.004556223460296809,-0.0018083303054245528,-0.012231922149658181,-0.01106721758842466,0.0027478931548722565
225,3.75,1,2.242796379968867,-0.004722312359342324,-0.0004531591938215141,,,0.00426915316552081
225,3.75,2,2.9903951732918226,-0.0029600412744302533,-0.0011517256168522326,,,0.0018083156575780207
225,3.75,3,3.7379939666147783,-0.00458292639757759,-0.0018002539664272294,,,0.0027826724311503606
226,3.7666666666666666,1,2.242796379968867,-0.004713281680557162,-0.00041143591765022066,-0.013685202598571755,-0.01065031290054319,0.004301845762906942
226,3.7666666666666666,2,2.9903951732918226,-0.002999439920061886,-0.0012377947037135544,-0.008920407295227029,-0.007669872045516946,0.0017616452163483317
226,3.7666666666666666,3,3.7379939666147783,-0.004615321935383679,-0.0017912536860072775,-0.012287056446075417,-0.011105126142501809,0.0028240682493764014
227,3.783333333333333,1,2.242796379968867,-0.004693493020323585,-0.00043298312331129413,,,0.004260509897012291
227,3.783333333333333,2,2.9903951732918226,-0.0030429808495930316,-0.0012066811325203643,,,0.0018362997170726673
227,3.783333333333333,3,3.7379939666147783,-0.004641815799463727,-0.0018024890906693219,,,0.0028393267087944048
228,3.8,1,2.242796379968867,-0.0046622308349004715,-0.00041459498331494136,-0.013653910160064675,-0.010607039928436257,0.00424763585158553
228,3.8,2,2.9903951732918226,-0.00310169140776384,-0.0012083500027704856,-0.00897637605667112,-0.007646805047988869,0.0018933414049933542
228,3.8,3,3.7379939666147783,-0.0046632138842554564,-0.0017741471748642106,-0.012324368953704812,-0.011057770252227761,0.002889066709391246
229,3.816666666666667,1,2.242796379968867,-0.004622236043551074,-0.00039087226798355186,,,0.004231363775567523
229,3.816666666666667,2,2.9903951732918226,-0.0031680615095689576,-0.0012014061717571041,,,0.0019666553378118535
229,3.816666666666667,3,3.7379939666147783,-0.0046791585023282095,-0.001761361960215791,,,0.0029177965421124186
230,3.8333333333333335,1,2.242796379968867,-0.004576996183164209,-0.00036497421186165306,-0.013605779409408547,-0.010567611455917336,0.0042120219713025564
230,3.8333333333333335,2,2.9903951732918226,-0.003235921131269448,-0.001217231054046885,-0.009058213233947732,-0.0076174497604369895,0.002018690077222563
230,3.8333333333333335,3,3.7379939666147783,-0.0046955195780043636,-0.0017447024739211418,-0.012344127893447854,-0.011035716533660866,0.0029508171040832218
231,3.85,1,2.242796379968867,-0.004522666029420407,-0.00032012159287162374,,,0.004202544436548783
231,3.85,2,2.9903951732918226,-0.003309741703508142,-0.0011874288345529662,,,0.002122312868955176
231,3.85,3,3.7379939666147783,-0.0047077091535744405,-0.0017249138136875642,,,0.0029827953398868763
232,3.8666666666666667,1,2.242796379968867,-0.004492119218858609,-0.0003047734582762457,-0.013528263568878152,-0.010520046949386574,0.004187345760582364
232,3.8666666666666667,2,2.9903951732918226,-0.0033914297104232333,-0.0011831968754760802,-0.009194886684417702,-0.007593220472335793,0.002208232834947153
232,3.8666666666666667,3,3.7379939666147783,-0.004714027284903881,-0.0017215162897357386,-0.012345558404922463,-0.01100943088531492,0.002992510995168142
233,3.8833333333333333,1,2.242796379968867,-0.0044237526199783096,-0.00027827908755677784,,,0.0041454735324215316
233,3.8833333333333333,2,2.9903951732918226,-0.0034648029200538962,-0.0011119692837899416,,,0.0023528336362639546
233,3.8833333333333333,3,3.7379939666147783,-0.004720822163927727,-0.0016778260704554426,,,0.0030429960934722842
234,3.9,1,2.242796379968867,-0.004331961547505312,-0.0002831369151974112,-0.013440763950347878,-0.01048842668533323,0.004048824632307901
234,3.9,2,2.9903951732918226,-0.0035348088352181377,-0.001162007526125471,-0.00926292538642881,-0.007556831836700417,0.0023728013090926667
234,3.9,3,3.7379939666147783,-0.004720583874520427,-0.0016838162372002112,-0.012333637475967385,-0.010974979400634743,0.003036767637320216
235,3.9166666666666665,1,2.242796379968867,-0.004251107300196056,-0.0002931504744577526,,,0.003957956825738304
235,3.9166666666666665,2,2.9903951732918226,-0.003608122599156831,-0.001153632945389459,,,0.002454489653767372
235,3.9166666666666665,3,3.7379939666147783,-0.004720076728460813,-0.001645222303847654,,,0.0030748544246131586
236,3.933333333333333,1,2.242796379968867,-0.004167571917075128,-0.00030307469630033295,-0.013343787193298318,-0.010486280918121316,0.003864497220774795
236,3.933333333333333,2,2.9903951732918226,-0.003691926670050268,-0.0011354238179882418,-0.009330636262893655,-0.007544314861297585,0.0025565028520620264
236,3.933333333333333,3,3.7379939666147783,-0.004722162900713367,-0.0015875846390890117,-0.012323415279388406,-0.010936087369918801,0.0031345782616243553
237,3.95,1,2.242796379968867,-0.004082694952769526,-0.00030799213851274266,,,0.0037747028142567835
237,3.95,2,2.9903951732918226,-0.003772631458730569,-0.0011182874151193832,,,0.0026543440436111857
237,3.95,3,3.7379939666147783,-0.004715219407459599,-0.0015326588462668649,,,0.003182560561192734
238,3.966666666666667,1,2.242796379968867,-0.003997102613602609,-0.0003063827139545908,-0.013239568471908547,-0.010473346710205056,0.003690719899648018
238,3.966666666666667,2,2.9903951732918226,-0.003874763717288969,-0.0010732858441398164,-0.00939405560493467,-0.007521665096282937,0.0028014778731491525
238,3.966666666666667,3,3.7379939666147783,-0.004702821603087824,-0.001493409321504575,-0.012296742200851418,-0.010890877246856667,0.003209412281583249
239,3.9833333333333334,1,2.242796379968867,-0.004115179490233763,-0.00030444566257137974,,,0.0038107338276623837
239,3.9833333333333334,2,2.9903951732918226,-0.003941759181018413,-0.000997737124838838,,,0.0029440220561795754
239,3.9833333333333334,3,3.7379939666147783,-0.0047013910222449985,-0.0014707594995853513,,,0.003230631522659647
240,4.0,1,2.242796379968867,-0.004004880541981438,-0.0002975016626781913,-0.013126230239868142,-0.01047665476799009,0.0037073788793032464
240,4.0,2,2.9903951732918226,-0.004004046106856377,-0.0010022370961690077,-0.009439146518707253,-0.007502830028533913,0.003001809010687369
240,4.0,3,3.7379939666147783,-0.004707082947251079,-0.0014457256014344983,-0.012290751934051491,-0.01084092855453489,0.003261357345816581
241,4.016666666666667,1,2.242796379968867,-0.003886803834230089,-0.00033839050372442403,,,0.0035484133305056648
241,4.016666666666667,2,2.9903951732918226,-0.0040615645424714655,-0.0009840279687677897,,,0.003077536573703676
241,4.016666666666667,3,3.7379939666147783,-0.004718050170780036,-0.0013428180156833925,,,0.003375232155096643
242,4.033333333333333,1,2.242796379968867,-0.003764763517414752,-0.00036038456535410923,-0.012993341684341408,-0.01049152612686155,0.003404378952060643
242,4.033333333333333,2,2.9903951732918226,-0.004106417499221108,-0.0008846967506838388,-0.009470528364181496,-0.007484829425811745,0.0032217207485372695
242,4.033333333333333,3,3.7379939666147783,-0.004714384972334538,-0.0012955515976157492,-0.012305355072021462,-0.010805553197860696,0.0034188333747187886
243,4.05,1,2.242796379968867,-0.0036414711257123067,-0.000378236174204476,,,0.0032632349515078307
243,4.05,2,2.9903951732918226,-0.004139348554894343,-0.0009139627767913853,,,0.003225385778102958
243,4.05,3,3.7379939666147783,-0.0047316703271929345,-0.001256510639414773,,,0.0034751596877781615
244,4.066666666666666,1,2.242796379968867,-0.003515735380966069,-0.0003881007814752801,-0.012848025560379006,-0.010496681928634621,0.003127634599490789
244,4.066666666666666,2,2.9903951732918226,-0.004139765856896778,-0.0008798092001972206,-0.009473627805709817,-0.007464951276779153,0.003259956656699557
244,4.066666666666666,3,3.7379939666147783,-0.004741653488088065,-0.0012214929048495631,-0.012278026342391946,-0.01078040003776548,0.003520160583238502
245,4.083333333333333,1,2.242796379968867,-0.0033834131548774933,-0.00037287170714364793,,,0.0030105414477338455
245,4.083333333333333,2,2.9903951732918226,-0.0041168777455702545,-0.0008652061633091423,,,0.003251671582261112
245,4.083333333333333,3,3.7379939666147783,-0.0047539028471097235,-0.0012068898679614844,,,0.003547012979148239
246,4.1,1,2.242796379968867,-0.00324662034254512,-0.0004125088110623864,-0.012685990333557107,-0.01049942374229429,0.0028341115314827335
246,4.1,2,2.9903951732918226,-0.004102036081515267,-0.000774636936237845,-0.009440368413925149,-0.007454907894134499,0.0033273991452774216
246,4.1,3,3.7379939666147783,-0.00476692601340583,-0.0011514574357191429,-0.012293821573257424,-0.010745978355407693,0.003615468577686687
247,4.116666666666666,1,2.242796379968867,-0.0031127483064701685,-0.0004137308253438959,,,0.0026990174811262727
247,4.116666666666666,2,2.9903951732918226,-0.004070654666948599,-0.0007845908809264101,,,0.003286063786022189
247,4.116666666666666,3,3.7379939666147783,-0.004780873458884175,-0.0010855644193680418,,,0.0036953090395161333
248,4.133333333333334,1,2.242796379968867,-0.002984002279168941,-0.00039817395530739773,-0.01252547502517698,-0.010482496023178078,0.002585828323861543
248,4.133333333333334,2,2.9903951732918226,-0.004023745936311612,-0.0007196515288439218,-0.009371286630630471,-0.007435864210128762,0.0033040944074676903
248,4.133333333333334,3,3.7379939666147783,-0.004799381165783694,-0.0010543018961853149,-0.012317514419555642,-0.010699665546417214,0.0037450792695983793
249,4.15,1,2.242796379968867,-0.002862915288862602,-0.00042091311464438256,,,0.0024420021742182193
249,4.15,2,2.9903951732918226,-0.003964260388707714,-0.0007336585888940445,,,0.0032306017998136698
249,4.15,3,3.7379939666147783,-0.004822239047624811,-0.0009783059831561113,,,0.0038439330644687
250,4.166666666666667,1,2.242796379968867,-0.0027398616932068757,-0.0003845543055339173,-0.012365704774856545,-0.010447746515274026,0.0023553073876729585
250,4.166666666666667,2,2.9903951732918226,-0.003894492931830578,-0.0006694645033986626,-0.009278213977813698,-0.0074114561080932395,0.0032250284284319154
250,4.166666666666667,3,3.7379939666147783,-0.004849747034944283,-0.0009146183682011172,-0.012349641323089577,-0.010658031702041604,0.003935128666743166
251,4.183333333333334,1,2.242796379968867,-0.0026145728044292497,-0.0004097373245541146,,,0.002204835479875135
251,4.183333333333334,2,2.9903951732918226,-0.0038178713191174335,-0.0005862861321891655,,,0.003231585186928268
251,4.183333333333334,3,3.7379939666147783,-0.004876240899024329,-0.0008887201431994115,,,0.003987520755824918
252,4.2,1,2.242796379968867,-0.002486094789381304,-0.0003952533479297821,-0.012192910909652688,-0.010417228937149026,0.002090841441451522
252,4.2,2,2.9903951732918226,-0.003724470822086282,-0.000594094458933206,-0.00916788578033445,-0.007397508621215798,0.003130376363153076
252,4.2,3,3.7379939666147783,-0.0049018707740131374,-0.0008424670039721574,-0.01237547993659971,-0.010627514123916604,0.00405940377004098
253,4.216666666666667,1,2.242796379968867,-0.0023577658952027036,-0.00034771857984924203,,,0.0020100473153534617
253,4.216666666666667,2,2.9903951732918226,-0.003623441010906224,-0.0005680471130621566,,,0.0030553938978440673
253,4.216666666666667,3,3.7379939666147783,-0.004923924619094406,-0.000828131979337362,,,0.004095792639757043
254,4.233333333333333,1,2.242796379968867,-0.0022249071379681416,-0.00038237879586360126,-0.012012547254562356,-0.010407751798629739,0.0018425283421045404
254,4.233333333333333,2,2.9903951732918226,-0.0035144836438385737,-0.0005426258046346611,-0.008974260091781594,-0.0073871076107024924,0.0029718578392039126
254,4.233333333333333,3,3.7379939666147783,-0.004938140752345261,-0.0007629840606935604,-0.012378937005996682,-0.010595327615737893,0.0041751566916517005
255,4.25,1,2.242796379968867,-0.0020906179687705645,-0.00038675970693002475,,,0.0017038582618405399
255,4.25,2,2.9903951732918226,-0.003400221593161679,-0.0005013196615859946,,,0.0028989019315756844
255,4.25,3,3.7379939666147783,-0.004946664285070809,-0.000735625532003047,,,0.004211038753067762
256,4.266666666666667,1,2.242796379968867,-0.0019430072226583866,-0.00038857752916968325,-0.011820799112319924,-0.01041186451911924,0.0015544296934887033
256,4.266666666666667,2,2.9903951732918226,-0.0032828896453580177,-0.0005078465283565559,-0.008892869949340798,-0.0073871076107024924,0.002775043117001462
256,4.266666666666667,3,3.7379939666147783,-0.004952743958113145,-0.0006840378174407561,-0.012362217903137185,-0.010566121339797951,0.004268706140672389
257,4.283333333333333,1,2.242796379968867,-0.001790896167456427,-0.00038786232318817506,,,0.0014030338442682518
257,4.283333333333333,2,2.9903951732918226,-0.003165885662139028,-0.0004939884202959707,,,0.002671897241843057
257,4.283333333333333,3,3.7379939666147783,-0.00495405514093261,-0.0006170421848315044,,,0.004337012956101106
258,4.3,1,2.242796379968867,-0.0016340463448775789,-0.00038273631441445194,-0.011606132984161355,-0.010409599542617776,0.0012513100304631269
258,4.3,2,2.9903951732918226,-0.0030540076876937623,-0.0004210620666339197,-0.00876612067222593,-0.00736424922943113,0.0026329456210598427
258,4.3,3,3.7379939666147783,-0.0049508658457824845,-0.0005929619509492641,-0.012331551313400246,-0.010549372434616067,0.00435790389483322
259,4.316666666666666,1,2.242796379968867,-0.0014825314353933811,-0.0003723054531516769,,,0.0011102259822417043
259,4.316666666666666,2,2.9903951732918226,-0.003139361568573576,-0.0003974288576000981,,,0.002741932710973478
259,4.316666666666666,3,3.7379939666147783,-0.004948958517245259,-0.0005506724207859997,,,0.0043982860964592585
260,4.333333333333333,1,2.242796379968867,-0.001327410435396045,-0.00040389594091907647,-0.011412894725799538,-0.010413920879363991,0.0009235144944769685
260,4.333333333333333,2,2.9903951732918226,-0.0030104071435908407,-0.0003629476541808743,-0.008642023801803567,-0.007346397638320901,0.0026474594894099666
260,4.333333333333333,3,3.7379939666147783,-0.004945174089656211,-0.0005353242861906218,-0.012304371595382668,-0.010551607608795144,0.00440984980346559
261,4.35,1,2.242796379968867,-0.0011606961744262002,-0.0004097670474000993,,,0.0007509291270261008
261,4.35,2,2.9903951732918226,-0.002875909070072336,-0.00036047390277187027,,,0.0025154351673004655
261,4.35,3,3.7379939666147783,-0.004849478347171771,-0.0005411655009458531,,,0.004308312846225918
262,4.366666666666666,1,2.242796379968867,-0.000984981633036403,-0.0004164129744344066,-0.011186099052429177,-0.01042104363441465,0.0005685686586019965
262,4.366666666666666,2,2.9903951732918226,-0.002736047036132423,-0.00036148718161225964,-0.008510297536849953,-0.0073610901832580344,0.0023745598545201634
262,4.366666666666666,3,3.7379939666147783,-0.0048510877717299235,-0.0005584209640784575,-0.012279665470123269,-0.010583585500717141,0.004292666807651466
263,4.383333333333334,1,2.242796379968867,-0.0007963032021626644,-0.00039379304424097414,,,0.00040251015792169023
263,4.383333333333334,2,2.9903951732918226,-0.0026024134583445767,-0.00035868580337819657,,,0.0022437276549663802
263,4.383333333333334,3,3.7379939666147783,-0.004853114329410702,-0.0005791337346144703,,,0.0042739805947962315
264,4.4,1,2.242796379968867,-0.0005970150663108216,-0.00044040387089888585,-0.010961121320724465,-0.010432606935501076,0.0001566111954119358
264,4.4,2,2.9903951732918226,-0.0024780184503839808,-0.0003535896863302649,-0.008392250537872292,-0.007365560531616189,0.002124428764053716
264,4.4,3,3.7379939666147783,-0.004861280005825787,-0.0006082803626986575,-0.01226375102996824,-0.01062796115875242,0.004252999643127129
265,4.416666666666667,1,2.242796379968867,-0.00040777021256530537,-0.0004430264054176202,,,-3.525619285231485e-05
265,4.416666666666667,2,2.9903951732918226,-0.0023671539236589114,-0.00033827127458087156,,,0.0020288826490780397
265,4.416666666666667,3,3.7379939666147783,-0.00488282771812628,-0.0006373673762110684,,,0.004245460341915212
266,4.433333333333334,1,2.242796379968867,-0.0002254099130210079,-0.00042371449287844585,-0.010773605108261086,-0.010433679819107033,-0.00019830457985743795
266,4.433333333333334,2,2.9903951732918226,-0.0022584350148783664,-0.0003147870175365871,-0.008291250467300393,-0.007354116439819314,0.0019436479973417792
266,4.433333333333334,3,3.7379939666147783,-0.0049039569462656935,-0.0006618946349417269,-0.012266224622726418,-0.010666823387145974,0.004242062311323966
267,4.45,1,2.242796379968867,-4.373492773242709e-05,-0.00046627220417479984,,,-0.00042253727644237275
267,4.45,2,2.9903951732918226,-0.0021522791949245856,-0.00031937666404413073,,,0.0018329025308804548
267,4.45,3,3.7379939666147783,-0.004923537546577376,-0.0006891339344886878,,,0.004234403612088688
268,4.466666666666667,1,2.242796379968867,4.4181873094344275e-05,-0.000471964466940494,-0.010610944032669045,-0.01043579578399656,-0.0005161463400348383
268,4.466666666666667,2,2.9903951732918226,-0.002053216157973725,-0.000315263934110797,-0.00819573402404783,-0.007350391149520852,0.0017379522238629278
268,4.466666666666667,3,3.7379939666147783,-0.004945680222436985,-0.0007319897186439234,-0.012267595529556252,-0.01070449352264402,0.004213690503793061
269,4.483333333333333,1,2.242796379968867,3.9681732884368293e-05,-0.00047491496604390107,,,-0.0005145966989282694
269,4.483333333333333,2,2.9903951732918226,-0.0019611565666080213,-0.00033752617687357193,,,0.0016236303897344494
269,4.483333333333333,3,3.7379939666147783,-0.004972562003433096,-0.0007519274997468449,,,0.004220634503686251
270,4.5,1,2.242796379968867,-1.0922594563324621e-05,-0.00045506652235874037,-0.010537332296371438,-0.010445690155029275,-0.0004441439277954157
270,4.5,2,2.9903951732918226,-0.0018761308191926874,-0.0003573150059869564,-0.008110469579696633,-0.007372295856475808,0.001518815813205731
270,4.5,3,3.7379939666147783,-0.005001858090146241,-0.0007862001366047552,-0.012241995334625222,-0.010748362541198708,0.004215657953541486
271,4.516666666666667,1,2.242796379968867,-0.000111684224610292,-0.0005194097287234661,,,-0.0004077255041131741
271,4.516666666666667,2,2.9903951732918226,-0.0017926246522783243,-0.0003738849859840373,,,0.001418739666294287
271,4.516666666666667,3,3.7379939666147783,-0.005030557355622396,-0.0008206218943320096,,,0.004209935461290386
272,4.533333333333333,1,2.242796379968867,-0.000179067267496186,-0.0005434901314855132,-0.010568773746490456,-0.010474687814712502,-0.00036442286398932723
272,4.533333333333333,2,2.9903951732918226,-0.0016992538780931572,-0.00037850435533756573,-0.008025860786437966,-0.007383918762207009,0.0013207495227555914
272,4.533333333333333,3,3.7379939666147783,-0.0050673636962206975,-0.0008590072611232536,-0.012265658378601052,-0.01078183054924009,0.004208356435097444
273,4.55,1,2.242796379968867,-0.000285729726870161,-0.00055854019322201,,,-0.00027281046635184897
273,4.55,2,2.9903951732918226,-0.0015928595998522719,-0.00037421295056871,,,0.001218646649283562
273,4.55,3,3.7379939666147783,-0.005101636333078608,-0.0008508713075541538,,,0.004250765025524454
274,4.566666666666666,1,2.242796379968867,-0.00036852051892320915,-0.0005650072765409884,-0.01060569882392881,-0.010486429929733254,-0.00019648675761777928
274,4.566666666666666,2,2.9903951732918226,-0.00146909062933523,-0.00037182870545727375,-0.007914102077484109,-0.007433748245239236,0.0010972619238779561
274,4.566666666666666,3,3.7379939666147783,-0.005128666559424835,-0.0008679182041254445,-0.012285566329956032,-0.010810559988021828,0.004260748355299391
275,4.583333333333333,1,2.242796379968867,-0.00043587383896311836,-0.0005588085432349065,,,-0.00012293470427178818
275,4.583333333333333,2,2.9903951732918226,-0.0013259499628274305,-0.00035877530967576423,,,0.0009671746531516663
275,4.583333333333333,3,3.7379939666147783,-0.00514461117749759,-0.0008766501345325,,,0.00426796104296509
276,4.6,1,2.242796379968867,-0.0004970282568171388,-0.000535711696467264,-0.010648196935653664,-0.010487115383148171,-3.868343965012519e-05
276,4.6,2,2.9903951732918226,-0.001171871964516468,-0.0003419070879399954,-0.007772332429885842,-0.007423019409179665,0.0008299648765764727
276,4.6,3,3.7379939666147783,-0.005160853024030191,-0.000886037994108901,-0.012272006273269631,-0.010819441080093362,0.00427481502992129
277,4.616666666666666,1,2.242796379968867,-0.0005517752059239569,-0.0005816966545614283,,,-2.9921448637471385e-05
277,4.616666666666666,2,2.9903951732918226,-0.0010139196945592767,-0.00032489008309449617,,,0.0006890296114647806
277,4.616666666666666,3,3.7379939666147783,-0.005159660901474471,-0.0008867233083646175,,,0.004272937593109854
278,4.633333333333334,1,2.242796379968867,-0.0006078034461244476,-0.0005887299918723781,-0.010702288150787331,-0.010488784313201882,1.907345425206943e-05
278,4.633333333333334,2,2.9903951732918226,-0.0008565932931658327,-0.00031150872272831394,-0.007623678445816018,-0.007418519258499123,0.0005450845704375188
278,4.633333333333334,3,3.7379939666147783,-0.005148723907430923,-0.0008852928964016011,-0.0122311472892761,-0.010819888114929177,0.004263431011029321
279,4.65,1,2.242796379968867,-0.0006803124977840646,-0.0005900710664176333,,,9.024143136643131e-05
279,4.65,2,2.9903951732918226,-0.0006965548509560862,-0.0002881735865533734,,,0.00040838126440271286
279,4.65,3,3.7379939666147783,-0.005128875632625568,-0.0008796899710536682,,,0.0042491856615719
280,4.666666666666667,1,2.242796379968867,-0.0007617324924458727,-0.000589922114428096,-0.010790592432022073,-0.010492062568664529,0.0001718103780177767
280,4.666666666666667,2,2.9903951732918226,-0.0005343706219220088,-0.00028778617627673117,-0.007480388879775979,-0.007412260770797707,0.0002465844456452777
280,4.666666666666667,3,3.7379939666147783,-0.0050964204802477035,-0.0008731038274709438,-0.012155330181121804,-0.010804808139801003,0.004223316652776759
281,4.683333333333334,1,2.242796379968867,-0.0008432119327996504,-0.0005935579277872199,,,0.00024965400501243055
281,4.683333333333334,2,2.9903951732918226,-0.00037433201083245576,-0.00026895101143195984,,,0.00010538099940049592
281,4.683333333333334,3,3.7379939666147783,-0.005050137955934078,-0.0008417815208366342,,,0.004208356435097444
282,4.7,1,2.242796379968867,-0.0009204595829563485,-0.0006026774373507245,-0.010880446434020974,-0.010509079694747903,0.0003177821456056241
282,4.7,2,2.9903951732918226,-0.00022007533768597128,-0.00025190411486066916,-0.007358139753341653,-0.007409340143203713,-3.182877717469788e-05
282,4.7,3,3.7379939666147783,-0.004992082989173004,-0.0008428246914028148,-0.012042975425720193,-0.010779833793640115,0.004149258297770189
283,4.716666666666667,1,2.242796379968867,-0.000995561446288715,-0.0005741267861044928,,,0.0004214346601842222
283,4.716666666666667,2,2.9903951732918226,-0.00015003986855555135,-0.00025103978800981695,,,-0.0001009999194542656
283,4.716666666666667,3,3.7379939666147783,-0.004916712438068127,-0.000778183243299401,,,0.004138529194768726
284,4.733333333333333,1,2.242796379968867,-0.0010719150467485765,-0.0006365030493602163,-0.011040276288986184,-0.010527676343917824,0.0004354119973883602
284,4.733333333333333,2,2.9903951732918226,-6.233163429009345e-05,-0.0002537518288261191,-0.007268732786178567,-0.007415479421615578,-0.00019142019453602564
284,4.733333333333333,3,3.7379939666147783,-0.004831090882694646,-0.0007535070325792052,-0.011893725395202615,-0.010749316215515115,0.004077583850115441
285,4.75,1,2.242796379968867,-0.0011520831354030832,-0.0006435662783969573,,,0.0005085168570061259
285,4.75,2,2.9903951732918226,-2.940007197743849e-05,-0.00026105334727015824,,,-0.00023165327529271973
285,4.75,3,3.7379939666147783,-0.004733130124242322,-0.0007114260689772543,,,0.004021704055265068
286,4.766666666666667,1,2.242796379968867,-0.00122867519415005,-0.0006433278201098524,-0.011135315895080544,-0.010537213087081887,0.0005853473740401976
286,4.766666666666667,2,2.9903951732918226,-8.06003762630871e-05,-0.0002718716188095755,-0.007217025756835915,-0.007427132129669167,-0.0001912712425464884
286,4.766666666666667,3,3.7379939666147783,-0.0046218482955148205,-0.0006804020040816325,-0.011715775728225686,-0.010727322101592995,0.003941446291433188
287,4.783333333333333,1,2.242796379968867,-0.0012990982424369185,-0.0006458610172108256,,,0.0006532372252260929
287,4.783333333333333,2,2.9903951732918226,-6.638474965165098e-05,-0.00027455393677989294,,,-0.00020816918712824196
287,4.783333333333333,3,3.7379939666147783,-0.004496499623285613,-0.0006518513528354008,,,0.0038446482704502126
288,4.8,1,2.242796379968867,-0.0013633816653500614,-0.0006389469090434285,-0.011215960979461648,-0.010543352365493752,0.0007244347563066329
288,4.8,2,2.9903951732918226,-9.39518449034778e-05,-0.00026859349288110916,-0.007220482826232888,-0.0074222147464751975,-0.00017464164797763136
288,4.8,3,3.7379939666147783,-0.004358991773851538,-0.0006207078899164197,-0.01128432750701902,-0.010700678825378396,0.003738283883935118
289,4.816666666666666,1,2.242796379968867,-0.001425787820331576,-0.0005913824181169038,,,0.0008344054022146722
289,4.816666666666666,2,2.9903951732918226,-0.00010527675586308974,-0.00023962553963244402,,,-0.00013434878376935428
289,4.816666666666666,3,3.7379939666147783,-0.004204436858966367,-0.0005917399366677546,,,0.003612696922298613
290,4.833333333333333,1,2.242796379968867,-0.001496568387169296,-0.0006456524506495121,-0.011298543214797951,-0.010552650690078713,0.0008509159365197839
290,4.833333333333333,2,2.9903951732918226,-0.00011716775193486588,-0.0002423078576027614,-0.007234698534011819,-0.007415449619293191,-0.00012514010566789553
290,4.833333333333333,3,3.7379939666147783,-0.004245892460643991,-0.0005616099214689695,-0.011059319972991921,-0.010671561956405617,0.0036842825391750216
291,4.85,1,2.242796379968867,-0.0015658585897126093,-0.0006618052975239661,,,0.0009040532921886432
291,4.85,2,2.9903951732918226,-0.00012372434155141212,-0.00024022168535020643,,,-0.0001164973437987943
291,4.85,3,3.7379939666147783,-0.004048660605318914,-0.0005273372846110592,,,0.0035213233207078546
292,4.866666666666666,1,2.242796379968867,-0.0016268640555770928,-0.0006777196861113149,-0.01137924790382383,-0.010577118396759011,0.0009491443694657779
292,4.866666666666666,2,2.9903951732918226,-0.00012080373417379647,-0.00024305278643025436,-0.007238066196441628,-0.0074176251888274924,-0.0001222490522564579
292,4.866666666666666,3,3.7379939666147783,-0.0038357823736597687,-0.0005005747327585018,-0.010817414522170998,-0.010647064447402932,0.0033352076409012667
293,4.883333333333334,1,2.242796379968867,-0.0016813428235508206,-0.0006915777941719004,,,0.0009897650293789202
293,4.883333333333334,2,2.9903951732918226,-0.000116095027402507,-0.00023417173515385487,,,-0.00011807670775134787
293,4.883333333333334,3,3.7379939666147783,-0.0036108047482473417,-0.00048474968158891376,,,0.003126055066658428
294,4.9,1,2.242796379968867,-0.0017325431278364693,-0.0006922036627356476,-0.011447584629058816,-0.010590916872024514,0.0010403394651008217
294,4.9,2,2.9903951732918226,-0.00010694562611321106,-0.00022841985781638454,-0.0072352945804595725,-0.007411217689514138,-0.00012147423170317349
294,4.9,3,3.7379939666147783,-0.003381594825998414,-0.00045801702146214756,-0.010567343235015847,-0.010624742507934548,0.0029235778045362667
295,4.916666666666667,1,2.242796379968867,-0.0017769485530982738,-0.0006843059985738459,,,0.001092642554524428
295,4.916666666666667,2,2.9903951732918226,-9.058421267744366e-05,-0.00023938708134533902,,,-0.00014880286866789536
295,4.916666666666667,3,3.7379939666147783,-0.0031469018830643336,-0.0004160552870037491,,,0.0027308465960605845
296,4.933333333333334,1,2.242796379968867,-0.0018232911986230957,-0.0006171614139750569,-0.011510407924652077,-0.010593718290328957,0.0012061297846480388
296,4.933333333333334,2,2.9903951732918226,-0.00011195240574338172,-0.0002552121325149269,-0.007249063253402688,-0.007428324222564675,-0.0001432597267715452
296,4.933333333333334,3,3.7379939666147783,-0.0029015391139409516,-0.0004183500258176177,-0.009820675849914529,-0.010632103681564309,0.002483189088123334
297,4.95,1,2.242796379968867,-0.001869842410709231,-0.0006855280128553556,,,0.0011843143978538754
297,4.95,2,2.9903951732918226,-0.00012035670932537801,-0.00027526914276140114,,,-0.00015491243343602313
297,4.95,3,3.7379939666147783,-0.00263963625654628,-0.00042654576283830047,,,0.00221309049370798
298,4.966666666666667,1,2.242796379968867,-0.001907899981795609,-0.0006826074054777397,-0.011571472883224465,-0.010600215196609475,0.0012252925763178693
298,4.966666666666667,2,2.9903951732918226,-0.00012864178376382178,-0.00029583279242807004,-0.007256245613098122,-0.007449811697006203,-0.00016719100866424827
298,4.966666666666667,3,3.7379939666147783,-0.0023727266195214393,-0.00044231119943611213,-0.00957173705101011,-0.01065809130668638,0.0019304154200853272
299,4.983333333333333,1,2.242796379968867,-0.001935854656203885,-0.0006807892454784679,,,0.001255065410725417
299,4.983333333333333,2,2.9903951732918226,-0.00012983390631953986,-0.00031889974746992085,,,-0.000189065841150381
299,4.983333333333333,3,3.7379939666147783,-0.0020999161531695906,-0.00046701730188209947,,,0.001632898851287491
300,5.0,1,2.242796379968867,-0.00196065026494744,-0.0006894022845015844,-0.011616265773773171,-0.010603582859039284,0.0012712479804458555
300,5.0,2,2.9903951732918226,-0.00014330443522367635,-0.0003380030934477819,-0.0072654247283935325,-0.007469987869262673,-0.00019469865822410558
300,5.0,3,3.7379939666147783,-0.0018237679463174988,-0.0004919321397692071,-0.009331887960433938,-0.010692512989044167,0.0013318358065482917
301,5.016666666666667,1,2.242796379968867,-0.001988247083045252,-0.0006857663022626539,,,0.001302480780782598
301,5.016666666666667,2,2.9903951732918226,-0.0001622885520579849,-0.00034649673444753915,,,-0.00018420818238955425
301,5.016666666666667,3,3.7379939666147783,-0.0015438348052369392,-0.0005151779385263865,,,0.0010286568667105527
302,5.033333333333333,1,2.242796379968867,-0.0020174534945810213,-0.0006231218578738407,-0.011667078733444192,-0.010589963197708108,0.0013943316367071806
302,5.033333333333333,2,2.9903951732918226,-0.0001820175977197864,-0.0003457516367402395,-0.007275915145874001,-0.007476872205734231,-0.00016373403902045312
302,5.033333333333333,3,3.7379939666147783,-0.0013013630895249957,-0.0005382746164142222,-0.009122854471206643,-0.01071924567222593,0.0007630884731107735
303,5.05,1,2.242796379968867,-0.00204710642432579,-0.0006804020040816325,,,0.0013667044202441577
303,5.05,2,2.9903951732918226,-0.000204846263354339,-0.0003460497095991207,,,-0.0001412034462447817
303,5.05,3,3.7379939666147783,-0.001067444629384585,-0.0005673319070806486,,,0.0005001127223039365
304,5.066666666666666,1,2.242796379968867,-0.0020853131162815123,-0.0006736069561779812,-0.011726504564285256,-0.010582870244979836,0.0014117061601035311
304,5.066666666666666,2,2.9903951732918226,-0.0002479106140708878,-0.00034688414472418136,-0.007302647829055764,-0.007488018274307229,-9.897353065329358e-05
304,5.066666666666666,3,3.7379939666147783,-0.0008566230160118175,-0.0006017534959280959,-0.008285260200500466,-0.010756260156631448,0.00025486952008372155
305,5.083333333333333,1,2.242796379968867,-0.0021255461970382064,-0.000612422815477976,,,0.0015131233815602304
305,5.083333333333333,2,2.9903951732918226,-0.0002930015224682153,-0.0003601461070670043,,,-6.714458459878897e-05
305,5.083333333333333,3,3.7379939666147783,-0.0006950050409697108,-0.0006430596389767626,,,5.1945401992948117e-05
306,5.1,1,2.242796379968867,-0.002162024235292224,-0.0006500333617159356,-0.011811351776123025,-0.010569190979003884,0.0015119908735762883
306,5.1,2,2.9903951732918226,-0.0003388672514188273,-0.0003780276076431625,-0.007335340976715066,-0.0075129926204681174,-3.9160356224335184e-05
306,5.1,3,3.7379939666147783,-0.0005593150137752944,-0.0006811469329091253,-0.00821060538291929,-0.01079968214035032,-0.00012183191913383087
307,5.116666666666666,1,2.242796379968867,-0.0021977575135985546,-0.0006038099453346663,,,0.0015939475682638883
307,5.116666666666666,2,2.9903951732918226,-0.0003889352166003408,-0.0003970711701694406,,,-8.13595356909981e-06
307,5.116666666666666,3,3.7379939666147783,-0.0004455893253645786,-0.0007181912251551141,,,-0.00027260189979053557
308,5.133333333333334,1,2.242796379968867,-0.002230361280206345,-0.0006659180274572998,-0.011869317293167092,-0.010576850175857522,0.001564443252749045
308,5.133333333333334,2,2.9903951732918226,-0.00044025475002954184,-0.00041861837583051406,-0.007369256019592263,-0.007533168792724587,2.1636374199027783e-05
308,5.133333333333334,3,3.7379939666147783,-0.0003562421125747908,-0.0007580071727891812,-0.008147841691970803,-0.010840421915054299,-0.0004017650602143904
309,5.15,1,2.242796379968867,-0.0022651106647586586,-0.0006855280128553556,,,0.001579582651903303
309,5.15,2,2.9903951732918226,-0.0004979223065139757,-0.0004452318068137278,,,5.269049970024791e-05
309,5.15,3,3.7379939666147783,-0.00028620664344437087,-0.0008025914417663139,,,-0.000516384798321943
310,5.166666666666667,1,2.242796379968867,-0.0023035556461216784,-0.0006947667515624124,-0.011927312612533547,-0.01058993339538572,0.001608788894559266
310,5.166666666666667,2,2.9903951732918226,-0.0005611330048947596,-0.00046910347413465456,-0.007410591840743996,-0.007560408115386941,9.202953076010507e-05
310,5.166666666666667,3,3.7379939666147783,-0.00024522846498037707,-0.0008486659061580461,-0.008131688833236672,-0.010890221595764138,-0.0006034374411776691
311,5.183333333333334,1,2.242796379968867,-0.002338424428697351,-0.0006901174904830926,,,0.0016483069382142584
311,5.183333333333334,2,2.9903951732918226,-0.0006222874227487802,-0.0004848986335784509,,,0.0001373887891703293
311,5.183333333333334,3,3.7379939666147783,-0.0002329199980263605,-0.000892117667151237,,,-0.0006591976691248765
312,5.2,1,2.242796379968867,-0.0023732335967012476,-0.0006707756862181263,-0.011981046199798562,-0.010574972629547097,0.0017024579104831213
312,5.2,2,2.9903951732918226,-0.0006792098815259142,-0.0004903524380570402,-0.007447248697280862,-0.007570689916610696,0.000188857443468874
312,5.2,3,3.7379939666147783,-0.000246539647799841,-0.0009249002774743549,-0.008158689737319924,-0.01092628240585325,-0.000678360629674514
313,5.216666666666667,1,2.242796379968867,-0.0024159105371411543,-0.0006430893618227472,,,0.001772821175318407
313,5.216666666666667,2,2.9903951732918226,-0.0007379204396967222,-0.0004948527471468228,,,0.0002430676925498994
313,5.216666666666667,3,3.7379939666147783,-0.00028692184942587907,-0.0009581297437660841,,,-0.000671207894340205
314,5.233333333333333,1,2.242796379968867,-0.0024660078874090383,-0.0005799978925855158,-0.012047743797302224,-0.010548537969589211,0.0018860099948235225
314,5.233333333333333,2,2.9903951732918226,-0.0008057505074310345,-0.0004943758305726129,-0.0074922502040862815,-0.007581090927124001,0.00031137467685842164
314,5.233333333333333,3,3.7379939666147783,-0.00036217266474778315,-0.0009944588300305648,-0.008233523368835427,-0.010955607891082741,-0.0006322861652827817
315,5.25,1,2.242796379968867,-0.0025201289679521095,-0.000618770669653402,,,0.0019013582982987075
315,5.25,2,2.9903951732918226,-0.0008812993956118199,-0.0004901139797699352,,,0.00039118541584188464
315,5.25,3,3.7379939666147783,-0.0004707723443847758,-0.0010165125062320261,,,-0.0005457401618472503
316,5.266666666666667,1,2.242796379968867,-0.0025718061888119685,-0.0006019622313692163,-0.012118345499038674,-0.010530149936676003,0.0019698439574427525
316,5.266666666666667,2,2.9903951732918226,-0.0009536296035561084,-0.0004813521576370881,-0.007555222511291482,-0.007585263252258279,0.0004722774459190203
316,5.266666666666667,3,3.7379939666147783,-0.000603660993345129,-0.001028522731447355,-0.008373326063156106,-0.010966396331787087,-0.00042486173810222594
317,5.283333333333333,1,2.242796379968867,-0.002616658976681805,-0.0006084293146881947,,,0.0020082296619936104
317,5.283333333333333,2,2.9903951732918226,-0.0010187775221999098,-0.0004800409748176243,,,0.0005387365473822855
317,5.283333333333333,3,3.7379939666147783,-0.0007554442528422229,-0.001036301335345411,,,-0.0002808570825031881
318,5.3,1,2.242796379968867,-0.002657666877991783,-0.0006114691512093629,-0.012172913551330544,-0.01052669286727903,0.0020461977267824203
318,5.3,2,2.9903951732918226,-0.0010787695403441972,-0.0004783422128417115,-0.007605826854705788,-0.007586961984634377,0.0006004273275024856
318,5.3,3,3.7379939666147783,-0.0008737594188806758,-0.0010438710349225397,-0.00853750705718992,-0.010965949296951272,-0.00017011161604186392
319,5.316666666666666,1,2.242796379968867,-0.0026948302305015172,-0.0006143897585869785,,,0.002080440471914539
319,5.316666666666666,2,2.9903951732918226,-0.0011403709830466362,-0.0004808455182168934,,,0.0006595254648297428
319,5.316666666666666,3,3.7379939666147783,-0.0010348408627767962,-0.0010478346439865296,,,-1.2993781209733393e-05
320,5.333333333333333,1,2.242796379968867,-0.0027309505813248778,-0.0006147474460176359,-0.01221719980239866,-0.010529524087905862,0.0021162031353072416
320,5.333333333333333,2,2.9903951732918226,-0.0012069194219276628,-0.0004978925836679911,-0.007666057348251321,-0.007604157924652077,0.0007090268382596717
320,5.333333333333333,3,3.7379939666147783,-0.0011861174828536958,-0.0010424107312337317,-0.00871492028236387,-0.010958141088485696,0.00014370675161996414
321,5.35,1,2.242796379968867,-0.00277169063926138,-0.0006117076094964678,,,0.0021599830297649126
321,5.35,2,2.9903951732918226,-0.0012709647243133145,-0.0005254894017658023,,,0.0007454753225475121
321,5.35,3,3.7379939666147783,-0.0013619215305410602,-0.001036539793632516,,,0.0003253817369085442
322,5.366666666666666,1,2.242796379968867,-0.00279392315917817,-0.0006260424652514563,-0.012245959043502785,-0.010539329051971413,0.0021678806939267135
322,5.366666666666666,2,2.9903951732918226,-0.001340672397738868,-0.0005713254078704296,-0.00773615241050718,-0.007654672861099221,0.0007693469898684385
322,5.366666666666666,3,3.7379939666147783,-0.0015409439207053083,-0.0010293573354522223,-0.00890383720397947,-0.010946875810623147,0.0005115865852530861
323,5.383333333333334,1,2.242796379968867,-0.0028064697466596788,-0.0006432979283840607,,,0.002163171818275618
323,5.383333333333334,2,2.9903951732918226,-0.001407995826052986,-0.0006214230958979281,,,0.0007865727301550579
323,5.383333333333334,3,3.7379939666147783,-0.0017154366166934028,-0.001020267717614509,,,0.0006951688990788937
324,5.4,1,2.242796379968867,-0.0028138606025214785,-0.0006642491572071785,-0.01225624084472654,-0.010563737154006936,0.0021496114453143002
324,5.4,2,2.9903951732918226,-0.0014801174674359606,-0.000674590512172386,-0.00781697630882261,-0.007720535993576028,0.0008055269552635746
324,5.4,3,3.7379939666147783,-0.0019024164544710351,-0.0010077506840991796,-0.009099042415618874,-0.010933077335357644,0.0008946657703718555
325,5.416666666666667,1,2.242796379968867,-0.0028171689579353496,-0.0006889253679273745,,,0.002128243590007975
325,5.416666666666667,2,2.9903951732918226,-0.0015539377019150417,-0.0007274596867081558,,,0.0008264780152068859
325,5.416666666666667,3,3.7379939666147783,-0.002091124777070565,-0.0009994656096607353,,,0.00109165916740983
326,5.433333333333334,1,2.242796379968867,-0.002812191732271357,-0.0007188469854446527,-0.01225314140319822,-0.010598665475845315,0.0020933447468267042
326,5.433333333333334,2,2.9903951732918226,-0.0016248076061705224,-0.0007736533802434405,-0.007903671264648415,-0.007779067754745461,0.000851154225927082
326,5.433333333333334,3,3.7379939666147783,-0.0022708328192501434,-0.0009915382226529496,-0.00930134057998655,-0.010924911499023415,0.0012792945965971938
327,5.45,1,2.242796379968867,-0.002797857045396176,-0.0007475166969546298,,,0.002050340348441546
327,5.45,2,2.9903951732918226,-0.0016966612353002141,-0.0008190124697738577,,,0.0008776487655263565
327,5.45,3,3.7379939666147783,-0.0024397523127362894,-0.0009828059544862802,,,0.0014569463582500093
328,5.466666666666667,1,2.242796379968867,-0.0027803332322506747,-0.0007772891936025641,-0.01223412752151487,-0.01063520312309263,0.0020030440386481106
328,5.466666666666667,2,2.9903951732918226,-0.0017702729032179811,-0.0008623152787775115,-0.007993495464324929,-0.007830834388732888,0.0009079576244404696
328,5.466666666666667,3,3.7379939666147783,-0.002600476069201752,-0.0009789316828400516,-0.009485965967178323,-0.010918325185775735,0.0016215443863617004
329,5.483333333333333,1,2.242796379968867,-0.002756372227511987,-0.0008017271149154618,,,0.0019546451125965255
329,5.483333333333333,2,2.9903951732918226,-0.0018465072745342905,-0.0008979289901806771,,,0.0009485782843536134
329,5.483333333333333,3,3.7379939666147783,-0.002752021039291548,-0.0009688287861619493,,,0.001783192253129599
330,5.5,1,2.242796379968867,-0.0027229039651735392,-0.0008134394361517161,-0.012199556827545144,-0.01065743565559385,0.0019094645290218231
330,5.5,2,2.9903951732918226,-0.0019221455001328367,-0.0009176284818763006,-0.008089190721511819,-0.007857745885848977,0.0010045170182565362
330,5.5,3,3.7379939666147783,-0.002903238044796671,-0.0009564309817901716,-0.009664899110794045,-0.010905241966247536,0.0019468070630064994
331,5.516666666666667,1,2.242796379968867,-0.002676144355405897,-0.0008165985018164367,,,0.0018595458535894604
331,5.516666666666667,2,2.9903951732918226,-0.001995429203465932,-0.00092835724711815,,,0.001067071956347782
331,5.516666666666667,3,3.7379939666147783,-0.003047123640131964,-0.0009384304209502676,,,0.0021086932191816963
332,5.533333333333333,1,2.242796379968867,-0.002629205395283506,-0.0008224398854514746,-0.012146478891372658,-0.010673290491104104,0.0018067655098320313
332,5.533333333333333,2,2.9903951732918226,-0.002073630517891243,-0.0009217412118096343,-0.008187806606292702,-0.007848626375198342,0.0011518893060816085
332,5.533333333333333,3,3.7379939666147783,-0.0031934826491166464,-0.0009302645756553763,-0.01053277254104612,-0.010888880491256692,0.00226321807346127
333,5.55,1,2.242796379968867,-0.002585187718057957,-0.0008348375209434457,,,0.0017503501971145113
333,5.55,2,2.9903951732918226,-0.00215204073663748,-0.0009088962137096316,,,0.0012431445229278487
333,5.55,3,3.7379939666147783,-0.0033275931434787027,-0.0009165555884641347,,,0.0024110375550145677
334,5.566666666666666,1,2.242796379968867,-0.0025338680157489493,-0.0008486956290040309,-0.012094652652740456,-0.0107013940811157,0.0016851723867449184
334,5.566666666666666,2,2.9903951732918226,-0.002228185432776415,-0.0008935480791142534,-0.008291846513748147,-0.00781593322753904,0.0013346373536621617
334,5.566666666666666,3,3.7379939666147783,-0.0034445969578178848,-0.0008996277521565899,-0.010682111978530862,-0.010877048969268777,0.0025449692056612946
335,5.583333333333333,1,2.242796379968867,-0.002476856050674248,-0.0008629411473412587,,,0.0016139149033329895
335,5.583333333333333,2,2.9903951732918226,-0.002305999505804892,-0.0008616894102137643,,,0.0014443100955911275
335,5.583333333333333,3,3.7379939666147783,-0.0035550147974541496,-0.0008901804468882195,,,0.00266483435056593
336,5.6,1,2.242796379968867,-0.0024199335918971133,-0.0008736102980113319,-0.012034124135971047,-0.010728901624679543,0.0015463232938857814
336,5.6,2,2.9903951732918226,-0.002385899244446501,-0.0008223206563079222,-0.008399492502212502,-0.007758355140686013,0.001563578588138579
336,5.6,3,3.7379939666147783,-0.003652378734669484,-0.0008861572232524535,-0.01081544756889341,-0.010866320133209206,0.0027662215114170304
337,5.616666666666666,1,2.242796379968867,-0.002363279652012682,-0.0008788258130826227,,,0.0014844538389300593
337,5.616666666666666,2,2.9903951732918226,-0.0024623425200837362,-0.0007671266823526856,,,0.0016952158377310507
337,5.616666666666666,3,3.7379939666147783,-0.003740414933519615,-0.0008725076817531815,,,0.0028679072517664335
338,5.633333333333334,1,2.242796379968867,-0.0022995621453318973,-0.0008787065839390702,-0.01196891665458677,-0.010740077495574929,0.0014208555613928271
338,5.633333333333334,2,2.9903951732918226,-0.0025320203017834995,-0.0007070451579108308,-0.00850141644477842,-0.007680720090866067,0.0018249751438726687
338,5.633333333333334,3,3.7379939666147783,-0.003817662414796506,-0.0008648484758784849,-0.010911947488784768,-0.01085618734359739,0.002952813938918021
339,5.65,1,2.242796379968867,-0.002230867581866926,-0.0008995384147388291,,,0.0013313291671280968
339,5.65,2,2.9903951732918226,-0.0025986879698080786,-0.000641957022718612,,,0.0019567309470894666
339,5.65,3,3.7379939666147783,-0.0038859693991050285,-0.0008495300641290916,,,0.003036439334975937
340,5.666666666666667,1,2.242796379968867,-0.002161875452182493,-0.000922009392942724,-0.011894351243972756,-0.010762369632720925,0.001239866059239769
340,5.666666666666667,2,2.9903951732918226,-0.002663954948715626,-0.0005832462956679972,-0.008589333295822121,-0.007591849565505959,0.0020807086530476287
340,5.666666666666667,3,3.7379939666147783,-0.00395746550968387,-0.000836804464052448,-0.01100916266441343,-0.01083911061286924,0.003120661045631422
341,5.683333333333334,1,2.242796379968867,-0.0021003930697438005,-0.0009584874311967418,,,0.0011419056385470587
341,5.683333333333334,2,2.9903951732918226,-0.0027232917132097947,-0.0005161316027949999,,,0.002207160110414795
341,5.683333333333334,3,3.7379939666147783,-0.0040218982223461635,-0.0008057802302770193,,,0.003216117992069144
342,5.7,1,2.242796379968867,-0.00204806025747421,-0.000992432272349786,-0.011834806203842141,-0.010806477069854714,0.0010556279851244238
342,5.7,2,2.9903951732918226,-0.002776578189747998,-0.0004441589134015622,-0.008668637275695779,-0.00751761198043821,0.002332419276346436
342,5.7,3,3.7379939666147783,-0.004082098807051763,-0.0007845908809264101,-0.011094725131988503,-0.010819649696350075,0.0032975079261253534
343,5.716666666666667,1,2.242796379968867,-0.0019963830366143518,-0.0010218470815670628,,,0.000974535955047289
343,5.716666666666667,2,2.9903951732918226,-0.0028304011974321884,-0.0003754645188163976,,,0.0024549366786157907
343,5.716666666666667,3,3.7379939666147783,-0.004139617242666854,-0.0007653981975307882,,,0.0033742190451360654
344,5.733333333333333,1,2.242796379968867,-0.0019476563148578996,-0.0010432154435128078,-0.0117808938026428,-0.010837978124618508,0.0009044408713450918
344,5.733333333333333,2,2.9903951732918226,-0.002881273537133164,-0.0003040879751407223,-0.008742368221282937,-0.007461196184158303,0.002577185561992442
344,5.733333333333333,3,3.7379939666147783,-0.004194840601708459,-0.0007432849067575504,-0.011175161600112893,-0.010800695419311501,0.0034515556949509087
345,5.75,1,2.242796379968867,-0.0019043535058542462,-0.001057341732706483,,,0.0008470117731477632
345,5.75,2,2.9903951732918226,-0.0029283315575193004,-0.00023709234253147053,,,0.00269123921498783
345,5.75,3,3.7379939666147783,-0.004239455100170996,-0.0007108300921392988,,,0.0035286250080316973
346,5.766666666666667,1,2.242796379968867,-0.001871183654134293,-0.001057252226408915,-0.011739557981491067,-0.010849362611770608,0.0008139314277253781
346,5.766666666666667,2,2.9903951732918226,-0.002972915826496434,-0.00017143778446747409,-0.008805221319198586,-0.0074450135231017844,0.0028014780420289598
346,5.766666666666667,3,3.7379939666147783,-0.004285141647646668,-0.0006835610697463531,-0.011249577999114968,-0.010782188177108742,0.0036015805779003153
347,5.783333333333333,1,2.242796379968867,-0.0018485635550610537,-0.0010551363313103758,,,0.0007934272237506779
347,5.783333333333333,2,2.9903951732918226,-0.003018423868016388,-0.0001459867531939938,,,0.002872437114822394
347,5.783333333333333,3,3.7379939666147783,-0.004326001103606529,-0.0006615668392368611,,,0.003664434264369668
348,5.8,1,2.242796379968867,-0.0018359272924021713,-0.0010524541822198646,-0.011718904972076394,-0.010853892564773537,0.0007834731101823067
348,5.8,2,2.9903951732918226,-0.0030620544727249085,-0.00013907247614679009,-0.008866882324218728,-0.007448619604110696,0.0029229819965781185
348,5.8,3,3.7379939666147783,-0.004360541414958109,-0.0006460994754979308,-0.011311298608779885,-0.01077160835266111,0.003714441939460178
349,5.816666666666666,1,2.242796379968867,-0.0018347054470004682,-0.0010426490206410298,,,0.0007920564263594384
349,5.816666666666666,2,2.9903951732918226,-0.0031010954309258843,-0.000159636125813459,,,0.0029414593051124253
349,5.816666666666666,3,3.7379939666147783,-0.004389599212263954,-0.0006408841293064464,,,0.0037487150829575077
350,5.833333333333333,1,2.242796379968867,-0.001845762007947184,-0.0010293573354522223,-0.011720812320709206,-0.010846382379531838,0.0008164046724949618
350,5.833333333333333,2,2.9903951732918226,-0.0031359642135015565,-0.0002009719917081102,-0.008917218446731545,-0.00748101472854612,0.0029349922217934464
350,5.833333333333333,3,3.7379939666147783,-0.004413083469308236,-0.0006117076094964678,-0.011348015069961526,-0.010761624574661233,0.0038013758598117687
351,5.85,1,2.242796379968867,-0.0018662064284703005,-0.0009626001611300757,,,0.0009036062673402248
351,5.85,2,2.9903951732918226,-0.0031680910635351355,-0.0002511590171533694,,,0.002916932046381766
351,5.85,3,3.7379939666147783,-0.004429474774469795,-0.0005918890575370987,,,0.003837585716932696
352,5.866666666666666,1,2.242796379968867,-0.0018972009393997441,-0.0010722725652994275,-0.011741495132446267,-0.010863518714904763,0.0008249283741003166
352,5.866666666666666,2,2.9903951732918226,-0.003194734386244141,-0.0003077237884998462,-0.008953905105590798,-0.00752446651458738,0.002887010597744295
352,5.866666666666666,3,3.7379939666147783,-0.00444374950901359,-0.0005605370280568039,-0.011368697881698586,-0.01073152422904966,0.003883212480956786
353,5.883333333333334,1,2.242796379968867,-0.0019411890626591147,-0.0010907799344393328,,,0.0008504091282197819
353,5.883333333333334,2,2.9903951732918226,-0.003217712172748037,-0.0003648549827181006,,,0.0028528571900299365
353,5.883333333333334,3,3.7379939666147783,-0.004455998699155443,-0.0005338638136220073,,,0.0039221348855334355
354,5.9,1,2.242796379968867,-0.0019941180206464676,-0.0010989158880084326,-0.011784350872039773,-0.010872310400009133,0.000895202132638035
354,5.9,2,2.9903951732918226,-0.0032393186552212737,-0.0004190951235249173,-0.008979386091232278,-0.007557845115661599,0.0028202235316963564
354,5.9,3,3.7379939666147783,-0.004465862799786826,-0.0005254000643480415,-0.011374151706695534,-0.010723298788070657,0.003940462735438785
355,5.916666666666667,1,2.242796379968867,-0.0020608456410024364,-0.001093462083529843,,,0.0009673835574725933
355,5.916666666666667,2,2.9903951732918226,-0.0032633097205655597,-0.0004651695879166494,,,0.0027981401326489103
355,5.916666666666667,3,3.7379939666147783,-0.004474118658018706,-0.0005121381020052186,,,0.003961980556013487
356,5.933333333333334,1,2.242796379968867,-0.0021389277262841956,-0.0010804384105943185,-0.01185098886489866,-0.010856992006301858,0.0010584893156898771
356,5.933333333333334,2,2.9903951732918226,-0.0032845885762137366,-0.0004972964379502285,-0.009005284309387185,-0.007569497823715188,0.002787292138263508
356,5.933333333333334,3,3.7379939666147783,-0.004480794307898998,-0.000503107929859475,-0.01137123107910154,-0.010711795091629006,0.003977686378039523
357,5.95,1,2.242796379968867,-0.00222863262650464,-0.0010580866615339758,,,0.0011705459649706644
357,5.95,2,2.9903951732918226,-0.003301814316500356,-0.0005251318832149518,,,0.002776682433285404
357,5.95,3,3.7379939666147783,-0.004481896586397534,-0.0004920810917587444,,,0.003989815494638789
358,5.966666666666667,1,2.242796379968867,-0.0023255794305973476,-0.0010268241383512488,-0.011935746669769265,-0.01082942485809324,0.0012987552922460988
358,5.966666666666667,2,2.9903951732918226,-0.003315582918263374,-0.0005548150424451251,-0.00902253985404966,-0.00758511424064634,0.0027607678758182486
358,5.966666666666667,3,3.7379939666147783,-0.004484101818913835,-0.0004530102418319768,-0.011358535289764382,-0.010690575838088967,0.0040310915770818585
359,5.983333333333333,1,2.242796379968867,-0.002431109719746995,-0.0008973032904967366,,,0.0015338064292502584
359,5.983333333333333,2,2.9903951732918226,-0.003330632979999871,-0.000582143679409847,,,0.002748489300590024
359,5.983333333333333,3,3.7379939666147783,-0.004481419669823326,-0.00044290717627406775,,,0.004038512493549258
360,6.0,1,2.242796379968867,-0.0025549977505277825,-0.0009883791569882286,-0.012043154239654519,-0.010810440778732278,0.001566618593539554
360,6.0,2,2.9903951732918226,-0.0033475606474276088,-0.0006092637498132554,-0.009039199352264382,-0.007603442668914773,0.0027382968976143534
360,6.0,3,3.7379939666147783,-0.004473760970588048,-0.000417515590692557,-0.011339581012725808,-0.010671025514602639,0.004056245379895491
